[2025-09-25 07:16:08] INFO: Database connection established {"driver":"mysql","host":"db","database":"block_cms","connection_time":"5.73ms"}
[2025-09-25 07:16:08] INFO: Database connection established {"driver":"mysql","host":"db","database":"block_cms","connection_time":"0.54ms"}
[2025-09-25 07:16:14] INFO: Database connection established {"driver":"mysql","host":"db","database":"block_cms","connection_time":"1.8ms"}
[2025-09-25 07:16:29] INFO: Database connection established {"driver":"mysql","host":"db","database":"block_cms","connection_time":"0.79ms"}
[2025-09-25 07:20:59] INFO: Database connection established {"driver":"mysql","host":"db","database":"block_cms","connection_time":"1.54ms"}
[2025-09-25 07:25:47] INFO: Database connection established {"driver":"mysql","host":"db","database":"block_cms","connection_time":"1.78ms"}
[2025-09-25 07:26:48] INFO: Database connection established {"driver":"mysql","host":"db","database":"block_cms","connection_time":"0.71ms"}
[2025-09-25 07:27:06] INFO: Database connection established {"driver":"mysql","host":"db","database":"block_cms","connection_time":"0.72ms"}
[2025-09-25 07:27:26] INFO: Database connection established {"driver":"mysql","host":"db","database":"block_cms","connection_time":"0.75ms"}
[2025-09-25 07:27:34] INFO: Database connection established {"driver":"mysql","host":"db","database":"block_cms","connection_time":"0.75ms"}
[2025-09-25 07:27:55] INFO: Database connection established {"driver":"mysql","host":"db","database":"block_cms","connection_time":"0.6ms"}
[2025-09-25 07:28:12] INFO: Database connection established {"driver":"mysql","host":"db","database":"block_cms","connection_time":"0.91ms"}
[2025-09-25 07:33:42] INFO: Database connection established {"driver":"mysql","host":"db","database":"block_cms","connection_time":"1.43ms"}
[2025-09-25 07:34:04] INFO: Database connection established {"driver":"mysql","host":"db","database":"block_cms","connection_time":"0.86ms"}
[2025-09-25 07:35:24] INFO: Database connection established {"driver":"mysql","host":"db","database":"block_cms","connection_time":"0.72ms"}
[2025-09-25 07:36:09] INFO: Database connection established {"driver":"mysql","host":"db","database":"block_cms","connection_time":"0.86ms"}
[2025-09-25 07:36:09] INFO: Database connection established {"driver":"mysql","host":"db","database":"block_cms","connection_time":"1.44ms"}
[2025-09-25 07:36:10] INFO: Database connection established {"driver":"mysql","host":"db","database":"block_cms","connection_time":"2.31ms"}
[2025-09-25 07:36:10] INFO: Database connection established {"driver":"mysql","host":"db","database":"block_cms","connection_time":"1.17ms"}
[2025-09-25 07:36:10] INFO: Database connection established {"driver":"mysql","host":"db","database":"block_cms","connection_time":"1.11ms"}
[2025-09-25 07:36:10] INFO: Database connection established {"driver":"mysql","host":"db","database":"block_cms","connection_time":"1.05ms"}
[2025-09-25 07:36:35] INFO: Database connection established {"driver":"mysql","host":"db","database":"block_cms","connection_time":"0.82ms"}
[2025-09-25 07:37:02] INFO: Database connection established {"driver":"mysql","host":"db","database":"block_cms","connection_time":"0.66ms"}
[2025-09-25 07:37:03] INFO: Database connection established {"driver":"mysql","host":"db","database":"block_cms","connection_time":"2.5ms"}
[2025-09-25 07:37:10] INFO: Database connection established {"driver":"mysql","host":"db","database":"block_cms","connection_time":"1.03ms"}
[2025-09-25 07:55:25] INFO: Database connection established {"driver":"mysql","host":"db","database":"block_cms","connection_time":"1.12ms"}
[2025-09-25 07:55:47] INFO: Database connection established {"driver":"mysql","host":"db","database":"block_cms","connection_time":"0.71ms"}
[2025-09-25 07:55:48] INFO: Database connection established {"driver":"mysql","host":"db","database":"block_cms","connection_time":"1.55ms"}
[2025-09-25 07:55:49] INFO: Database connection established {"driver":"mysql","host":"db","database":"block_cms","connection_time":"1.34ms"}
[2025-09-25 07:55:49] INFO: Database connection established {"driver":"mysql","host":"db","database":"block_cms","connection_time":"1.9ms"}
[2025-09-25 07:55:49] INFO: Database connection established {"driver":"mysql","host":"db","database":"block_cms","connection_time":"1.7ms"}
[2025-09-25 07:55:49] INFO: Database connection established {"driver":"mysql","host":"db","database":"block_cms","connection_time":"1.89ms"}
[2025-09-25 07:55:50] INFO: Database connection established {"driver":"mysql","host":"db","database":"block_cms","connection_time":"1.71ms"}
[2025-09-25 07:55:50] INFO: Database connection established {"driver":"mysql","host":"db","database":"block_cms","connection_time":"1.7ms"}
[2025-09-25 07:55:50] INFO: Database connection established {"driver":"mysql","host":"db","database":"block_cms","connection_time":"1.87ms"}
[2025-09-25 07:55:50] INFO: Database connection established {"driver":"mysql","host":"db","database":"block_cms","connection_time":"1.87ms"}
[2025-09-25 07:55:50] INFO: Database connection established {"driver":"mysql","host":"db","database":"block_cms","connection_time":"1.81ms"}
[2025-09-25 07:56:44] INFO: Database connection established {"driver":"mysql","host":"db","database":"block_cms","connection_time":"0.96ms"}
[2025-09-25 07:57:07] INFO: Database connection established {"driver":"mysql","host":"db","database":"block_cms","connection_time":"0.82ms"}
[2025-09-25 07:57:43] INFO: Database connection established {"driver":"mysql","host":"db","database":"block_cms","connection_time":"1.29ms"}
[2025-09-25 07:58:17] INFO: Database connection established {"driver":"mysql","host":"db","database":"block_cms","connection_time":"0.69ms"}
[2025-09-25 08:00:55] INFO: Database connection established {"driver":"mysql","host":"db","database":"block_cms","connection_time":"0.57ms"}
[2025-09-25 08:00:55] INFO: Database connection established {"driver":"mysql","host":"db","database":"block_cms","connection_time":"1.61ms"}
[2025-09-25 08:00:55] INFO: Database connection established {"driver":"mysql","host":"db","database":"block_cms","connection_time":"2.04ms"}
[2025-09-25 08:00:56] INFO: Database connection established {"driver":"mysql","host":"db","database":"block_cms","connection_time":"0.95ms"}
[2025-09-25 08:00:56] INFO: Database connection established {"driver":"mysql","host":"db","database":"block_cms","connection_time":"0.99ms"}
[2025-09-25 08:00:56] INFO: Database connection established {"driver":"mysql","host":"db","database":"block_cms","connection_time":"1.43ms"}
[2025-09-25 08:00:56] INFO: Database connection established {"driver":"mysql","host":"db","database":"block_cms","connection_time":"1.74ms"}
[2025-09-25 08:01:17] INFO: Database connection established {"driver":"mysql","host":"db","database":"block_cms","connection_time":"0.9ms"}
[2025-09-25 08:01:25] INFO: Database connection established {"driver":"mysql","host":"db","database":"block_cms","connection_time":"0.71ms"}
[2025-09-25 08:01:26] INFO: Database connection established {"driver":"mysql","host":"db","database":"block_cms","connection_time":"2.02ms"}
[2025-09-25 08:01:33] INFO: Database connection established {"driver":"mysql","host":"db","database":"block_cms","connection_time":"0.77ms"}
[2025-09-25 08:02:07] INFO: Database connection established {"driver":"mysql","host":"db","database":"block_cms","connection_time":"0.72ms"}
[2025-09-25 08:02:28] INFO: Database connection established {"driver":"mysql","host":"db","database":"block_cms","connection_time":"1.42ms"}
[2025-09-25 08:02:29] INFO: Database connection established {"driver":"mysql","host":"db","database":"block_cms","connection_time":"1.65ms"}
[2025-09-25 08:02:29] INFO: Database connection established {"driver":"mysql","host":"db","database":"block_cms","connection_time":"1.6ms"}
[2025-09-25 08:02:38] INFO: Database connection established {"driver":"mysql","host":"db","database":"block_cms","connection_time":"0.98ms"}
[2025-09-25 08:31:25] INFO: Database connection established {"driver":"mysql","host":"127.0.0.1","database":"block_cms","connection_time":"4ms"}
[2025-09-25 08:31:25] INFO: Database connection established {"driver":"mysql","host":"127.0.0.1","database":"block_cms","connection_time":"1.55ms"}
[2025-09-25 08:31:34] INFO: Database connection established {"driver":"mysql","host":"127.0.0.1","database":"block_cms","connection_time":"3.81ms"}
[2025-09-25 08:31:34] INFO: Database connection established {"driver":"mysql","host":"127.0.0.1","database":"block_cms","connection_time":"1.57ms"}
[2025-09-25 08:31:34] DEBUG: Record inserted {"table":"blocks","insert_id":55,"data_keys":["page_id","type","data","order","created_at","updated_at"]}
[2025-09-25 08:31:34] DEBUG: Record inserted {"table":"blocks","insert_id":56,"data_keys":["page_id","type","data","order","created_at","updated_at"]}
[2025-09-25 08:32:18] INFO: Database connection established {"driver":"mysql","host":"127.0.0.1","database":"block_cms","connection_time":"3.94ms"}
[2025-09-25 08:32:18] INFO: Database connection established {"driver":"mysql","host":"127.0.0.1","database":"block_cms","connection_time":"1.9ms"}
[2025-09-25 08:33:07] INFO: Database connection established {"driver":"mysql","host":"127.0.0.1","database":"block_cms","connection_time":"3.79ms"}
[2025-09-25 08:33:07] INFO: Database connection established {"driver":"mysql","host":"127.0.0.1","database":"block_cms","connection_time":"1.41ms"}
[2025-09-25 08:33:07] DEBUG: Record inserted {"table":"blocks","insert_id":57,"data_keys":["page_id","type","data","order","created_at","updated_at"]}
[2025-09-25 08:34:10] INFO: Database connection established {"driver":"mysql","host":"127.0.0.1","database":"block_cms","connection_time":"3.33ms"}
[2025-09-25 08:34:10] INFO: Database connection established {"driver":"mysql","host":"127.0.0.1","database":"block_cms","connection_time":"1.21ms"}
[2025-09-25 08:34:42] INFO: Database connection established {"driver":"mysql","host":"127.0.0.1","database":"block_cms","connection_time":"3.99ms"}
[2025-09-25 08:34:42] INFO: Database connection established {"driver":"mysql","host":"127.0.0.1","database":"block_cms","connection_time":"1.28ms"}
[2025-09-25 08:34:57] INFO: Database connection established {"driver":"mysql","host":"127.0.0.1","database":"block_cms","connection_time":"3.71ms"}
[2025-09-25 08:34:57] INFO: Database connection established {"driver":"mysql","host":"127.0.0.1","database":"block_cms","connection_time":"1.25ms"}
[2025-09-25 08:34:57] DEBUG: Record inserted {"table":"blocks","insert_id":58,"data_keys":["page_id","type","data","order","created_at","updated_at"]}
[2025-09-25 08:34:57] DEBUG: Record inserted {"table":"blocks","insert_id":59,"data_keys":["page_id","type","data","order","created_at","updated_at"]}
[2025-09-25 08:34:57] DEBUG: Record inserted {"table":"blocks","insert_id":60,"data_keys":["page_id","type","data","order","created_at","updated_at"]}
[2025-09-25 08:34:57] DEBUG: Record inserted {"table":"blocks","insert_id":61,"data_keys":["page_id","type","data","order","created_at","updated_at"]}
[2025-09-25 08:34:57] DEBUG: Record inserted {"table":"blocks","insert_id":62,"data_keys":["page_id","type","data","order","created_at","updated_at"]}
[2025-09-25 08:34:57] DEBUG: Record inserted {"table":"blocks","insert_id":63,"data_keys":["page_id","type","data","order","created_at","updated_at"]}
[2025-09-25 08:34:57] DEBUG: Record inserted {"table":"blocks","insert_id":64,"data_keys":["page_id","type","data","order","created_at","updated_at"]}
[2025-09-25 08:34:57] DEBUG: Record inserted {"table":"blocks","insert_id":65,"data_keys":["page_id","type","data","order","created_at","updated_at"]}
[2025-09-25 08:37:27] INFO: Database connection established {"driver":"mysql","host":"db","database":"block_cms","connection_time":"0.79ms"}
[2025-09-25 08:38:23] INFO: Database connection established {"driver":"mysql","host":"db","database":"block_cms","connection_time":"0.67ms"}
[2025-09-25 08:39:09] INFO: Database connection established {"driver":"mysql","host":"db","database":"block_cms","connection_time":"0.79ms"}
[2025-09-25 08:39:09] INFO: Database connection established {"driver":"mysql","host":"db","database":"block_cms","connection_time":"2.96ms"}
[2025-09-25 08:39:10] INFO: Database connection established {"driver":"mysql","host":"db","database":"block_cms","connection_time":"1.53ms"}
[2025-09-25 08:39:10] INFO: Database connection established {"driver":"mysql","host":"db","database":"block_cms","connection_time":"0.61ms"}
[2025-09-25 08:39:10] INFO: Database connection established {"driver":"mysql","host":"db","database":"block_cms","connection_time":"0.79ms"}
[2025-09-25 08:39:11] INFO: Database connection established {"driver":"mysql","host":"db","database":"block_cms","connection_time":"1.66ms"}
[2025-09-25 08:39:11] INFO: Database connection established {"driver":"mysql","host":"db","database":"block_cms","connection_time":"1.5ms"}
[2025-09-25 08:39:11] INFO: Database connection established {"driver":"mysql","host":"db","database":"block_cms","connection_time":"1.41ms"}
[2025-09-25 08:39:11] INFO: Database connection established {"driver":"mysql","host":"db","database":"block_cms","connection_time":"1.18ms"}
[2025-09-25 08:39:11] INFO: Database connection established {"driver":"mysql","host":"db","database":"block_cms","connection_time":"1.22ms"}
[2025-09-25 08:39:12] INFO: Database connection established {"driver":"mysql","host":"db","database":"block_cms","connection_time":"1.7ms"}
[2025-09-25 08:39:29] INFO: Database connection established {"driver":"mysql","host":"db","database":"block_cms","connection_time":"0.83ms"}
[2025-09-25 08:39:30] INFO: Database connection established {"driver":"mysql","host":"db","database":"block_cms","connection_time":"1.72ms"}
[2025-09-25 08:39:30] INFO: Database connection established {"driver":"mysql","host":"db","database":"block_cms","connection_time":"1.73ms"}
[2025-09-25 08:39:30] INFO: Database connection established {"driver":"mysql","host":"db","database":"block_cms","connection_time":"1.51ms"}
[2025-09-25 08:39:31] INFO: Database connection established {"driver":"mysql","host":"db","database":"block_cms","connection_time":"1.23ms"}
[2025-09-25 08:39:31] INFO: Database connection established {"driver":"mysql","host":"db","database":"block_cms","connection_time":"1.08ms"}
[2025-09-25 08:39:31] INFO: Database connection established {"driver":"mysql","host":"db","database":"block_cms","connection_time":"1.01ms"}
[2025-09-25 08:39:32] INFO: Database connection established {"driver":"mysql","host":"db","database":"block_cms","connection_time":"1.62ms"}
[2025-09-25 08:39:32] INFO: Database connection established {"driver":"mysql","host":"db","database":"block_cms","connection_time":"1.14ms"}
[2025-09-25 08:39:32] INFO: Database connection established {"driver":"mysql","host":"db","database":"block_cms","connection_time":"1.18ms"}
[2025-09-25 08:39:32] INFO: Database connection established {"driver":"mysql","host":"db","database":"block_cms","connection_time":"1.21ms"}
[2025-09-25 08:40:04] INFO: Database connection established {"driver":"mysql","host":"db","database":"block_cms","connection_time":"0.89ms"}
[2025-09-25 08:40:22] INFO: Database connection established {"driver":"mysql","host":"db","database":"block_cms","connection_time":"0.77ms"}
[2025-09-25 08:40:24] INFO: Database connection established {"driver":"mysql","host":"db","database":"block_cms","connection_time":"1.91ms"}
[2025-09-25 08:40:25] INFO: Database connection established {"driver":"mysql","host":"db","database":"block_cms","connection_time":"0.92ms"}
[2025-09-25 08:40:25] INFO: Database connection established {"driver":"mysql","host":"db","database":"block_cms","connection_time":"1.25ms"}
[2025-09-25 08:40:25] INFO: Database connection established {"driver":"mysql","host":"db","database":"block_cms","connection_time":"1.43ms"}
[2025-09-25 08:40:25] INFO: Database connection established {"driver":"mysql","host":"db","database":"block_cms","connection_time":"1.29ms"}
[2025-09-25 08:40:25] INFO: Database connection established {"driver":"mysql","host":"db","database":"block_cms","connection_time":"0.98ms"}
[2025-09-25 08:40:25] INFO: Database connection established {"driver":"mysql","host":"db","database":"block_cms","connection_time":"1.18ms"}
[2025-09-25 08:40:26] INFO: Database connection established {"driver":"mysql","host":"db","database":"block_cms","connection_time":"1.1ms"}
[2025-09-25 08:40:26] INFO: Database connection established {"driver":"mysql","host":"db","database":"block_cms","connection_time":"0.83ms"}
[2025-09-25 08:40:48] INFO: Database connection established {"driver":"mysql","host":"db","database":"block_cms","connection_time":"0.83ms"}
[2025-09-25 08:41:24] INFO: Database connection established {"driver":"mysql","host":"db","database":"block_cms","connection_time":"0.7ms"}
[2025-09-25 08:41:40] INFO: Database connection established {"driver":"mysql","host":"db","database":"block_cms","connection_time":"0.86ms"}
[2025-09-25 08:41:41] INFO: Database connection established {"driver":"mysql","host":"db","database":"block_cms","connection_time":"1.73ms"}
[2025-09-25 08:41:41] INFO: Database connection established {"driver":"mysql","host":"db","database":"block_cms","connection_time":"1.52ms"}
[2025-09-25 08:41:41] INFO: Database connection established {"driver":"mysql","host":"db","database":"block_cms","connection_time":"1.59ms"}
[2025-09-25 08:41:41] INFO: Database connection established {"driver":"mysql","host":"db","database":"block_cms","connection_time":"1.43ms"}
[2025-09-25 08:41:41] INFO: Database connection established {"driver":"mysql","host":"db","database":"block_cms","connection_time":"0.98ms"}
[2025-09-25 08:42:03] INFO: Database connection established {"driver":"mysql","host":"db","database":"block_cms","connection_time":"1.01ms"}
[2025-09-25 08:42:04] INFO: Database connection established {"driver":"mysql","host":"db","database":"block_cms","connection_time":"1.35ms"}
[2025-09-25 08:42:10] INFO: Database connection established {"driver":"mysql","host":"db","database":"block_cms","connection_time":"0.82ms"}
[2025-09-25 08:42:24] INFO: Database connection established {"driver":"mysql","host":"db","database":"block_cms","connection_time":"1.11ms"}
[2025-09-25 08:43:16] INFO: Database connection established {"driver":"mysql","host":"db","database":"block_cms","connection_time":"0.74ms"}
[2025-09-25 08:43:16] INFO: Database connection established {"driver":"mysql","host":"db","database":"block_cms","connection_time":"1.07ms"}
[2025-09-25 08:44:29] INFO: Database connection established {"driver":"mysql","host":"db","database":"block_cms","connection_time":"0.82ms"}
[2025-09-25 08:44:30] INFO: Database connection established {"driver":"mysql","host":"db","database":"block_cms","connection_time":"1.26ms"}
[2025-09-25 08:44:30] INFO: Database connection established {"driver":"mysql","host":"db","database":"block_cms","connection_time":"1.27ms"}
[2025-09-25 08:44:30] INFO: Database connection established {"driver":"mysql","host":"db","database":"block_cms","connection_time":"1.15ms"}
[2025-09-25 08:44:30] INFO: Database connection established {"driver":"mysql","host":"db","database":"block_cms","connection_time":"0.97ms"}
[2025-09-25 08:44:30] INFO: Database connection established {"driver":"mysql","host":"db","database":"block_cms","connection_time":"1.22ms"}
[2025-09-25 08:44:31] INFO: Database connection established {"driver":"mysql","host":"db","database":"block_cms","connection_time":"0.98ms"}
[2025-09-25 08:44:31] INFO: Database connection established {"driver":"mysql","host":"db","database":"block_cms","connection_time":"1ms"}
[2025-09-25 08:44:31] INFO: Database connection established {"driver":"mysql","host":"db","database":"block_cms","connection_time":"1.37ms"}
[2025-09-25 08:44:31] INFO: Database connection established {"driver":"mysql","host":"db","database":"block_cms","connection_time":"1.19ms"}
[2025-09-25 08:44:31] INFO: Database connection established {"driver":"mysql","host":"db","database":"block_cms","connection_time":"1.33ms"}
[2025-09-25 08:44:37] INFO: Database connection established {"driver":"mysql","host":"db","database":"block_cms","connection_time":"0.84ms"}
[2025-09-25 08:44:37] INFO: Database connection established {"driver":"mysql","host":"db","database":"block_cms","connection_time":"1.2ms"}
[2025-09-25 08:44:37] INFO: Database connection established {"driver":"mysql","host":"db","database":"block_cms","connection_time":"0.7ms"}
[2025-09-25 08:44:37] INFO: Database connection established {"driver":"mysql","host":"db","database":"block_cms","connection_time":"1.32ms"}
[2025-09-25 08:44:37] INFO: Database connection established {"driver":"mysql","host":"db","database":"block_cms","connection_time":"0.94ms"}
[2025-09-25 08:44:38] INFO: Database connection established {"driver":"mysql","host":"db","database":"block_cms","connection_time":"1ms"}
[2025-09-25 08:44:38] INFO: Database connection established {"driver":"mysql","host":"db","database":"block_cms","connection_time":"0.96ms"}
[2025-09-25 08:44:56] INFO: Database connection established {"driver":"mysql","host":"db","database":"block_cms","connection_time":"0.75ms"}
[2025-09-25 08:45:27] INFO: Database connection established {"driver":"mysql","host":"db","database":"block_cms","connection_time":"0.63ms"}
[2025-09-25 08:45:44] INFO: Database connection established {"driver":"mysql","host":"db","database":"block_cms","connection_time":"0.81ms"}
[2025-09-25 08:46:04] INFO: Database connection established {"driver":"mysql","host":"db","database":"block_cms","connection_time":"0.71ms"}
[2025-09-25 08:47:07] INFO: Database connection established {"driver":"mysql","host":"db","database":"block_cms","connection_time":"0.88ms"}
[2025-09-25 08:47:07] INFO: Database connection established {"driver":"mysql","host":"db","database":"block_cms","connection_time":"0.73ms"}
[2025-09-25 08:47:10] INFO: Database connection established {"driver":"mysql","host":"db","database":"block_cms","connection_time":"1.08ms"}
[2025-09-25 08:47:10] INFO: Database connection established {"driver":"mysql","host":"db","database":"block_cms","connection_time":"0.79ms"}
[2025-09-25 08:47:11] INFO: Database connection established {"driver":"mysql","host":"db","database":"block_cms","connection_time":"0.94ms"}
[2025-09-25 08:47:11] INFO: Database connection established {"driver":"mysql","host":"db","database":"block_cms","connection_time":"0.8ms"}
[2025-09-25 08:48:38] INFO: Database connection established {"driver":"mysql","host":"db","database":"block_cms","connection_time":"0.57ms"}
[2025-09-25 08:48:38] INFO: Database connection established {"driver":"mysql","host":"db","database":"block_cms","connection_time":"0.79ms"}
[2025-09-25 08:48:39] INFO: Database connection established {"driver":"mysql","host":"db","database":"block_cms","connection_time":"1.09ms"}
[2025-09-25 08:48:39] INFO: Database connection established {"driver":"mysql","host":"db","database":"block_cms","connection_time":"0.85ms"}
[2025-09-25 08:49:50] INFO: Database connection established {"driver":"mysql","host":"db","database":"block_cms","connection_time":"0.7ms"}
[2025-09-25 08:49:50] INFO: Database connection established {"driver":"mysql","host":"db","database":"block_cms","connection_time":"0.79ms"}
[2025-09-25 08:50:50] INFO: Database connection established {"driver":"mysql","host":"db","database":"block_cms","connection_time":"0.73ms"}
[2025-09-25 08:50:50] INFO: Database connection established {"driver":"mysql","host":"db","database":"block_cms","connection_time":"0.73ms"}
[2025-09-25 08:51:32] INFO: Database connection established {"driver":"mysql","host":"db","database":"block_cms","connection_time":"0.78ms"}
[2025-09-25 08:51:32] INFO: Database connection established {"driver":"mysql","host":"db","database":"block_cms","connection_time":"0.71ms"}
[2025-09-25 08:53:39] INFO: Database connection established {"driver":"mysql","host":"db","database":"block_cms","connection_time":"2ms"}
[2025-09-25 08:53:39] INFO: Database connection established {"driver":"mysql","host":"db","database":"block_cms","connection_time":"0.79ms"}
[2025-09-25 08:55:13] INFO: Database connection established {"driver":"mysql","host":"db","database":"block_cms","connection_time":"0.84ms"}
[2025-09-25 08:55:13] INFO: Database connection established {"driver":"mysql","host":"db","database":"block_cms","connection_time":"0.66ms"}
[2025-09-25 08:55:35] INFO: Database connection established {"driver":"mysql","host":"db","database":"block_cms","connection_time":"0.71ms"}
[2025-09-25 08:55:35] INFO: Database connection established {"driver":"mysql","host":"db","database":"block_cms","connection_time":"0.66ms"}
[2025-09-25 08:56:57] INFO: Database connection established {"driver":"mysql","host":"db","database":"block_cms","connection_time":"0.63ms"}
[2025-09-25 08:56:58] INFO: Database connection established {"driver":"mysql","host":"db","database":"block_cms","connection_time":"1.94ms"}
[2025-09-25 08:57:56] INFO: Database connection established {"driver":"mysql","host":"db","database":"block_cms","connection_time":"0.73ms"}
[2025-09-25 08:59:00] INFO: Database connection established {"driver":"mysql","host":"db","database":"block_cms","connection_time":"1.9ms"}
[2025-09-25 08:59:00] INFO: Database connection established {"driver":"mysql","host":"db","database":"block_cms","connection_time":"0.66ms"}
[2025-09-25 08:59:30] INFO: Database connection established {"driver":"mysql","host":"db","database":"block_cms","connection_time":"1.2ms"}
[2025-09-25 08:59:30] INFO: Database connection established {"driver":"mysql","host":"db","database":"block_cms","connection_time":"1.12ms"}
[2025-09-25 09:01:23] INFO: Database connection established {"driver":"mysql","host":"db","database":"block_cms","connection_time":"0.95ms"}
[2025-09-25 09:01:23] INFO: Database connection established {"driver":"mysql","host":"db","database":"block_cms","connection_time":"0.94ms"}
[2025-09-25 09:02:12] INFO: Database connection established {"driver":"mysql","host":"db","database":"block_cms","connection_time":"0.93ms"}
[2025-09-25 09:02:12] INFO: Database connection established {"driver":"mysql","host":"db","database":"block_cms","connection_time":"1.06ms"}
[2025-09-25 09:02:38] INFO: Database connection established {"driver":"mysql","host":"db","database":"block_cms","connection_time":"0.73ms"}
[2025-09-25 09:02:38] INFO: Database connection established {"driver":"mysql","host":"db","database":"block_cms","connection_time":"0.87ms"}
[2025-09-25 09:02:38] INFO: Database connection established {"driver":"mysql","host":"db","database":"block_cms","connection_time":"1.45ms"}
[2025-09-25 09:02:38] INFO: Database connection established {"driver":"mysql","host":"db","database":"block_cms","connection_time":"0.89ms"}
[2025-09-25 09:02:38] INFO: Database connection established {"driver":"mysql","host":"db","database":"block_cms","connection_time":"1.04ms"}
[2025-09-25 09:02:38] INFO: Database connection established {"driver":"mysql","host":"db","database":"block_cms","connection_time":"0.76ms"}
[2025-09-25 09:03:04] INFO: Database connection established {"driver":"mysql","host":"db","database":"block_cms","connection_time":"0.7ms"}
[2025-09-25 09:03:04] INFO: Database connection established {"driver":"mysql","host":"db","database":"block_cms","connection_time":"0.84ms"}
[2025-09-25 09:03:05] INFO: Database connection established {"driver":"mysql","host":"db","database":"block_cms","connection_time":"1.34ms"}
[2025-09-25 09:03:05] INFO: Database connection established {"driver":"mysql","host":"db","database":"block_cms","connection_time":"1.13ms"}
[2025-09-25 09:03:05] INFO: Database connection established {"driver":"mysql","host":"db","database":"block_cms","connection_time":"1.04ms"}
[2025-09-25 09:03:05] INFO: Database connection established {"driver":"mysql","host":"db","database":"block_cms","connection_time":"0.69ms"}
[2025-09-25 09:03:05] INFO: Database connection established {"driver":"mysql","host":"db","database":"block_cms","connection_time":"1.03ms"}
[2025-09-25 09:03:05] INFO: Database connection established {"driver":"mysql","host":"db","database":"block_cms","connection_time":"0.72ms"}
[2025-09-25 09:03:05] INFO: Database connection established {"driver":"mysql","host":"db","database":"block_cms","connection_time":"0.95ms"}
[2025-09-25 09:03:05] INFO: Database connection established {"driver":"mysql","host":"db","database":"block_cms","connection_time":"0.73ms"}
[2025-09-25 09:03:05] INFO: Database connection established {"driver":"mysql","host":"db","database":"block_cms","connection_time":"1.94ms"}
[2025-09-25 09:03:05] INFO: Database connection established {"driver":"mysql","host":"db","database":"block_cms","connection_time":"0.81ms"}
[2025-09-25 09:03:06] INFO: Database connection established {"driver":"mysql","host":"db","database":"block_cms","connection_time":"2.44ms"}
[2025-09-25 09:03:06] INFO: Database connection established {"driver":"mysql","host":"db","database":"block_cms","connection_time":"0.76ms"}
[2025-09-25 09:03:06] INFO: Database connection established {"driver":"mysql","host":"db","database":"block_cms","connection_time":"1.6ms"}
[2025-09-25 09:03:06] INFO: Database connection established {"driver":"mysql","host":"db","database":"block_cms","connection_time":"0.81ms"}
[2025-09-25 09:03:06] INFO: Database connection established {"driver":"mysql","host":"db","database":"block_cms","connection_time":"1.08ms"}
[2025-09-25 09:03:06] INFO: Database connection established {"driver":"mysql","host":"db","database":"block_cms","connection_time":"0.76ms"}
[2025-09-25 09:03:25] INFO: Database connection established {"driver":"mysql","host":"db","database":"block_cms","connection_time":"0.75ms"}
[2025-09-25 09:03:25] INFO: Database connection established {"driver":"mysql","host":"db","database":"block_cms","connection_time":"0.77ms"}
[2025-09-25 09:03:25] INFO: Database connection established {"driver":"mysql","host":"db","database":"block_cms","connection_time":"1.77ms"}
[2025-09-25 09:03:25] INFO: Database connection established {"driver":"mysql","host":"db","database":"block_cms","connection_time":"1.01ms"}
[2025-09-25 09:03:25] INFO: Database connection established {"driver":"mysql","host":"db","database":"block_cms","connection_time":"1.09ms"}
[2025-09-25 09:03:25] INFO: Database connection established {"driver":"mysql","host":"db","database":"block_cms","connection_time":"1.1ms"}
[2025-09-25 09:04:12] INFO: Database connection established {"driver":"mysql","host":"db","database":"block_cms","connection_time":"0.65ms"}
[2025-09-25 09:04:12] INFO: Database connection established {"driver":"mysql","host":"db","database":"block_cms","connection_time":"0.91ms"}
[2025-09-25 09:06:03] INFO: Database connection established {"driver":"mysql","host":"db","database":"block_cms","connection_time":"1.03ms"}
[2025-09-25 09:06:03] INFO: Database connection established {"driver":"mysql","host":"db","database":"block_cms","connection_time":"0.82ms"}
[2025-09-25 09:07:37] INFO: Database connection established {"driver":"mysql","host":"db","database":"block_cms","connection_time":"0.81ms"}
[2025-09-25 09:07:37] INFO: Database connection established {"driver":"mysql","host":"db","database":"block_cms","connection_time":"0.67ms"}
[2025-09-25 09:07:38] INFO: Database connection established {"driver":"mysql","host":"db","database":"block_cms","connection_time":"1.45ms"}
[2025-09-25 09:07:38] INFO: Database connection established {"driver":"mysql","host":"db","database":"block_cms","connection_time":"0.98ms"}
[2025-09-25 09:08:01] INFO: Database connection established {"driver":"mysql","host":"db","database":"block_cms","connection_time":"0.77ms"}
[2025-09-25 09:08:01] INFO: Database connection established {"driver":"mysql","host":"db","database":"block_cms","connection_time":"0.83ms"}
[2025-09-25 09:08:05] INFO: Database connection established {"driver":"mysql","host":"db","database":"block_cms","connection_time":"1.7ms"}
[2025-09-25 09:08:05] INFO: Database connection established {"driver":"mysql","host":"db","database":"block_cms","connection_time":"0.78ms"}
[2025-09-25 09:08:05] INFO: Database connection established {"driver":"mysql","host":"db","database":"block_cms","connection_time":"0.7ms"}
[2025-09-25 09:08:05] INFO: Database connection established {"driver":"mysql","host":"db","database":"block_cms","connection_time":"0.71ms"}
[2025-09-25 09:08:05] INFO: Database connection established {"driver":"mysql","host":"db","database":"block_cms","connection_time":"0.82ms"}
[2025-09-25 09:08:05] INFO: Database connection established {"driver":"mysql","host":"db","database":"block_cms","connection_time":"0.66ms"}
[2025-09-25 09:08:05] INFO: Database connection established {"driver":"mysql","host":"db","database":"block_cms","connection_time":"1.64ms"}
[2025-09-25 09:08:05] INFO: Database connection established {"driver":"mysql","host":"db","database":"block_cms","connection_time":"0.71ms"}
[2025-09-25 09:08:18] INFO: Database connection established {"driver":"mysql","host":"db","database":"block_cms","connection_time":"0.72ms"}
[2025-09-25 09:08:18] INFO: Database connection established {"driver":"mysql","host":"db","database":"block_cms","connection_time":"0.65ms"}
[2025-09-25 09:08:18] INFO: Database connection established {"driver":"mysql","host":"db","database":"block_cms","connection_time":"1.6ms"}
[2025-09-25 09:08:18] INFO: Database connection established {"driver":"mysql","host":"db","database":"block_cms","connection_time":"0.96ms"}
[2025-09-25 09:08:25] INFO: Database connection established {"driver":"mysql","host":"db","database":"block_cms","connection_time":"0.79ms"}
[2025-09-25 09:08:25] INFO: Database connection established {"driver":"mysql","host":"db","database":"block_cms","connection_time":"0.76ms"}
[2025-09-25 09:08:25] INFO: Database connection established {"driver":"mysql","host":"db","database":"block_cms","connection_time":"1.85ms"}
[2025-09-25 09:08:26] INFO: Database connection established {"driver":"mysql","host":"db","database":"block_cms","connection_time":"0.69ms"}
[2025-09-25 09:08:26] INFO: Database connection established {"driver":"mysql","host":"db","database":"block_cms","connection_time":"1.79ms"}
[2025-09-25 09:08:26] INFO: Database connection established {"driver":"mysql","host":"db","database":"block_cms","connection_time":"0.7ms"}
[2025-09-25 09:09:58] INFO: Database connection established {"driver":"mysql","host":"db","database":"block_cms","connection_time":"0.78ms"}
[2025-09-25 09:09:58] INFO: Database connection established {"driver":"mysql","host":"db","database":"block_cms","connection_time":"0.79ms"}
[2025-09-25 09:10:39] INFO: Database connection established {"driver":"mysql","host":"db","database":"block_cms","connection_time":"0.96ms"}
[2025-09-25 09:10:39] INFO: Database connection established {"driver":"mysql","host":"db","database":"block_cms","connection_time":"0.66ms"}
[2025-09-25 09:11:10] INFO: Database connection established {"driver":"mysql","host":"db","database":"block_cms","connection_time":"0.82ms"}
[2025-09-25 09:11:10] INFO: Database connection established {"driver":"mysql","host":"db","database":"block_cms","connection_time":"0.81ms"}
[2025-09-25 09:11:11] INFO: Database connection established {"driver":"mysql","host":"db","database":"block_cms","connection_time":"2.05ms"}
[2025-09-25 09:11:11] INFO: Database connection established {"driver":"mysql","host":"db","database":"block_cms","connection_time":"0.78ms"}
[2025-09-25 09:11:11] INFO: Database connection established {"driver":"mysql","host":"db","database":"block_cms","connection_time":"1.7ms"}
[2025-09-25 09:11:11] INFO: Database connection established {"driver":"mysql","host":"db","database":"block_cms","connection_time":"0.84ms"}
[2025-09-25 09:29:18] INFO: Database connection established {"driver":"mysql","host":"db","database":"block_cms","connection_time":"0.76ms"}
[2025-09-25 09:29:18] INFO: Database connection established {"driver":"mysql","host":"db","database":"block_cms","connection_time":"1.44ms"}
[2025-09-25 09:29:24] INFO: Database connection established {"driver":"mysql","host":"db","database":"block_cms","connection_time":"1.46ms"}
[2025-09-25 09:29:24] INFO: Database connection established {"driver":"mysql","host":"db","database":"block_cms","connection_time":"0.73ms"}
[2025-09-25 09:30:00] INFO: Database connection established {"driver":"mysql","host":"db","database":"block_cms","connection_time":"1.05ms"}
[2025-09-25 09:30:00] INFO: Database connection established {"driver":"mysql","host":"db","database":"block_cms","connection_time":"0.77ms"}
[2025-09-25 09:30:31] INFO: Database connection established {"driver":"mysql","host":"db","database":"block_cms","connection_time":"0.91ms"}
[2025-09-25 09:30:31] INFO: Database connection established {"driver":"mysql","host":"db","database":"block_cms","connection_time":"0.77ms"}
[2025-09-25 09:31:20] INFO: Database connection established {"driver":"mysql","host":"db","database":"block_cms","connection_time":"0.91ms"}
[2025-09-25 09:31:20] INFO: Database connection established {"driver":"mysql","host":"db","database":"block_cms","connection_time":"0.79ms"}
[2025-09-25 09:31:33] INFO: Database connection established {"driver":"mysql","host":"db","database":"block_cms","connection_time":"0.94ms"}
[2025-09-25 09:31:33] INFO: Database connection established {"driver":"mysql","host":"db","database":"block_cms","connection_time":"0.99ms"}
[2025-09-25 09:31:45] INFO: Database connection established {"driver":"mysql","host":"db","database":"block_cms","connection_time":"1.94ms"}
[2025-09-25 09:31:45] INFO: Database connection established {"driver":"mysql","host":"db","database":"block_cms","connection_time":"0.78ms"}
[2025-09-25 09:32:44] INFO: Database connection established {"driver":"mysql","host":"db","database":"block_cms","connection_time":"0.76ms"}
[2025-09-25 09:35:48] INFO: Database connection established {"driver":"mysql","host":"db","database":"block_cms","connection_time":"1.21ms"}
[2025-09-25 09:35:48] INFO: Database connection established {"driver":"mysql","host":"db","database":"block_cms","connection_time":"0.85ms"}
[2025-09-25 09:36:30] INFO: Database connection established {"driver":"mysql","host":"db","database":"block_cms","connection_time":"0.83ms"}
[2025-09-25 09:36:30] INFO: Database connection established {"driver":"mysql","host":"db","database":"block_cms","connection_time":"0.61ms"}
[2025-09-25 09:36:38] INFO: Database connection established {"driver":"mysql","host":"db","database":"block_cms","connection_time":"0.97ms"}
[2025-09-25 09:36:38] INFO: Database connection established {"driver":"mysql","host":"db","database":"block_cms","connection_time":"0.75ms"}
[2025-09-25 09:37:36] INFO: Database connection established {"driver":"mysql","host":"db","database":"block_cms","connection_time":"1.85ms"}
[2025-09-25 09:37:36] INFO: Database connection established {"driver":"mysql","host":"db","database":"block_cms","connection_time":"0.86ms"}
[2025-09-25 09:38:30] INFO: Database connection established {"driver":"mysql","host":"db","database":"block_cms","connection_time":"3.13ms"}
[2025-09-25 09:38:31] INFO: Database connection established {"driver":"mysql","host":"db","database":"block_cms","connection_time":"1.74ms"}
[2025-09-25 09:38:38] INFO: Database connection established {"driver":"mysql","host":"db","database":"block_cms","connection_time":"1.05ms"}
[2025-09-25 09:40:37] INFO: Database connection established {"driver":"mysql","host":"db","database":"block_cms","connection_time":"1.02ms"}
[2025-09-25 09:40:37] INFO: Database connection established {"driver":"mysql","host":"db","database":"block_cms","connection_time":"0.79ms"}
[2025-09-25 09:42:45] INFO: Database connection established {"driver":"mysql","host":"db","database":"block_cms","connection_time":"0.77ms"}
[2025-09-25 09:42:45] INFO: Database connection established {"driver":"mysql","host":"db","database":"block_cms","connection_time":"0.71ms"}
[2025-09-25 09:43:02] INFO: Database connection established {"driver":"mysql","host":"db","database":"block_cms","connection_time":"1.81ms"}
[2025-09-25 09:43:02] INFO: Database connection established {"driver":"mysql","host":"db","database":"block_cms","connection_time":"0.81ms"}
[2025-09-25 09:43:12] INFO: Database connection established {"driver":"mysql","host":"db","database":"block_cms","connection_time":"1.93ms"}
[2025-09-25 09:43:12] INFO: Database connection established {"driver":"mysql","host":"db","database":"block_cms","connection_time":"0.96ms"}
[2025-09-25 09:43:20] INFO: Database connection established {"driver":"mysql","host":"db","database":"block_cms","connection_time":"1.48ms"}
[2025-09-25 09:43:20] INFO: Database connection established {"driver":"mysql","host":"db","database":"block_cms","connection_time":"0.76ms"}
[2025-09-25 10:34:47] INFO: Database connection established {"driver":"mysql","host":"db","database":"block_cms","connection_time":"0.8ms"}
[2025-09-25 10:34:52] INFO: Database connection established {"driver":"mysql","host":"db","database":"block_cms","connection_time":"2.18ms"}
[2025-09-25 10:35:06] INFO: Database connection established {"driver":"mysql","host":"db","database":"block_cms","connection_time":"2.29ms"}
[2025-09-25 12:09:13] INFO: Database connection established {"driver":"mysql","host":"db","database":"block_cms","connection_time":"0.9ms"}
[2025-09-25 12:36:40] INFO: Database connection established {"driver":"mysql","host":"db","database":"block_cms","connection_time":"1.33ms"}
[2025-09-25 12:36:40] INFO: Database connection established {"driver":"mysql","host":"db","database":"block_cms","connection_time":"1.26ms"}
[2025-09-25 12:36:44] INFO: Database connection established {"driver":"mysql","host":"db","database":"block_cms","connection_time":"2.75ms"}
[2025-09-25 12:40:44] INFO: Database connection established {"driver":"mysql","host":"db","database":"block_cms","connection_time":"1.72ms"}
[2025-09-25 12:41:18] INFO: Database connection established {"driver":"mysql","host":"db","database":"block_cms","connection_time":"3.28ms"}
[2025-09-25 12:41:56] INFO: Database connection established {"driver":"mysql","host":"db","database":"block_cms","connection_time":"1.46ms"}
[2025-09-25 12:42:28] INFO: Database connection established {"driver":"mysql","host":"db","database":"block_cms","connection_time":"1.61ms"}
[2025-09-25 12:42:29] INFO: Database connection established {"driver":"mysql","host":"db","database":"block_cms","connection_time":"0.6ms"}
[2025-09-25 12:42:29] INFO: Database connection established {"driver":"mysql","host":"db","database":"block_cms","connection_time":"0.99ms"}
[2025-09-25 12:42:29] INFO: Database connection established {"driver":"mysql","host":"db","database":"block_cms","connection_time":"1.34ms"}
[2025-09-25 12:42:29] INFO: Database connection established {"driver":"mysql","host":"db","database":"block_cms","connection_time":"1.92ms"}
[2025-09-25 12:42:29] INFO: Database connection established {"driver":"mysql","host":"db","database":"block_cms","connection_time":"1.01ms"}
[2025-09-25 12:42:44] INFO: Database connection established {"driver":"mysql","host":"db","database":"block_cms","connection_time":"1.6ms"}
[2025-09-25 12:42:45] INFO: Database connection established {"driver":"mysql","host":"db","database":"block_cms","connection_time":"1.84ms"}
[2025-09-25 12:42:45] INFO: Database connection established {"driver":"mysql","host":"db","database":"block_cms","connection_time":"1.48ms"}
[2025-09-25 12:42:45] INFO: Database connection established {"driver":"mysql","host":"db","database":"block_cms","connection_time":"1.17ms"}
[2025-09-25 12:43:08] INFO: Database connection established {"driver":"mysql","host":"db","database":"block_cms","connection_time":"3.81ms"}
[2025-09-25 12:43:24] INFO: Database connection established {"driver":"mysql","host":"db","database":"block_cms","connection_time":"1.72ms"}
[2025-09-25 12:43:35] INFO: Database connection established {"driver":"mysql","host":"db","database":"block_cms","connection_time":"1.72ms"}
[2025-09-25 12:43:35] INFO: Database connection established {"driver":"mysql","host":"db","database":"block_cms","connection_time":"2.04ms"}
[2025-09-25 12:43:36] INFO: Database connection established {"driver":"mysql","host":"db","database":"block_cms","connection_time":"1.63ms"}
[2025-09-25 12:43:36] INFO: Database connection established {"driver":"mysql","host":"db","database":"block_cms","connection_time":"1.74ms"}
[2025-09-25 12:43:36] INFO: Database connection established {"driver":"mysql","host":"db","database":"block_cms","connection_time":"1.67ms"}
[2025-09-25 12:44:04] INFO: Database connection established {"driver":"mysql","host":"db","database":"block_cms","connection_time":"1.64ms"}
[2025-09-25 12:44:18] INFO: Database connection established {"driver":"mysql","host":"db","database":"block_cms","connection_time":"0.99ms"}
[2025-09-25 12:44:43] INFO: Database connection established {"driver":"mysql","host":"db","database":"block_cms","connection_time":"1.6ms"}
[2025-09-25 12:45:19] INFO: Database connection established {"driver":"mysql","host":"db","database":"block_cms","connection_time":"0.77ms"}
[2025-09-25 12:46:47] INFO: Database connection established {"driver":"mysql","host":"db","database":"block_cms","connection_time":"1.7ms"}
[2025-09-25 12:47:10] INFO: Database connection established {"driver":"mysql","host":"db","database":"block_cms","connection_time":"1.53ms"}
[2025-09-25 12:48:15] INFO: Database connection established {"driver":"mysql","host":"db","database":"block_cms","connection_time":"0.98ms"}
[2025-09-25 12:50:58] INFO: Database connection established {"driver":"mysql","host":"db","database":"block_cms","connection_time":"2.04ms"}
[2025-09-25 12:52:46] INFO: Database connection established {"driver":"mysql","host":"db","database":"block_cms","connection_time":"0.56ms"}
[2025-09-25 12:52:47] INFO: Database connection established {"driver":"mysql","host":"db","database":"block_cms","connection_time":"1.16ms"}
[2025-09-25 12:52:48] INFO: Database connection established {"driver":"mysql","host":"db","database":"block_cms","connection_time":"1.69ms"}
[2025-09-25 12:52:48] INFO: Database connection established {"driver":"mysql","host":"db","database":"block_cms","connection_time":"1.42ms"}
[2025-09-25 12:52:56] INFO: Database connection established {"driver":"mysql","host":"db","database":"block_cms","connection_time":"2.01ms"}
[2025-09-25 12:52:57] INFO: Database connection established {"driver":"mysql","host":"db","database":"block_cms","connection_time":"2.38ms"}
[2025-09-25 12:53:51] INFO: Database connection established {"driver":"mysql","host":"db","database":"block_cms","connection_time":"1.73ms"}
[2025-09-25 12:54:08] INFO: Database connection established {"driver":"mysql","host":"db","database":"block_cms","connection_time":"1.6ms"}
[2025-09-25 12:54:30] INFO: Database connection established {"driver":"mysql","host":"db","database":"block_cms","connection_time":"1.82ms"}
[2025-09-25 12:54:51] INFO: Database connection established {"driver":"mysql","host":"db","database":"block_cms","connection_time":"1.56ms"}
[2025-09-25 12:55:09] INFO: Database connection established {"driver":"mysql","host":"db","database":"block_cms","connection_time":"1.76ms"}
[2025-09-25 12:55:30] INFO: Database connection established {"driver":"mysql","host":"db","database":"block_cms","connection_time":"1.6ms"}
[2025-09-25 12:55:59] INFO: Database connection established {"driver":"mysql","host":"db","database":"block_cms","connection_time":"1.21ms"}
[2025-09-25 12:57:03] INFO: Database connection established {"driver":"mysql","host":"db","database":"block_cms","connection_time":"1.64ms"}
[2025-09-25 12:57:48] INFO: Database connection established {"driver":"mysql","host":"db","database":"block_cms","connection_time":"1.93ms"}
[2025-09-25 12:59:03] INFO: Database connection established {"driver":"mysql","host":"db","database":"block_cms","connection_time":"1.62ms"}
[2025-09-25 12:59:21] INFO: Database connection established {"driver":"mysql","host":"db","database":"block_cms","connection_time":"1.62ms"}
[2025-09-25 12:59:32] INFO: Database connection established {"driver":"mysql","host":"db","database":"block_cms","connection_time":"1.77ms"}
[2025-09-25 12:59:50] INFO: Database connection established {"driver":"mysql","host":"db","database":"block_cms","connection_time":"1.69ms"}
[2025-09-25 13:00:04] INFO: Database connection established {"driver":"mysql","host":"db","database":"block_cms","connection_time":"1.62ms"}
[2025-09-25 13:12:44] INFO: Database connection established {"driver":"mysql","host":"db","database":"block_cms","connection_time":"1.39ms"}
[2025-09-25 13:13:41] INFO: Database connection established {"driver":"mysql","host":"db","database":"block_cms","connection_time":"2.48ms"}
[2025-09-25 14:24:54] INFO: Database connection established {"driver":"mysql","host":"db","database":"block_cms","connection_time":"1.83ms"}
[2025-09-25 14:25:15] INFO: Database connection established {"driver":"mysql","host":"db","database":"block_cms","connection_time":"1.59ms"}
[2025-09-25 14:25:16] INFO: Database connection established {"driver":"mysql","host":"db","database":"block_cms","connection_time":"1.86ms"}
[2025-09-25 14:25:16] INFO: Database connection established {"driver":"mysql","host":"db","database":"block_cms","connection_time":"1.81ms"}
[2025-09-25 14:25:16] INFO: Database connection established {"driver":"mysql","host":"db","database":"block_cms","connection_time":"1.78ms"}
[2025-09-25 14:26:08] INFO: Database connection established {"driver":"mysql","host":"db","database":"block_cms","connection_time":"1.89ms"}
[2025-09-25 14:26:22] INFO: Database connection established {"driver":"mysql","host":"db","database":"block_cms","connection_time":"1.18ms"}
[2025-09-25 14:26:38] INFO: Database connection established {"driver":"mysql","host":"db","database":"block_cms","connection_time":"1.43ms"}
[2025-09-25 14:26:59] INFO: Database connection established {"driver":"mysql","host":"db","database":"block_cms","connection_time":"3ms"}
[2025-09-25 14:27:21] INFO: Database connection established {"driver":"mysql","host":"db","database":"block_cms","connection_time":"2.6ms"}
[2025-09-25 14:27:39] INFO: Database connection established {"driver":"mysql","host":"db","database":"block_cms","connection_time":"1.98ms"}
[2025-09-25 14:28:28] INFO: Database connection established {"driver":"mysql","host":"db","database":"block_cms","connection_time":"1.48ms"}
[2025-09-25 14:29:20] INFO: Database connection established {"driver":"mysql","host":"db","database":"block_cms","connection_time":"1.25ms"}
[2025-09-25 14:29:53] INFO: Database connection established {"driver":"mysql","host":"db","database":"block_cms","connection_time":"1.65ms"}
[2025-09-25 14:31:09] INFO: Database connection established {"driver":"mysql","host":"db","database":"block_cms","connection_time":"2.59ms"}
[2025-09-25 14:31:47] INFO: Database connection established {"driver":"mysql","host":"db","database":"block_cms","connection_time":"1.61ms"}
[2025-09-25 14:32:11] INFO: Database connection established {"driver":"mysql","host":"db","database":"block_cms","connection_time":"1.44ms"}
[2025-09-25 14:32:43] INFO: Database connection established {"driver":"mysql","host":"db","database":"block_cms","connection_time":"1.63ms"}
[2025-09-25 14:33:04] INFO: Database connection established {"driver":"mysql","host":"db","database":"block_cms","connection_time":"1.72ms"}
[2025-09-25 14:33:14] INFO: Database connection established {"driver":"mysql","host":"db","database":"block_cms","connection_time":"1.76ms"}
[2025-09-25 14:33:32] INFO: Database connection established {"driver":"mysql","host":"db","database":"block_cms","connection_time":"2.41ms"}
[2025-09-25 14:33:34] INFO: Database connection established {"driver":"mysql","host":"db","database":"block_cms","connection_time":"1.93ms"}
[2025-09-25 14:33:52] INFO: Database connection established {"driver":"mysql","host":"db","database":"block_cms","connection_time":"1.66ms"}
[2025-09-25 14:34:52] INFO: Database connection established {"driver":"mysql","host":"db","database":"block_cms","connection_time":"1.73ms"}
[2025-09-25 14:34:52] INFO: Database connection established {"driver":"mysql","host":"db","database":"block_cms","connection_time":"1.97ms"}
[2025-09-25 14:34:52] INFO: Database connection established {"driver":"mysql","host":"db","database":"block_cms","connection_time":"1.66ms"}
[2025-09-25 14:34:53] INFO: Database connection established {"driver":"mysql","host":"db","database":"block_cms","connection_time":"1.7ms"}
[2025-09-25 14:34:53] INFO: Database connection established {"driver":"mysql","host":"db","database":"block_cms","connection_time":"1.7ms"}
[2025-09-25 14:34:53] INFO: Database connection established {"driver":"mysql","host":"db","database":"block_cms","connection_time":"1.66ms"}
[2025-09-25 14:34:53] INFO: Database connection established {"driver":"mysql","host":"db","database":"block_cms","connection_time":"1.38ms"}
[2025-09-25 14:34:53] INFO: Database connection established {"driver":"mysql","host":"db","database":"block_cms","connection_time":"1.25ms"}
[2025-09-25 14:34:53] INFO: Database connection established {"driver":"mysql","host":"db","database":"block_cms","connection_time":"2.62ms"}
[2025-09-25 14:35:28] INFO: Database connection established {"driver":"mysql","host":"db","database":"block_cms","connection_time":"1.46ms"}
[2025-09-25 14:35:28] INFO: Database connection established {"driver":"mysql","host":"db","database":"block_cms","connection_time":"1.65ms"}
[2025-09-25 14:35:29] INFO: Database connection established {"driver":"mysql","host":"db","database":"block_cms","connection_time":"2.17ms"}
[2025-09-25 14:35:29] INFO: Database connection established {"driver":"mysql","host":"db","database":"block_cms","connection_time":"1.74ms"}
[2025-09-25 14:35:29] INFO: Database connection established {"driver":"mysql","host":"db","database":"block_cms","connection_time":"1.34ms"}
[2025-09-25 14:35:29] INFO: Database connection established {"driver":"mysql","host":"db","database":"block_cms","connection_time":"1.88ms"}
[2025-09-25 14:35:29] INFO: Database connection established {"driver":"mysql","host":"db","database":"block_cms","connection_time":"1.16ms"}
[2025-09-25 14:35:53] INFO: Database connection established {"driver":"mysql","host":"db","database":"block_cms","connection_time":"1.52ms"}
[2025-09-25 14:36:34] INFO: Database connection established {"driver":"mysql","host":"db","database":"block_cms","connection_time":"1.77ms"}
[2025-09-25 14:37:08] INFO: Database connection established {"driver":"mysql","host":"db","database":"block_cms","connection_time":"1.35ms"}
[2025-09-25 14:37:09] INFO: Database connection established {"driver":"mysql","host":"db","database":"block_cms","connection_time":"1.82ms"}
[2025-09-25 14:37:20] INFO: Database connection established {"driver":"mysql","host":"db","database":"block_cms","connection_time":"2.09ms"}
[2025-09-25 14:37:48] INFO: Database connection established {"driver":"mysql","host":"db","database":"block_cms","connection_time":"1.72ms"}
[2025-09-25 14:38:25] INFO: Database connection established {"driver":"mysql","host":"db","database":"block_cms","connection_time":"1.48ms"}
[2025-09-25 14:38:44] INFO: Database connection established {"driver":"mysql","host":"db","database":"block_cms","connection_time":"1.77ms"}
[2025-09-25 14:38:58] INFO: Database connection established {"driver":"mysql","host":"db","database":"block_cms","connection_time":"2.26ms"}
[2025-09-25 14:39:44] INFO: Database connection established {"driver":"mysql","host":"db","database":"block_cms","connection_time":"1.65ms"}
[2025-09-25 14:39:54] INFO: Database connection established {"driver":"mysql","host":"db","database":"block_cms","connection_time":"1.66ms"}
[2025-09-25 14:40:02] INFO: Database connection established {"driver":"mysql","host":"db","database":"block_cms","connection_time":"1.06ms"}
[2025-09-25 14:40:34] INFO: Database connection established {"driver":"mysql","host":"db","database":"block_cms","connection_time":"1.8ms"}
[2025-09-25 14:40:57] INFO: Database connection established {"driver":"mysql","host":"db","database":"block_cms","connection_time":"2.05ms"}
[2025-09-25 14:45:43] INFO: Database connection established {"driver":"mysql","host":"db","database":"block_cms","connection_time":"1.81ms"}
[2025-09-25 14:46:36] INFO: Database connection established {"driver":"mysql","host":"db","database":"block_cms","connection_time":"1.85ms"}
[2025-09-25 14:47:25] INFO: Database connection established {"driver":"mysql","host":"db","database":"block_cms","connection_time":"1.09ms"}
[2025-09-25 14:47:45] INFO: Database connection established {"driver":"mysql","host":"db","database":"block_cms","connection_time":"1.11ms"}
[2025-09-25 14:48:33] INFO: Database connection established {"driver":"mysql","host":"db","database":"block_cms","connection_time":"1.89ms"}
[2025-09-25 14:48:59] INFO: Database connection established {"driver":"mysql","host":"db","database":"block_cms","connection_time":"1.71ms"}
[2025-09-25 14:49:49] INFO: Database connection established {"driver":"mysql","host":"db","database":"block_cms","connection_time":"1.79ms"}
[2025-09-25 14:50:26] INFO: Database connection established {"driver":"mysql","host":"db","database":"block_cms","connection_time":"1.87ms"}
[2025-09-25 14:50:58] INFO: Database connection established {"driver":"mysql","host":"db","database":"block_cms","connection_time":"1.6ms"}
[2025-09-25 14:51:11] INFO: Database connection established {"driver":"mysql","host":"db","database":"block_cms","connection_time":"1.78ms"}
[2025-09-25 14:51:26] INFO: Database connection established {"driver":"mysql","host":"db","database":"block_cms","connection_time":"1.65ms"}
[2025-09-25 14:51:44] INFO: Database connection established {"driver":"mysql","host":"db","database":"block_cms","connection_time":"1.11ms"}
[2025-09-25 14:53:06] INFO: Database connection established {"driver":"mysql","host":"db","database":"block_cms","connection_time":"1.37ms"}
[2025-09-25 14:53:49] INFO: Database connection established {"driver":"mysql","host":"db","database":"block_cms","connection_time":"1.24ms"}
[2025-09-25 14:54:25] INFO: Database connection established {"driver":"mysql","host":"db","database":"block_cms","connection_time":"0.9ms"}
[2025-09-25 14:54:49] INFO: Database connection established {"driver":"mysql","host":"db","database":"block_cms","connection_time":"1.72ms"}
[2025-09-25 14:55:59] INFO: Database connection established {"driver":"mysql","host":"db","database":"block_cms","connection_time":"1.72ms"}
[2025-09-25 15:01:36] INFO: Database connection established {"driver":"mysql","host":"db","database":"block_cms","connection_time":"1.73ms"}
[2025-09-25 15:01:44] INFO: Database connection established {"driver":"mysql","host":"db","database":"block_cms","connection_time":"1.74ms"}
[2025-09-25 15:01:50] INFO: Database connection established {"driver":"mysql","host":"db","database":"block_cms","connection_time":"1.73ms"}
[2025-09-25 15:01:52] INFO: Database connection established {"driver":"mysql","host":"db","database":"block_cms","connection_time":"0.87ms"}
[2025-09-25 15:03:32] INFO: Database connection established {"driver":"mysql","host":"db","database":"block_cms","connection_time":"1.79ms"}
[2025-09-25 15:04:11] INFO: Database connection established {"driver":"mysql","host":"db","database":"block_cms","connection_time":"1.77ms"}
[2025-09-25 15:05:23] INFO: Database connection established {"driver":"mysql","host":"db","database":"block_cms","connection_time":"0.87ms"}
[2025-09-25 15:06:00] INFO: Database connection established {"driver":"mysql","host":"db","database":"block_cms","connection_time":"1.71ms"}
[2025-09-25 15:06:03] INFO: Database connection established {"driver":"mysql","host":"db","database":"block_cms","connection_time":"0.55ms"}
[2025-09-25 15:06:26] INFO: Database connection established {"driver":"mysql","host":"db","database":"block_cms","connection_time":"1.45ms"}
[2025-09-25 15:07:06] INFO: Database connection established {"driver":"mysql","host":"db","database":"block_cms","connection_time":"1.81ms"}
[2025-09-25 15:07:17] INFO: Database connection established {"driver":"mysql","host":"db","database":"block_cms","connection_time":"1.63ms"}
[2025-09-25 15:07:39] INFO: Database connection established {"driver":"mysql","host":"db","database":"block_cms","connection_time":"1.8ms"}
[2025-09-25 15:07:52] INFO: Database connection established {"driver":"mysql","host":"db","database":"block_cms","connection_time":"1.96ms"}
[2025-09-25 15:07:52] INFO: Database connection established {"driver":"mysql","host":"db","database":"block_cms","connection_time":"1.65ms"}
[2025-09-25 15:07:52] INFO: Database connection established {"driver":"mysql","host":"db","database":"block_cms","connection_time":"1.09ms"}
[2025-09-25 15:07:53] INFO: Database connection established {"driver":"mysql","host":"db","database":"block_cms","connection_time":"0.59ms"}
[2025-09-25 15:07:53] INFO: Database connection established {"driver":"mysql","host":"db","database":"block_cms","connection_time":"1.04ms"}
[2025-09-25 15:07:53] INFO: Database connection established {"driver":"mysql","host":"db","database":"block_cms","connection_time":"1.03ms"}
[2025-09-25 15:08:05] INFO: Database connection established {"driver":"mysql","host":"db","database":"block_cms","connection_time":"0.95ms"}
[2025-09-25 15:08:26] INFO: Database connection established {"driver":"mysql","host":"db","database":"block_cms","connection_time":"1.59ms"}
[2025-09-25 15:08:41] INFO: Database connection established {"driver":"mysql","host":"db","database":"block_cms","connection_time":"3.03ms"}
[2025-09-25 15:08:42] INFO: Database connection established {"driver":"mysql","host":"db","database":"block_cms","connection_time":"1.94ms"}
[2025-09-25 15:08:42] INFO: Database connection established {"driver":"mysql","host":"db","database":"block_cms","connection_time":"0.98ms"}
[2025-09-25 15:08:42] INFO: Database connection established {"driver":"mysql","host":"db","database":"block_cms","connection_time":"0.9ms"}
[2025-09-25 15:08:52] INFO: Database connection established {"driver":"mysql","host":"db","database":"block_cms","connection_time":"1.76ms"}
[2025-09-25 15:09:01] INFO: Database connection established {"driver":"mysql","host":"db","database":"block_cms","connection_time":"1.64ms"}
[2025-09-25 15:09:15] INFO: Database connection established {"driver":"mysql","host":"db","database":"block_cms","connection_time":"0.77ms"}
[2025-09-25 15:09:16] INFO: Database connection established {"driver":"mysql","host":"db","database":"block_cms","connection_time":"4.52ms"}
[2025-09-25 15:09:16] INFO: Database connection established {"driver":"mysql","host":"db","database":"block_cms","connection_time":"1.05ms"}
[2025-09-25 15:09:24] INFO: Database connection established {"driver":"mysql","host":"db","database":"block_cms","connection_time":"1.56ms"}
[2025-09-25 15:09:25] INFO: Database connection established {"driver":"mysql","host":"db","database":"block_cms","connection_time":"3.25ms"}
[2025-09-25 15:09:25] INFO: Database connection established {"driver":"mysql","host":"db","database":"block_cms","connection_time":"0.99ms"}
[2025-09-25 15:09:25] INFO: Database connection established {"driver":"mysql","host":"db","database":"block_cms","connection_time":"0.83ms"}
[2025-09-25 15:10:26] INFO: Database connection established {"driver":"mysql","host":"db","database":"block_cms","connection_time":"1.9ms"}
[2025-09-25 15:10:27] INFO: Database connection established {"driver":"mysql","host":"db","database":"block_cms","connection_time":"1.75ms"}
[2025-09-25 15:10:27] INFO: Database connection established {"driver":"mysql","host":"db","database":"block_cms","connection_time":"1.32ms"}
[2025-09-25 15:10:27] INFO: Database connection established {"driver":"mysql","host":"db","database":"block_cms","connection_time":"1.29ms"}
[2025-09-25 15:10:27] INFO: Database connection established {"driver":"mysql","host":"db","database":"block_cms","connection_time":"0.98ms"}
[2025-09-25 15:10:38] INFO: Database connection established {"driver":"mysql","host":"db","database":"block_cms","connection_time":"1.61ms"}
[2025-09-25 15:11:26] INFO: Database connection established {"driver":"mysql","host":"db","database":"block_cms","connection_time":"1.82ms"}
[2025-09-25 15:11:40] INFO: Database connection established {"driver":"mysql","host":"db","database":"block_cms","connection_time":"1.69ms"}
[2025-09-25 15:12:41] INFO: Database connection established {"driver":"mysql","host":"db","database":"block_cms","connection_time":"1.87ms"}
[2025-09-25 15:13:03] INFO: Database connection established {"driver":"mysql","host":"db","database":"block_cms","connection_time":"1.23ms"}
[2025-09-25 15:14:18] INFO: Database connection established {"driver":"mysql","host":"db","database":"block_cms","connection_time":"1.67ms"}
[2025-09-25 15:15:55] INFO: Database connection established {"driver":"mysql","host":"db","database":"block_cms","connection_time":"1.66ms"}
[2025-09-25 15:17:10] INFO: Database connection established {"driver":"mysql","host":"db","database":"block_cms","connection_time":"1.74ms"}
[2025-09-25 15:17:30] INFO: Database connection established {"driver":"mysql","host":"db","database":"block_cms","connection_time":"2.04ms"}
[2025-09-25 15:17:55] INFO: Database connection established {"driver":"mysql","host":"db","database":"block_cms","connection_time":"2ms"}
[2025-09-25 15:19:38] INFO: Database connection established {"driver":"mysql","host":"db","database":"block_cms","connection_time":"1.67ms"}
[2025-09-25 15:20:37] INFO: Database connection established {"driver":"mysql","host":"db","database":"block_cms","connection_time":"1.89ms"}
[2025-09-25 15:21:27] INFO: Database connection established {"driver":"mysql","host":"db","database":"block_cms","connection_time":"1.71ms"}
[2025-09-25 15:21:45] INFO: Database connection established {"driver":"mysql","host":"db","database":"block_cms","connection_time":"4.02ms"}
[2025-09-25 15:22:44] INFO: Database connection established {"driver":"mysql","host":"db","database":"block_cms","connection_time":"1.6ms"}
[2025-09-25 15:23:02] INFO: Database connection established {"driver":"mysql","host":"db","database":"block_cms","connection_time":"1.61ms"}
[2025-09-25 15:24:07] INFO: Database connection established {"driver":"mysql","host":"db","database":"block_cms","connection_time":"1.63ms"}
[2025-09-25 15:24:16] INFO: Database connection established {"driver":"mysql","host":"db","database":"block_cms","connection_time":"1.62ms"}
[2025-09-25 15:24:27] INFO: Database connection established {"driver":"mysql","host":"db","database":"block_cms","connection_time":"1.72ms"}
[2025-09-25 15:24:43] INFO: Database connection established {"driver":"mysql","host":"db","database":"block_cms","connection_time":"1.58ms"}
[2025-09-25 15:24:54] INFO: Database connection established {"driver":"mysql","host":"db","database":"block_cms","connection_time":"1.63ms"}
[2025-09-25 15:25:40] INFO: Database connection established {"driver":"mysql","host":"db","database":"block_cms","connection_time":"1.33ms"}
[2025-09-25 15:26:10] INFO: Database connection established {"driver":"mysql","host":"db","database":"block_cms","connection_time":"1.34ms"}
[2025-09-25 15:26:34] INFO: Database connection established {"driver":"mysql","host":"db","database":"block_cms","connection_time":"1.75ms"}
[2025-09-25 15:26:51] INFO: Database connection established {"driver":"mysql","host":"db","database":"block_cms","connection_time":"1.6ms"}
[2025-09-25 15:27:30] INFO: Database connection established {"driver":"mysql","host":"db","database":"block_cms","connection_time":"1.72ms"}
[2025-09-25 15:27:46] INFO: Database connection established {"driver":"mysql","host":"db","database":"block_cms","connection_time":"1.61ms"}
[2025-09-25 15:28:55] INFO: Database connection established {"driver":"mysql","host":"db","database":"block_cms","connection_time":"1.54ms"}
[2025-09-25 15:29:27] INFO: Database connection established {"driver":"mysql","host":"db","database":"block_cms","connection_time":"1.33ms"}
[2025-09-25 15:29:41] INFO: Database connection established {"driver":"mysql","host":"db","database":"block_cms","connection_time":"1.31ms"}
[2025-09-25 15:30:00] INFO: Database connection established {"driver":"mysql","host":"db","database":"block_cms","connection_time":"1.46ms"}
[2025-09-25 15:30:17] INFO: Database connection established {"driver":"mysql","host":"db","database":"block_cms","connection_time":"1.72ms"}
[2025-09-25 15:30:30] INFO: Database connection established {"driver":"mysql","host":"db","database":"block_cms","connection_time":"2.59ms"}
[2025-09-25 15:31:03] INFO: Database connection established {"driver":"mysql","host":"db","database":"block_cms","connection_time":"1.59ms"}
[2025-09-25 15:32:18] INFO: Database connection established {"driver":"mysql","host":"db","database":"block_cms","connection_time":"1.55ms"}
[2025-09-25 15:32:51] INFO: Database connection established {"driver":"mysql","host":"db","database":"block_cms","connection_time":"1.64ms"}
[2025-09-25 15:33:04] INFO: Database connection established {"driver":"mysql","host":"db","database":"block_cms","connection_time":"1.52ms"}
[2025-09-25 15:33:11] INFO: Database connection established {"driver":"mysql","host":"db","database":"block_cms","connection_time":"1.78ms"}
[2025-09-25 15:33:12] INFO: Database connection established {"driver":"mysql","host":"db","database":"block_cms","connection_time":"0.99ms"}
[2025-09-25 15:33:39] INFO: Database connection established {"driver":"mysql","host":"db","database":"block_cms","connection_time":"1.71ms"}
[2025-09-25 15:33:40] INFO: Database connection established {"driver":"mysql","host":"db","database":"block_cms","connection_time":"1.97ms"}
[2025-09-25 15:33:40] INFO: Database connection established {"driver":"mysql","host":"db","database":"block_cms","connection_time":"2.95ms"}
[2025-09-25 15:33:52] INFO: Database connection established {"driver":"mysql","host":"db","database":"block_cms","connection_time":"1.63ms"}
[2025-09-25 15:34:08] INFO: Database connection established {"driver":"mysql","host":"db","database":"block_cms","connection_time":"1.9ms"}
[2025-09-25 15:34:09] INFO: Database connection established {"driver":"mysql","host":"db","database":"block_cms","connection_time":"3.47ms"}
[2025-09-25 15:34:09] INFO: Database connection established {"driver":"mysql","host":"db","database":"block_cms","connection_time":"1.05ms"}
[2025-09-25 15:34:09] INFO: Database connection established {"driver":"mysql","host":"db","database":"block_cms","connection_time":"1.06ms"}
[2025-09-25 15:34:09] INFO: Database connection established {"driver":"mysql","host":"db","database":"block_cms","connection_time":"1.02ms"}
[2025-09-25 15:34:29] INFO: Database connection established {"driver":"mysql","host":"db","database":"block_cms","connection_time":"1.7ms"}
[2025-09-25 15:34:44] INFO: Database connection established {"driver":"mysql","host":"db","database":"block_cms","connection_time":"1.59ms"}
[2025-09-25 15:35:13] INFO: Database connection established {"driver":"mysql","host":"db","database":"block_cms","connection_time":"3.54ms"}
[2025-09-25 15:35:48] INFO: Database connection established {"driver":"mysql","host":"db","database":"block_cms","connection_time":"1.65ms"}
[2025-09-25 15:36:21] INFO: Database connection established {"driver":"mysql","host":"db","database":"block_cms","connection_time":"1.24ms"}
[2025-09-25 15:36:46] INFO: Database connection established {"driver":"mysql","host":"db","database":"block_cms","connection_time":"1.63ms"}
[2025-09-25 15:37:03] INFO: Database connection established {"driver":"mysql","host":"db","database":"block_cms","connection_time":"1.61ms"}
[2025-09-25 15:37:30] INFO: Database connection established {"driver":"mysql","host":"db","database":"block_cms","connection_time":"1.15ms"}
[2025-09-25 15:37:31] INFO: Database connection established {"driver":"mysql","host":"db","database":"block_cms","connection_time":"1.39ms"}
[2025-09-25 15:37:31] INFO: Database connection established {"driver":"mysql","host":"db","database":"block_cms","connection_time":"1.25ms"}
[2025-09-25 15:37:31] INFO: Database connection established {"driver":"mysql","host":"db","database":"block_cms","connection_time":"1.03ms"}
[2025-09-25 15:37:31] INFO: Database connection established {"driver":"mysql","host":"db","database":"block_cms","connection_time":"1.61ms"}
[2025-09-25 15:37:31] INFO: Database connection established {"driver":"mysql","host":"db","database":"block_cms","connection_time":"1.77ms"}
[2025-09-25 15:37:49] INFO: Database connection established {"driver":"mysql","host":"db","database":"block_cms","connection_time":"2.01ms"}
[2025-09-25 15:37:50] INFO: Database connection established {"driver":"mysql","host":"db","database":"block_cms","connection_time":"1.8ms"}
[2025-09-25 15:37:50] INFO: Database connection established {"driver":"mysql","host":"db","database":"block_cms","connection_time":"1.15ms"}
[2025-09-25 15:37:50] INFO: Database connection established {"driver":"mysql","host":"db","database":"block_cms","connection_time":"1.28ms"}
[2025-09-25 15:37:50] INFO: Database connection established {"driver":"mysql","host":"db","database":"block_cms","connection_time":"0.96ms"}
[2025-09-25 15:37:50] INFO: Database connection established {"driver":"mysql","host":"db","database":"block_cms","connection_time":"1.5ms"}
[2025-09-25 15:37:50] INFO: Database connection established {"driver":"mysql","host":"db","database":"block_cms","connection_time":"2.45ms"}
[2025-09-25 15:37:51] INFO: Database connection established {"driver":"mysql","host":"db","database":"block_cms","connection_time":"1.54ms"}
[2025-09-25 15:37:51] INFO: Database connection established {"driver":"mysql","host":"db","database":"block_cms","connection_time":"1.06ms"}
[2025-09-25 15:37:51] INFO: Database connection established {"driver":"mysql","host":"db","database":"block_cms","connection_time":"0.95ms"}
[2025-09-25 15:38:22] INFO: Database connection established {"driver":"mysql","host":"db","database":"block_cms","connection_time":"1.66ms"}
[2025-09-25 15:38:44] INFO: Database connection established {"driver":"mysql","host":"db","database":"block_cms","connection_time":"1.68ms"}
[2025-09-25 15:39:15] INFO: Database connection established {"driver":"mysql","host":"db","database":"block_cms","connection_time":"0.64ms"}
[2025-09-25 15:39:34] INFO: Database connection established {"driver":"mysql","host":"db","database":"block_cms","connection_time":"4.91ms"}
[2025-09-25 15:40:07] INFO: Database connection established {"driver":"mysql","host":"db","database":"block_cms","connection_time":"1.69ms"}
[2025-09-25 15:40:24] INFO: Database connection established {"driver":"mysql","host":"db","database":"block_cms","connection_time":"2.25ms"}
[2025-09-25 15:40:52] INFO: Database connection established {"driver":"mysql","host":"db","database":"block_cms","connection_time":"1.56ms"}
[2025-09-25 15:40:53] INFO: Database connection established {"driver":"mysql","host":"db","database":"block_cms","connection_time":"1.7ms"}
[2025-09-25 15:40:53] INFO: Database connection established {"driver":"mysql","host":"db","database":"block_cms","connection_time":"1.05ms"}
[2025-09-25 15:40:53] INFO: Database connection established {"driver":"mysql","host":"db","database":"block_cms","connection_time":"2.05ms"}
[2025-09-25 15:40:53] INFO: Database connection established {"driver":"mysql","host":"db","database":"block_cms","connection_time":"0.7ms"}
[2025-09-25 15:41:04] INFO: Database connection established {"driver":"mysql","host":"db","database":"block_cms","connection_time":"2.3ms"}
[2025-09-25 15:41:04] INFO: Database connection established {"driver":"mysql","host":"db","database":"block_cms","connection_time":"1.79ms"}
[2025-09-25 15:41:04] INFO: Database connection established {"driver":"mysql","host":"db","database":"block_cms","connection_time":"1.81ms"}
[2025-09-25 15:41:04] INFO: Database connection established {"driver":"mysql","host":"db","database":"block_cms","connection_time":"1.35ms"}
[2025-09-25 15:41:05] INFO: Database connection established {"driver":"mysql","host":"db","database":"block_cms","connection_time":"2.01ms"}
[2025-09-25 15:41:05] INFO: Database connection established {"driver":"mysql","host":"db","database":"block_cms","connection_time":"1.31ms"}
[2025-09-25 15:41:05] INFO: Database connection established {"driver":"mysql","host":"db","database":"block_cms","connection_time":"0.98ms"}
[2025-09-25 15:41:05] INFO: Database connection established {"driver":"mysql","host":"db","database":"block_cms","connection_time":"1.45ms"}
[2025-09-25 15:41:05] INFO: Database connection established {"driver":"mysql","host":"db","database":"block_cms","connection_time":"0.88ms"}
[2025-09-25 15:41:15] INFO: Database connection established {"driver":"mysql","host":"db","database":"block_cms","connection_time":"1.71ms"}
[2025-09-25 15:41:16] INFO: Database connection established {"driver":"mysql","host":"db","database":"block_cms","connection_time":"2.11ms"}
[2025-09-25 15:41:16] INFO: Database connection established {"driver":"mysql","host":"db","database":"block_cms","connection_time":"0.8ms"}
[2025-09-25 15:41:16] INFO: Database connection established {"driver":"mysql","host":"db","database":"block_cms","connection_time":"0.73ms"}
[2025-09-25 15:41:35] INFO: Database connection established {"driver":"mysql","host":"db","database":"block_cms","connection_time":"1.58ms"}
[2025-09-25 15:41:35] INFO: Database connection established {"driver":"mysql","host":"db","database":"block_cms","connection_time":"0.98ms"}
[2025-09-25 15:41:35] INFO: Database connection established {"driver":"mysql","host":"db","database":"block_cms","connection_time":"1.36ms"}
[2025-09-25 15:41:35] INFO: Database connection established {"driver":"mysql","host":"db","database":"block_cms","connection_time":"0.99ms"}
[2025-09-25 15:41:47] INFO: Database connection established {"driver":"mysql","host":"db","database":"block_cms","connection_time":"1.53ms"}
[2025-09-25 15:42:08] INFO: Database connection established {"driver":"mysql","host":"db","database":"block_cms","connection_time":"1.72ms"}
[2025-09-25 15:42:27] INFO: Database connection established {"driver":"mysql","host":"db","database":"block_cms","connection_time":"1.63ms"}
[2025-09-25 15:42:57] INFO: Database connection established {"driver":"mysql","host":"db","database":"block_cms","connection_time":"1.35ms"}
[2025-09-25 15:43:28] INFO: Database connection established {"driver":"mysql","host":"db","database":"block_cms","connection_time":"1.65ms"}
[2025-09-25 15:43:58] INFO: Database connection established {"driver":"mysql","host":"db","database":"block_cms","connection_time":"1.85ms"}
[2025-09-25 15:44:39] INFO: Database connection established {"driver":"mysql","host":"db","database":"block_cms","connection_time":"1.6ms"}
[2025-09-25 15:44:56] INFO: Database connection established {"driver":"mysql","host":"db","database":"block_cms","connection_time":"1.91ms"}
[2025-09-25 15:45:17] INFO: Database connection established {"driver":"mysql","host":"db","database":"block_cms","connection_time":"2.28ms"}
[2025-09-25 15:46:13] INFO: Database connection established {"driver":"mysql","host":"db","database":"block_cms","connection_time":"2.72ms"}
[2025-09-25 15:46:46] INFO: Database connection established {"driver":"mysql","host":"db","database":"block_cms","connection_time":"1.76ms"}
[2025-09-25 15:47:02] INFO: Database connection established {"driver":"mysql","host":"db","database":"block_cms","connection_time":"1.64ms"}
[2025-09-25 15:48:43] INFO: Database connection established {"driver":"mysql","host":"db","database":"block_cms","connection_time":"2.09ms"}
[2025-09-25 15:49:03] INFO: Database connection established {"driver":"mysql","host":"db","database":"block_cms","connection_time":"1.63ms"}
[2025-09-25 15:50:30] INFO: Database connection established {"driver":"mysql","host":"db","database":"block_cms","connection_time":"1.75ms"}
[2025-09-25 15:51:35] INFO: Database connection established {"driver":"mysql","host":"db","database":"block_cms","connection_time":"0.95ms"}
[2025-09-25 15:52:08] INFO: Database connection established {"driver":"mysql","host":"db","database":"block_cms","connection_time":"1.9ms"}
[2025-09-25 15:52:11] INFO: Database connection established {"driver":"mysql","host":"db","database":"block_cms","connection_time":"1.76ms"}
[2025-09-25 15:52:31] INFO: Database connection established {"driver":"mysql","host":"db","database":"block_cms","connection_time":"2.07ms"}
[2025-09-25 15:53:04] INFO: Database connection established {"driver":"mysql","host":"db","database":"block_cms","connection_time":"1.68ms"}
[2025-09-25 15:53:53] INFO: Database connection established {"driver":"mysql","host":"db","database":"block_cms","connection_time":"1.8ms"}
[2025-09-25 15:53:56] INFO: Database connection established {"driver":"mysql","host":"db","database":"block_cms","connection_time":"2.02ms"}
[2025-09-25 15:54:00] INFO: Database connection established {"driver":"mysql","host":"db","database":"block_cms","connection_time":"1.78ms"}
[2025-09-25 15:54:03] INFO: Database connection established {"driver":"mysql","host":"db","database":"block_cms","connection_time":"1.82ms"}
[2025-09-25 16:35:54] INFO: Database connection established {"driver":"mysql","host":"db","database":"block_cms","connection_time":"1.22ms"}
[2025-09-25 16:36:01] INFO: Database connection established {"driver":"mysql","host":"db","database":"block_cms","connection_time":"2.17ms"}
[2025-09-25 16:36:04] INFO: Database connection established {"driver":"mysql","host":"db","database":"block_cms","connection_time":"1.04ms"}
[2025-09-25 16:36:45] INFO: Database connection established {"driver":"mysql","host":"db","database":"block_cms","connection_time":"1.03ms"}
[2025-09-25 16:36:56] INFO: Database connection established {"driver":"mysql","host":"db","database":"block_cms","connection_time":"1.34ms"}
[2025-09-25 16:37:32] INFO: Database connection established {"driver":"mysql","host":"db","database":"block_cms","connection_time":"1.82ms"}
[2025-09-25 16:37:40] INFO: Database connection established {"driver":"mysql","host":"db","database":"block_cms","connection_time":"1.33ms"}
[2025-09-25 16:37:40] INFO: Database connection established {"driver":"mysql","host":"db","database":"block_cms","connection_time":"1.96ms"}
[2025-09-25 16:37:51] INFO: Database connection established {"driver":"mysql","host":"db","database":"block_cms","connection_time":"1.54ms"}
[2025-09-25 16:42:28] INFO: Database connection established {"driver":"mysql","host":"db","database":"block_cms","connection_time":"1.43ms"}
[2025-09-25 16:42:29] INFO: Database connection established {"driver":"mysql","host":"db","database":"block_cms","connection_time":"1.81ms"}
[2025-09-25 16:42:46] INFO: Database connection established {"driver":"mysql","host":"db","database":"block_cms","connection_time":"0.79ms"}
[2025-09-25 16:43:26] INFO: Database connection established {"driver":"mysql","host":"db","database":"block_cms","connection_time":"0.95ms"}
[2025-09-25 16:43:26] INFO: Database connection established {"driver":"mysql","host":"db","database":"block_cms","connection_time":"0.66ms"}
[2025-09-25 16:43:28] INFO: Database connection established {"driver":"mysql","host":"db","database":"block_cms","connection_time":"2.12ms"}
[2025-09-25 16:44:41] INFO: Database connection established {"driver":"mysql","host":"db","database":"block_cms","connection_time":"0.77ms"}
[2025-09-25 16:44:41] INFO: Database connection established {"driver":"mysql","host":"db","database":"block_cms","connection_time":"0.8ms"}
[2025-09-25 16:44:46] INFO: Database connection established {"driver":"mysql","host":"db","database":"block_cms","connection_time":"1.24ms"}
[2025-09-25 16:44:46] INFO: Database connection established {"driver":"mysql","host":"db","database":"block_cms","connection_time":"1.01ms"}
[2025-09-25 16:44:53] INFO: Database connection established {"driver":"mysql","host":"db","database":"block_cms","connection_time":"1.87ms"}
[2025-09-25 16:44:53] INFO: Database connection established {"driver":"mysql","host":"db","database":"block_cms","connection_time":"0.94ms"}
[2025-09-25 16:44:58] INFO: Database connection established {"driver":"mysql","host":"db","database":"block_cms","connection_time":"2.45ms"}
[2025-09-25 16:44:58] INFO: Database connection established {"driver":"mysql","host":"db","database":"block_cms","connection_time":"0.91ms"}
[2025-09-25 16:45:06] INFO: Database connection established {"driver":"mysql","host":"db","database":"block_cms","connection_time":"6.17ms"}
[2025-09-25 16:46:54] INFO: Database connection established {"driver":"mysql","host":"db","database":"block_cms","connection_time":"1.5ms"}
[2025-09-25 16:46:54] INFO: Database connection established {"driver":"mysql","host":"db","database":"block_cms","connection_time":"0.78ms"}
[2025-09-25 16:47:53] INFO: Database connection established {"driver":"mysql","host":"db","database":"block_cms","connection_time":"0.77ms"}
[2025-09-25 16:47:53] INFO: Database connection established {"driver":"mysql","host":"db","database":"block_cms","connection_time":"0.82ms"}
[2025-09-25 16:48:11] INFO: Database connection established {"driver":"mysql","host":"db","database":"block_cms","connection_time":"1.65ms"}
[2025-09-25 16:48:28] INFO: Database connection established {"driver":"mysql","host":"db","database":"block_cms","connection_time":"1.93ms"}
[2025-09-25 16:49:07] INFO: Database connection established {"driver":"mysql","host":"db","database":"block_cms","connection_time":"0.74ms"}
[2025-09-25 16:49:07] INFO: Database connection established {"driver":"mysql","host":"db","database":"block_cms","connection_time":"0.61ms"}
[2025-09-25 16:49:10] INFO: Database connection established {"driver":"mysql","host":"db","database":"block_cms","connection_time":"1.21ms"}
[2025-09-25 16:50:21] INFO: Database connection established {"driver":"mysql","host":"db","database":"block_cms","connection_time":"0.72ms"}
[2025-09-25 16:50:21] INFO: Database connection established {"driver":"mysql","host":"db","database":"block_cms","connection_time":"0.69ms"}
[2025-09-25 16:50:26] INFO: Database connection established {"driver":"mysql","host":"db","database":"block_cms","connection_time":"1.49ms"}
[2025-09-25 16:50:39] INFO: Database connection established {"driver":"mysql","host":"db","database":"block_cms","connection_time":"0.73ms"}
[2025-09-25 16:50:39] INFO: Database connection established {"driver":"mysql","host":"db","database":"block_cms","connection_time":"0.72ms"}
[2025-09-25 16:50:42] INFO: Database connection established {"driver":"mysql","host":"db","database":"block_cms","connection_time":"1.29ms"}
[2025-09-25 16:50:54] INFO: Database connection established {"driver":"mysql","host":"db","database":"block_cms","connection_time":"0.74ms"}
[2025-09-25 16:50:54] INFO: Database connection established {"driver":"mysql","host":"db","database":"block_cms","connection_time":"0.82ms"}
[2025-09-25 16:50:56] INFO: Database connection established {"driver":"mysql","host":"db","database":"block_cms","connection_time":"1.84ms"}
[2025-09-25 16:51:01] INFO: Database connection established {"driver":"mysql","host":"db","database":"block_cms","connection_time":"1.53ms"}
[2025-09-25 16:51:01] INFO: Database connection established {"driver":"mysql","host":"db","database":"block_cms","connection_time":"0.81ms"}
[2025-09-25 16:51:03] INFO: Database connection established {"driver":"mysql","host":"db","database":"block_cms","connection_time":"0.93ms"}
[2025-09-25 16:51:05] INFO: Database connection established {"driver":"mysql","host":"db","database":"block_cms","connection_time":"1.47ms"}
[2025-09-25 16:51:14] INFO: Database connection established {"driver":"mysql","host":"db","database":"block_cms","connection_time":"1.61ms"}
[2025-09-25 16:51:15] INFO: Database connection established {"driver":"mysql","host":"db","database":"block_cms","connection_time":"0.87ms"}
[2025-09-25 16:52:29] INFO: Database connection established {"driver":"mysql","host":"db","database":"block_cms","connection_time":"1.5ms"}
[2025-09-25 16:52:29] INFO: Database connection established {"driver":"mysql","host":"db","database":"block_cms","connection_time":"1.43ms"}
[2025-09-25 16:52:37] INFO: Database connection established {"driver":"mysql","host":"db","database":"block_cms","connection_time":"1.15ms"}
[2025-09-25 16:52:38] INFO: Database connection established {"driver":"mysql","host":"db","database":"block_cms","connection_time":"0.57ms"}
[2025-09-25 16:52:38] INFO: Database connection established {"driver":"mysql","host":"db","database":"block_cms","connection_time":"0.79ms"}
[2025-09-25 16:53:24] INFO: Database connection established {"driver":"mysql","host":"db","database":"block_cms","connection_time":"1.82ms"}
[2025-09-25 16:53:24] INFO: Database connection established {"driver":"mysql","host":"db","database":"block_cms","connection_time":"0.76ms"}
[2025-09-25 16:53:26] INFO: Database connection established {"driver":"mysql","host":"db","database":"block_cms","connection_time":"1.44ms"}
[2025-09-25 16:53:26] INFO: Database connection established {"driver":"mysql","host":"db","database":"block_cms","connection_time":"0.74ms"}
[2025-09-25 16:53:33] INFO: Database connection established {"driver":"mysql","host":"db","database":"block_cms","connection_time":"1.5ms"}
[2025-09-25 16:53:33] INFO: Database connection established {"driver":"mysql","host":"db","database":"block_cms","connection_time":"0.92ms"}
[2025-09-25 16:53:39] INFO: Database connection established {"driver":"mysql","host":"db","database":"block_cms","connection_time":"1.46ms"}
[2025-09-25 16:53:41] INFO: Database connection established {"driver":"mysql","host":"db","database":"block_cms","connection_time":"1.38ms"}
[2025-09-25 16:53:41] INFO: Database connection established {"driver":"mysql","host":"db","database":"block_cms","connection_time":"0.89ms"}
[2025-09-25 16:55:02] INFO: Database connection established {"driver":"mysql","host":"db","database":"block_cms","connection_time":"1.15ms"}
[2025-09-25 16:55:02] INFO: Database connection established {"driver":"mysql","host":"db","database":"block_cms","connection_time":"0.83ms"}
[2025-09-25 16:55:31] INFO: Database connection established {"driver":"mysql","host":"db","database":"block_cms","connection_time":"1.85ms"}
[2025-09-25 16:55:31] INFO: Database connection established {"driver":"mysql","host":"db","database":"block_cms","connection_time":"0.66ms"}
[2025-09-25 16:55:36] INFO: Database connection established {"driver":"mysql","host":"db","database":"block_cms","connection_time":"1.46ms"}
[2025-09-25 16:55:36] INFO: Database connection established {"driver":"mysql","host":"db","database":"block_cms","connection_time":"1.09ms"}
[2025-09-25 16:55:47] INFO: Database connection established {"driver":"mysql","host":"db","database":"block_cms","connection_time":"1.45ms"}
[2025-09-25 16:55:47] INFO: Database connection established {"driver":"mysql","host":"db","database":"block_cms","connection_time":"1.11ms"}
[2025-09-25 16:55:53] INFO: Database connection established {"driver":"mysql","host":"db","database":"block_cms","connection_time":"0.94ms"}
[2025-09-25 16:55:53] INFO: Database connection established {"driver":"mysql","host":"db","database":"block_cms","connection_time":"1.14ms"}
[2025-09-25 16:56:07] INFO: Database connection established {"driver":"mysql","host":"db","database":"block_cms","connection_time":"1.15ms"}
[2025-09-25 16:56:07] INFO: Database connection established {"driver":"mysql","host":"db","database":"block_cms","connection_time":"10.38ms"}
[2025-09-25 16:56:16] INFO: Database connection established {"driver":"mysql","host":"db","database":"block_cms","connection_time":"1.26ms"}
[2025-09-25 16:56:16] INFO: Database connection established {"driver":"mysql","host":"db","database":"block_cms","connection_time":"0.87ms"}
[2025-09-25 17:10:59] INFO: Database connection established {"driver":"mysql","host":"db","database":"block_cms","connection_time":"1.4ms"}
[2025-09-25 17:11:41] INFO: Database connection established {"driver":"mysql","host":"db","database":"block_cms","connection_time":"1.76ms"}
[2025-09-25 17:12:26] INFO: Database connection established {"driver":"mysql","host":"db","database":"block_cms","connection_time":"1.84ms"}
[2025-09-25 17:12:42] INFO: Database connection established {"driver":"mysql","host":"db","database":"block_cms","connection_time":"1.84ms"}
[2025-09-25 17:12:51] INFO: Database connection established {"driver":"mysql","host":"db","database":"block_cms","connection_time":"1.76ms"}
[2025-09-25 17:14:42] INFO: Database connection established {"driver":"mysql","host":"db","database":"block_cms","connection_time":"1.7ms"}
[2025-09-25 17:15:00] INFO: Database connection established {"driver":"mysql","host":"db","database":"block_cms","connection_time":"1.55ms"}
[2025-09-25 17:15:10] INFO: Database connection established {"driver":"mysql","host":"db","database":"block_cms","connection_time":"1.81ms"}
[2025-09-25 17:15:21] INFO: Database connection established {"driver":"mysql","host":"db","database":"block_cms","connection_time":"1.89ms"}
[2025-09-25 17:15:33] INFO: Database connection established {"driver":"mysql","host":"db","database":"block_cms","connection_time":"1.88ms"}
[2025-09-25 17:16:08] INFO: Database connection established {"driver":"mysql","host":"db","database":"block_cms","connection_time":"1.85ms"}
[2025-09-25 17:16:33] INFO: Database connection established {"driver":"mysql","host":"db","database":"block_cms","connection_time":"1.61ms"}
[2025-09-25 17:17:17] INFO: Database connection established {"driver":"mysql","host":"db","database":"block_cms","connection_time":"2.18ms"}
[2025-09-25 17:19:10] INFO: Database connection established {"driver":"mysql","host":"db","database":"block_cms","connection_time":"0.85ms"}
[2025-09-25 17:19:47] INFO: Database connection established {"driver":"mysql","host":"db","database":"block_cms","connection_time":"0.83ms"}
[2025-09-25 17:19:48] INFO: Database connection established {"driver":"mysql","host":"db","database":"block_cms","connection_time":"1.77ms"}
[2025-09-25 17:20:04] INFO: Database connection established {"driver":"mysql","host":"db","database":"block_cms","connection_time":"0.82ms"}
[2025-09-25 17:20:05] INFO: Database connection established {"driver":"mysql","host":"db","database":"block_cms","connection_time":"1.88ms"}
[2025-09-25 17:20:05] INFO: Database connection established {"driver":"mysql","host":"db","database":"block_cms","connection_time":"1.85ms"}
[2025-09-25 17:20:06] INFO: Database connection established {"driver":"mysql","host":"db","database":"block_cms","connection_time":"1.91ms"}
[2025-09-25 17:20:06] INFO: Database connection established {"driver":"mysql","host":"db","database":"block_cms","connection_time":"1.77ms"}
[2025-09-25 17:20:06] INFO: Database connection established {"driver":"mysql","host":"db","database":"block_cms","connection_time":"2.82ms"}
[2025-09-25 17:20:06] INFO: Database connection established {"driver":"mysql","host":"db","database":"block_cms","connection_time":"1.73ms"}
[2025-09-25 17:20:25] INFO: Database connection established {"driver":"mysql","host":"db","database":"block_cms","connection_time":"1.67ms"}
[2025-09-25 17:20:46] INFO: Database connection established {"driver":"mysql","host":"db","database":"block_cms","connection_time":"1.53ms"}
[2025-09-25 17:20:47] INFO: Database connection established {"driver":"mysql","host":"db","database":"block_cms","connection_time":"1.43ms"}
[2025-09-25 17:20:47] INFO: Database connection established {"driver":"mysql","host":"db","database":"block_cms","connection_time":"1.36ms"}
[2025-09-25 17:20:47] INFO: Database connection established {"driver":"mysql","host":"db","database":"block_cms","connection_time":"1.47ms"}
[2025-09-25 17:20:47] INFO: Database connection established {"driver":"mysql","host":"db","database":"block_cms","connection_time":"1.65ms"}
[2025-09-25 17:21:00] INFO: Database connection established {"driver":"mysql","host":"db","database":"block_cms","connection_time":"1.64ms"}
[2025-09-25 17:21:26] INFO: Database connection established {"driver":"mysql","host":"db","database":"block_cms","connection_time":"1.55ms"}
[2025-09-25 19:40:14] INFO: Database connection established {"driver":"mysql","host":"127.0.0.1","database":"block_cms","connection_time":"3.12ms"}
[2025-09-25 19:40:14] INFO: Database connection established {"driver":"mysql","host":"127.0.0.1","database":"block_cms","connection_time":"2.14ms"}
[2025-09-25 19:40:14] DEBUG: Record inserted {"table":"blocks","insert_id":66,"data_keys":["page_id","type","data","order","created_at","updated_at"]}
[2025-09-25 19:40:14] DEBUG: Record inserted {"table":"blocks","insert_id":67,"data_keys":["page_id","type","data","order","created_at","updated_at"]}
[2025-09-25 19:40:14] DEBUG: Record inserted {"table":"blocks","insert_id":68,"data_keys":["page_id","type","data","order","created_at","updated_at"]}
[2025-09-25 19:40:14] DEBUG: Record inserted {"table":"blocks","insert_id":69,"data_keys":["page_id","type","data","order","created_at","updated_at"]}
[2025-09-25 19:40:14] DEBUG: Record inserted {"table":"blocks","insert_id":70,"data_keys":["page_id","type","data","order","created_at","updated_at"]}
[2025-09-25 19:40:14] DEBUG: Record inserted {"table":"blocks","insert_id":71,"data_keys":["page_id","type","data","order","created_at","updated_at"]}
[2025-09-25 19:40:14] DEBUG: Record inserted {"table":"blocks","insert_id":72,"data_keys":["page_id","type","data","order","created_at","updated_at"]}
[2025-09-25 19:40:14] DEBUG: Record inserted {"table":"blocks","insert_id":73,"data_keys":["page_id","type","data","order","created_at","updated_at"]}
[2025-09-25 19:41:13] INFO: Database connection established {"driver":"mysql","host":"db","database":"block_cms","connection_time":"0.76ms"}
[2025-09-25 19:41:15] INFO: Database connection established {"driver":"mysql","host":"db","database":"block_cms","connection_time":"1.55ms"}
[2025-09-25 19:41:20] INFO: Database connection established {"driver":"mysql","host":"db","database":"block_cms","connection_time":"0.74ms"}
[2025-09-25 19:42:09] INFO: Database connection established {"driver":"mysql","host":"db","database":"block_cms","connection_time":"0.84ms"}
[2025-09-25 19:42:10] INFO: Database connection established {"driver":"mysql","host":"db","database":"block_cms","connection_time":"2.43ms"}
[2025-09-25 19:42:10] INFO: Database connection established {"driver":"mysql","host":"db","database":"block_cms","connection_time":"1.28ms"}
[2025-09-25 19:42:10] INFO: Database connection established {"driver":"mysql","host":"db","database":"block_cms","connection_time":"1.19ms"}
[2025-09-25 19:42:10] INFO: Database connection established {"driver":"mysql","host":"db","database":"block_cms","connection_time":"1.41ms"}
[2025-09-25 19:42:18] INFO: Database connection established {"driver":"mysql","host":"db","database":"block_cms","connection_time":"1.39ms"}
[2025-09-25 19:42:45] INFO: Database connection established {"driver":"mysql","host":"db","database":"block_cms","connection_time":"0.83ms"}
[2025-09-25 19:43:18] INFO: Database connection established {"driver":"mysql","host":"db","database":"block_cms","connection_time":"0.86ms"}
[2025-09-25 19:43:25] INFO: Database connection established {"driver":"mysql","host":"db","database":"block_cms","connection_time":"0.96ms"}
[2025-09-25 19:43:58] INFO: Database connection established {"driver":"mysql","host":"db","database":"block_cms","connection_time":"1.16ms"}
[2025-09-25 19:44:03] INFO: Database connection established {"driver":"mysql","host":"db","database":"block_cms","connection_time":"1.66ms"}
[2025-09-25 19:44:14] INFO: Database connection established {"driver":"mysql","host":"db","database":"block_cms","connection_time":"0.86ms"}
[2025-09-25 19:44:30] INFO: Database connection established {"driver":"mysql","host":"db","database":"block_cms","connection_time":"1.27ms"}
[2025-09-25 19:46:33] INFO: Database connection established {"driver":"mysql","host":"db","database":"block_cms","connection_time":"0.85ms"}
[2025-09-25 19:46:33] INFO: Database connection established {"driver":"mysql","host":"db","database":"block_cms","connection_time":"0.77ms"}
[2025-09-25 19:46:55] INFO: Database connection established {"driver":"mysql","host":"db","database":"block_cms","connection_time":"1.02ms"}
[2025-09-25 19:46:55] INFO: Database connection established {"driver":"mysql","host":"db","database":"block_cms","connection_time":"0.83ms"}
[2025-09-25 19:46:58] INFO: Database connection established {"driver":"mysql","host":"db","database":"block_cms","connection_time":"2.07ms"}
[2025-09-25 19:46:58] INFO: Database connection established {"driver":"mysql","host":"db","database":"block_cms","connection_time":"0.8ms"}
[2025-09-25 19:47:20] INFO: Database connection established {"driver":"mysql","host":"db","database":"block_cms","connection_time":"0.75ms"}
[2025-09-25 19:47:20] INFO: Database connection established {"driver":"mysql","host":"db","database":"block_cms","connection_time":"0.77ms"}
[2025-09-25 19:47:36] INFO: Database connection established {"driver":"mysql","host":"db","database":"block_cms","connection_time":"0.69ms"}
[2025-09-25 19:47:36] INFO: Database connection established {"driver":"mysql","host":"db","database":"block_cms","connection_time":"0.69ms"}
[2025-09-25 19:48:04] INFO: Database connection established {"driver":"mysql","host":"db","database":"block_cms","connection_time":"0.79ms"}
[2025-09-25 19:48:04] INFO: Database connection established {"driver":"mysql","host":"db","database":"block_cms","connection_time":"0.89ms"}
[2025-09-25 19:48:04] INFO: Database connection established {"driver":"mysql","host":"db","database":"block_cms","connection_time":"1.23ms"}
[2025-09-25 19:48:04] INFO: Database connection established {"driver":"mysql","host":"db","database":"block_cms","connection_time":"0.73ms"}
[2025-09-25 19:48:41] INFO: Database connection established {"driver":"mysql","host":"db","database":"block_cms","connection_time":"0.77ms"}
[2025-09-25 19:48:41] INFO: Database connection established {"driver":"mysql","host":"db","database":"block_cms","connection_time":"0.71ms"}
[2025-09-25 19:48:58] INFO: Database connection established {"driver":"mysql","host":"db","database":"block_cms","connection_time":"0.83ms"}
[2025-09-25 19:48:58] INFO: Database connection established {"driver":"mysql","host":"db","database":"block_cms","connection_time":"0.66ms"}
[2025-09-25 19:49:26] INFO: Database connection established {"driver":"mysql","host":"db","database":"block_cms","connection_time":"0.76ms"}
[2025-09-25 19:49:26] INFO: Database connection established {"driver":"mysql","host":"db","database":"block_cms","connection_time":"0.8ms"}
[2025-09-25 19:49:27] INFO: Database connection established {"driver":"mysql","host":"db","database":"block_cms","connection_time":"1.21ms"}
[2025-09-25 19:49:27] INFO: Database connection established {"driver":"mysql","host":"db","database":"block_cms","connection_time":"0.86ms"}
[2025-09-25 19:49:27] INFO: Database connection established {"driver":"mysql","host":"db","database":"block_cms","connection_time":"3.35ms"}
[2025-09-25 19:49:27] INFO: Database connection established {"driver":"mysql","host":"db","database":"block_cms","connection_time":"0.79ms"}
[2025-09-25 19:49:38] INFO: Database connection established {"driver":"mysql","host":"db","database":"block_cms","connection_time":"0.82ms"}
[2025-09-25 19:49:39] INFO: Database connection established {"driver":"mysql","host":"db","database":"block_cms","connection_time":"0.74ms"}
[2025-09-25 19:51:07] INFO: Database connection established {"driver":"mysql","host":"db","database":"block_cms","connection_time":"0.77ms"}
[2025-09-25 19:51:07] INFO: Database connection established {"driver":"mysql","host":"db","database":"block_cms","connection_time":"0.83ms"}
