[2025-09-23 07:00:20] INFO: Database connection established {"driver":"mysql","host":"db","database":"block_cms","connection_time":"6.11ms"}
[2025-09-23 07:00:52] INFO: Database connection established {"driver":"mysql","host":"db","database":"block_cms","connection_time":"1.37ms"}
[2025-09-23 07:02:56] INFO: Database connection established {"driver":"mysql","host":"db","database":"block_cms","connection_time":"1.53ms"}
[2025-09-23 07:02:57] INFO: Database connection established {"driver":"mysql","host":"db","database":"block_cms","connection_time":"0.84ms"}
[2025-09-23 07:03:24] INFO: Database connection established {"driver":"mysql","host":"db","database":"block_cms","connection_time":"0.57ms"}
[2025-09-23 07:06:41] INFO: Database connection established {"driver":"mysql","host":"db","database":"block_cms","connection_time":"1.74ms"}
[2025-09-23 07:07:40] INFO: Database connection established {"driver":"mysql","host":"db","database":"block_cms","connection_time":"0.9ms"}
[2025-09-23 07:08:07] INFO: Database connection established {"driver":"mysql","host":"db","database":"block_cms","connection_time":"0.95ms"}
[2025-09-23 07:08:46] INFO: Database connection established {"driver":"mysql","host":"db","database":"block_cms","connection_time":"0.94ms"}
[2025-09-23 07:08:56] INFO: Database connection established {"driver":"mysql","host":"db","database":"block_cms","connection_time":"0.89ms"}
[2025-09-23 07:16:58] INFO: Database connection established {"driver":"mysql","host":"db","database":"block_cms","connection_time":"0.95ms"}
[2025-09-23 07:16:59] INFO: Database connection established {"driver":"mysql","host":"db","database":"block_cms","connection_time":"1.32ms"}
[2025-09-23 07:17:27] INFO: Database connection established {"driver":"mysql","host":"db","database":"block_cms","connection_time":"2.48ms"}
[2025-09-23 07:22:42] INFO: Database connection established {"driver":"mysql","host":"db","database":"block_cms","connection_time":"0.95ms"}
[2025-09-23 07:23:13] INFO: Database connection established {"driver":"mysql","host":"db","database":"block_cms","connection_time":"0.84ms"}
[2025-09-23 07:23:25] INFO: Database connection established {"driver":"mysql","host":"db","database":"block_cms","connection_time":"1.51ms"}
[2025-09-23 07:23:47] INFO: Database connection established {"driver":"mysql","host":"db","database":"block_cms","connection_time":"1.13ms"}
[2025-09-23 07:24:18] INFO: Database connection established {"driver":"mysql","host":"db","database":"block_cms","connection_time":"1.83ms"}
[2025-09-23 07:24:31] INFO: Database connection established {"driver":"mysql","host":"db","database":"block_cms","connection_time":"1.04ms"}
[2025-09-23 07:27:15] INFO: Database connection established {"driver":"mysql","host":"db","database":"block_cms","connection_time":"0.7ms"}
[2025-09-23 07:27:37] INFO: Database connection established {"driver":"mysql","host":"db","database":"block_cms","connection_time":"1.95ms"}
[2025-09-23 07:50:06] INFO: Database connection established {"driver":"mysql","host":"db","database":"block_cms","connection_time":"0.81ms"}
[2025-09-23 07:50:18] INFO: Database connection established {"driver":"mysql","host":"db","database":"block_cms","connection_time":"1.07ms"}
[2025-09-23 07:51:21] INFO: Database connection established {"driver":"mysql","host":"db","database":"block_cms","connection_time":"0.86ms"}
[2025-09-23 07:54:59] INFO: Database connection established {"driver":"mysql","host":"db","database":"block_cms","connection_time":"1.34ms"}
[2025-09-23 07:55:01] INFO: Database connection established {"driver":"mysql","host":"db","database":"block_cms","connection_time":"1.75ms"}
[2025-09-23 07:55:25] INFO: Database connection established {"driver":"mysql","host":"db","database":"block_cms","connection_time":"1.65ms"}
[2025-09-23 07:55:38] INFO: Database connection established {"driver":"mysql","host":"db","database":"block_cms","connection_time":"1.11ms"}
[2025-09-23 07:55:58] INFO: Database connection established {"driver":"mysql","host":"db","database":"block_cms","connection_time":"0.91ms"}
[2025-09-23 07:58:02] INFO: Database connection established {"driver":"mysql","host":"db","database":"block_cms","connection_time":"0.93ms"}
[2025-09-23 08:00:18] INFO: Database connection established {"driver":"mysql","host":"db","database":"block_cms","connection_time":"0.88ms"}
[2025-09-23 08:01:15] INFO: Database connection established {"driver":"mysql","host":"db","database":"block_cms","connection_time":"0.99ms"}
[2025-09-23 08:01:35] INFO: Database connection established {"driver":"mysql","host":"db","database":"block_cms","connection_time":"0.86ms"}
[2025-09-23 08:07:31] INFO: Database connection established {"driver":"mysql","host":"db","database":"block_cms","connection_time":"1ms"}
[2025-09-23 08:09:09] INFO: Database connection established {"driver":"mysql","host":"db","database":"block_cms","connection_time":"1ms"}
[2025-09-23 08:09:48] INFO: Database connection established {"driver":"mysql","host":"db","database":"block_cms","connection_time":"1.26ms"}
[2025-09-23 08:09:58] INFO: Database connection established {"driver":"mysql","host":"db","database":"block_cms","connection_time":"1.34ms"}
[2025-09-23 08:13:22] INFO: Database connection established {"driver":"mysql","host":"db","database":"block_cms","connection_time":"1.1ms"}
[2025-09-23 08:13:24] INFO: Database connection established {"driver":"mysql","host":"db","database":"block_cms","connection_time":"1.69ms"}
[2025-09-23 08:13:45] INFO: Database connection established {"driver":"mysql","host":"db","database":"block_cms","connection_time":"0.98ms"}
[2025-09-23 08:13:46] INFO: Database connection established {"driver":"mysql","host":"db","database":"block_cms","connection_time":"1.84ms"}
[2025-09-23 08:13:56] INFO: Database connection established {"driver":"mysql","host":"db","database":"block_cms","connection_time":"1.87ms"}
[2025-09-23 08:14:08] INFO: Database connection established {"driver":"mysql","host":"db","database":"block_cms","connection_time":"1.83ms"}
[2025-09-23 08:14:34] INFO: Database connection established {"driver":"mysql","host":"db","database":"block_cms","connection_time":"2.13ms"}
[2025-09-23 08:15:27] INFO: Database connection established {"driver":"mysql","host":"db","database":"block_cms","connection_time":"0.99ms"}
[2025-09-23 08:16:58] INFO: Database connection established {"driver":"mysql","host":"db","database":"block_cms","connection_time":"2.01ms"}
[2025-09-23 08:17:35] INFO: Database connection established {"driver":"mysql","host":"db","database":"block_cms","connection_time":"1.6ms"}
[2025-09-23 08:17:46] INFO: Database connection established {"driver":"mysql","host":"db","database":"block_cms","connection_time":"1.52ms"}
[2025-09-23 08:18:03] INFO: Database connection established {"driver":"mysql","host":"db","database":"block_cms","connection_time":"1.63ms"}
[2025-09-23 08:18:27] INFO: Database connection established {"driver":"mysql","host":"db","database":"block_cms","connection_time":"1.72ms"}
[2025-09-23 08:18:54] INFO: Database connection established {"driver":"mysql","host":"db","database":"block_cms","connection_time":"0.93ms"}
[2025-09-23 08:19:06] INFO: Database connection established {"driver":"mysql","host":"db","database":"block_cms","connection_time":"0.91ms"}
[2025-09-23 08:19:17] INFO: Database connection established {"driver":"mysql","host":"db","database":"block_cms","connection_time":"1.64ms"}
[2025-09-23 08:19:42] INFO: Database connection established {"driver":"mysql","host":"db","database":"block_cms","connection_time":"1ms"}
[2025-09-23 08:20:39] INFO: Database connection established {"driver":"mysql","host":"db","database":"block_cms","connection_time":"1.03ms"}
[2025-09-23 08:21:07] INFO: Database connection established {"driver":"mysql","host":"db","database":"block_cms","connection_time":"1.19ms"}
[2025-09-23 08:21:37] INFO: Database connection established {"driver":"mysql","host":"db","database":"block_cms","connection_time":"0.96ms"}
[2025-09-23 08:22:08] INFO: Database connection established {"driver":"mysql","host":"db","database":"block_cms","connection_time":"0.91ms"}
[2025-09-23 08:22:34] INFO: Database connection established {"driver":"mysql","host":"db","database":"block_cms","connection_time":"1.13ms"}
[2025-09-23 08:23:08] INFO: Database connection established {"driver":"mysql","host":"db","database":"block_cms","connection_time":"1.43ms"}
[2025-09-23 08:23:18] INFO: Database connection established {"driver":"mysql","host":"db","database":"block_cms","connection_time":"1.66ms"}
[2025-09-23 08:23:50] INFO: Database connection established {"driver":"mysql","host":"db","database":"block_cms","connection_time":"1ms"}
[2025-09-23 08:23:52] INFO: Database connection established {"driver":"mysql","host":"db","database":"block_cms","connection_time":"1.3ms"}
[2025-09-23 08:24:05] INFO: Database connection established {"driver":"mysql","host":"db","database":"block_cms","connection_time":"1.25ms"}
[2025-09-23 08:24:08] INFO: Database connection established {"driver":"mysql","host":"db","database":"block_cms","connection_time":"1.58ms"}
[2025-09-23 08:24:21] INFO: Database connection established {"driver":"mysql","host":"db","database":"block_cms","connection_time":"1.11ms"}
[2025-09-23 08:24:46] INFO: Database connection established {"driver":"mysql","host":"db","database":"block_cms","connection_time":"0.86ms"}
[2025-09-23 08:25:06] INFO: Database connection established {"driver":"mysql","host":"db","database":"block_cms","connection_time":"0.56ms"}
[2025-09-23 08:28:01] INFO: Database connection established {"driver":"mysql","host":"db","database":"block_cms","connection_time":"1.63ms"}
[2025-09-23 08:28:09] INFO: Database connection established {"driver":"mysql","host":"db","database":"block_cms","connection_time":"0.98ms"}
[2025-09-23 08:28:28] INFO: Database connection established {"driver":"mysql","host":"db","database":"block_cms","connection_time":"1.1ms"}
[2025-09-23 08:31:18] INFO: Database connection established {"driver":"mysql","host":"db","database":"block_cms","connection_time":"1.68ms"}
[2025-09-23 08:31:32] INFO: Database connection established {"driver":"mysql","host":"db","database":"block_cms","connection_time":"1.28ms"}
[2025-09-23 08:33:09] INFO: Database connection established {"driver":"mysql","host":"db","database":"block_cms","connection_time":"0.99ms"}
[2025-09-23 08:34:29] INFO: Database connection established {"driver":"mysql","host":"db","database":"block_cms","connection_time":"0.78ms"}
[2025-09-23 08:35:54] INFO: Database connection established {"driver":"mysql","host":"db","database":"block_cms","connection_time":"0.74ms"}
[2025-09-23 08:35:55] INFO: Database connection established {"driver":"mysql","host":"db","database":"block_cms","connection_time":"1.43ms"}
[2025-09-23 08:36:09] INFO: Database connection established {"driver":"mysql","host":"db","database":"block_cms","connection_time":"1.65ms"}
[2025-09-23 08:37:20] INFO: Database connection established {"driver":"mysql","host":"db","database":"block_cms","connection_time":"1.02ms"}
[2025-09-23 08:38:08] INFO: Database connection established {"driver":"mysql","host":"db","database":"block_cms","connection_time":"2.03ms"}
[2025-09-23 08:38:20] INFO: Database connection established {"driver":"mysql","host":"db","database":"block_cms","connection_time":"1.3ms"}
[2025-09-23 08:38:53] INFO: Database connection established {"driver":"mysql","host":"db","database":"block_cms","connection_time":"3.8ms"}
[2025-09-23 08:40:31] INFO: Database connection established {"driver":"mysql","host":"db","database":"block_cms","connection_time":"2.31ms"}
[2025-09-23 08:40:33] INFO: Database connection established {"driver":"mysql","host":"db","database":"block_cms","connection_time":"0.58ms"}
[2025-09-23 08:40:40] INFO: Database connection established {"driver":"mysql","host":"db","database":"block_cms","connection_time":"0.84ms"}
[2025-09-23 08:40:40] DEBUG: Database transaction started
[2025-09-23 08:40:40] INFO: Creating new page {"title":"test mike"}
[2025-09-23 08:40:40] DEBUG: Record inserted {"table":"pages","insert_id":49,"data_keys":["title","slug","status","meta_title","meta_description","published_at","created_at","updated_at"]}
[2025-09-23 08:40:40] INFO: Page created successfully {"page_id":49}
[2025-09-23 08:40:40] DEBUG: Record inserted {"table":"page_metadata","insert_id":31,"data_keys":["content_type","block_category","author","publish_date","expiry_date","visibility","password","featured","allow_comments","is_reusable_block","block_preview_image","page_id","created_at","updated_at"]}
[2025-09-23 08:40:40] DEBUG: Record inserted {"table":"page_seo","insert_id":31,"data_keys":["meta_keywords","canonical_url","no_index","no_follow","og_title","og_description","og_image","twitter_card","schema_markup","page_id","created_at","updated_at"]}
[2025-09-23 08:40:40] DEBUG: Record inserted {"table":"page_settings","insert_id":97,"data_keys":["template","custom_css","custom_js","redirect_url","menu_order","parent_page","latitude","longitude","address","price","currency","sale_price","recurring","recurring_period","page_id","created_at","updated_at"]}
[2025-09-23 08:40:40] DEBUG: Records deleted {"table":"page_access_roles","affected_rows":0,"where_conditions":["page_id"]}
[2025-09-23 08:40:40] DEBUG: Record inserted {"table":"page_access_roles","insert_id":51,"data_keys":["page_id","role","created_at","updated_at"]}
[2025-09-23 08:40:40] DEBUG: Record inserted {"table":"page_social","insert_id":89,"data_keys":["enable_sharing","platforms","share_text","share_hashtags","share_via","track_shares","track_clicks","pixel_ids","gtm_events","show_follower_count","show_share_count","show_recent_activity","testimonial_integration","auto_embed_links","embed_width","embed_height","lazy_load_embeds","page_id","created_at","updated_at"]}
[2025-09-23 08:40:40] DEBUG: Records deleted {"table":"page_categories","affected_rows":0,"where_conditions":["page_id"]}
[2025-09-23 08:40:40] DEBUG: Record inserted {"table":"categories","insert_id":283,"data_keys":["name","slug","is_active","created_at","updated_at"]}
[2025-09-23 08:40:40] DEBUG: Record inserted {"table":"page_categories","insert_id":282,"data_keys":["page_id","category_id","created_at","updated_at"]}
[2025-09-23 08:40:40] DEBUG: Record inserted {"table":"categories","insert_id":284,"data_keys":["name","slug","is_active","created_at","updated_at"]}
[2025-09-23 08:40:40] DEBUG: Record inserted {"table":"page_categories","insert_id":283,"data_keys":["page_id","category_id","created_at","updated_at"]}
[2025-09-23 08:40:40] DEBUG: Record inserted {"table":"categories","insert_id":285,"data_keys":["name","slug","is_active","created_at","updated_at"]}
[2025-09-23 08:40:40] DEBUG: Record inserted {"table":"page_categories","insert_id":284,"data_keys":["page_id","category_id","created_at","updated_at"]}
[2025-09-23 08:40:40] DEBUG: Records deleted {"table":"page_tags","affected_rows":0,"where_conditions":["page_id"]}
[2025-09-23 08:40:40] DEBUG: Record inserted {"table":"tags","insert_id":228,"data_keys":["name","slug","usage_count","created_at","updated_at"]}
[2025-09-23 08:40:40] DEBUG: Record inserted {"table":"page_tags","insert_id":228,"data_keys":["page_id","tag_id","created_at","updated_at"]}
[2025-09-23 08:40:40] DEBUG: Record inserted {"table":"tags","insert_id":229,"data_keys":["name","slug","usage_count","created_at","updated_at"]}
[2025-09-23 08:40:40] DEBUG: Record inserted {"table":"page_tags","insert_id":229,"data_keys":["page_id","tag_id","created_at","updated_at"]}
[2025-09-23 08:40:40] DEBUG: Record inserted {"table":"tags","insert_id":230,"data_keys":["name","slug","usage_count","created_at","updated_at"]}
[2025-09-23 08:40:40] DEBUG: Record inserted {"table":"page_tags","insert_id":230,"data_keys":["page_id","tag_id","created_at","updated_at"]}
[2025-09-23 08:41:42] INFO: Database connection established {"driver":"mysql","host":"db","database":"block_cms","connection_time":"0.9ms"}
[2025-09-23 08:41:42] DEBUG: Database transaction started
[2025-09-23 08:41:42] INFO: Creating new page {"title":"test mike"}
[2025-09-23 08:41:42] DEBUG: Record inserted {"table":"pages","insert_id":50,"data_keys":["title","slug","status","meta_title","meta_description","published_at","created_at","updated_at"]}
[2025-09-23 08:41:42] INFO: Page created successfully {"page_id":50}
[2025-09-23 08:41:42] DEBUG: Record inserted {"table":"page_metadata","insert_id":32,"data_keys":["content_type","block_category","author","publish_date","expiry_date","visibility","password","featured","allow_comments","is_reusable_block","block_preview_image","page_id","created_at","updated_at"]}
[2025-09-23 08:41:42] DEBUG: Record inserted {"table":"page_seo","insert_id":32,"data_keys":["meta_keywords","canonical_url","no_index","no_follow","og_title","og_description","og_image","twitter_card","schema_markup","page_id","created_at","updated_at"]}
[2025-09-23 08:41:42] DEBUG: Record inserted {"table":"page_settings","insert_id":98,"data_keys":["template","custom_css","custom_js","redirect_url","menu_order","parent_page","latitude","longitude","address","price","currency","sale_price","recurring","recurring_period","page_id","created_at","updated_at"]}
[2025-09-23 08:41:42] DEBUG: Records deleted {"table":"page_access_roles","affected_rows":0,"where_conditions":["page_id"]}
[2025-09-23 08:41:42] DEBUG: Record inserted {"table":"page_access_roles","insert_id":52,"data_keys":["page_id","role","created_at","updated_at"]}
[2025-09-23 08:41:42] DEBUG: Record inserted {"table":"page_social","insert_id":90,"data_keys":["enable_sharing","platforms","share_text","share_hashtags","share_via","track_shares","track_clicks","pixel_ids","gtm_events","show_follower_count","show_share_count","show_recent_activity","testimonial_integration","auto_embed_links","embed_width","embed_height","lazy_load_embeds","page_id","created_at","updated_at"]}
[2025-09-23 08:41:42] DEBUG: Records deleted {"table":"page_categories","affected_rows":0,"where_conditions":["page_id"]}
[2025-09-23 08:41:42] DEBUG: Record inserted {"table":"categories","insert_id":286,"data_keys":["name","slug","is_active","created_at","updated_at"]}
[2025-09-23 08:41:42] DEBUG: Record inserted {"table":"page_categories","insert_id":285,"data_keys":["page_id","category_id","created_at","updated_at"]}
[2025-09-23 08:41:42] DEBUG: Record inserted {"table":"categories","insert_id":287,"data_keys":["name","slug","is_active","created_at","updated_at"]}
[2025-09-23 08:41:42] DEBUG: Record inserted {"table":"page_categories","insert_id":286,"data_keys":["page_id","category_id","created_at","updated_at"]}
[2025-09-23 08:41:42] DEBUG: Record inserted {"table":"categories","insert_id":288,"data_keys":["name","slug","is_active","created_at","updated_at"]}
[2025-09-23 08:41:42] DEBUG: Record inserted {"table":"page_categories","insert_id":287,"data_keys":["page_id","category_id","created_at","updated_at"]}
[2025-09-23 08:41:42] DEBUG: Records deleted {"table":"page_tags","affected_rows":0,"where_conditions":["page_id"]}
[2025-09-23 08:41:42] DEBUG: Record inserted {"table":"tags","insert_id":231,"data_keys":["name","slug","usage_count","created_at","updated_at"]}
[2025-09-23 08:41:42] DEBUG: Record inserted {"table":"page_tags","insert_id":231,"data_keys":["page_id","tag_id","created_at","updated_at"]}
[2025-09-23 08:41:42] DEBUG: Record inserted {"table":"tags","insert_id":232,"data_keys":["name","slug","usage_count","created_at","updated_at"]}
[2025-09-23 08:41:42] DEBUG: Record inserted {"table":"page_tags","insert_id":232,"data_keys":["page_id","tag_id","created_at","updated_at"]}
[2025-09-23 08:41:42] DEBUG: Record inserted {"table":"tags","insert_id":233,"data_keys":["name","slug","usage_count","created_at","updated_at"]}
[2025-09-23 08:41:42] DEBUG: Record inserted {"table":"page_tags","insert_id":233,"data_keys":["page_id","tag_id","created_at","updated_at"]}
[2025-09-23 08:41:50] INFO: Database connection established {"driver":"mysql","host":"db","database":"block_cms","connection_time":"0.92ms"}
[2025-09-23 08:42:05] INFO: Database connection established {"driver":"mysql","host":"db","database":"block_cms","connection_time":"0.95ms"}
[2025-09-23 08:42:05] DEBUG: Database transaction started
[2025-09-23 08:42:18] INFO: Database connection established {"driver":"mysql","host":"db","database":"block_cms","connection_time":"1.11ms"}
[2025-09-23 08:42:18] DEBUG: Database transaction started
[2025-09-23 08:42:18] INFO: Creating new page {"title":"test mike"}
[2025-09-23 08:42:18] DEBUG: Record inserted {"table":"pages","insert_id":51,"data_keys":["title","slug","status","meta_title","meta_description","published_at","created_at","updated_at"]}
[2025-09-23 08:42:18] INFO: Page created successfully {"page_id":51}
[2025-09-23 08:42:18] DEBUG: Record inserted {"table":"page_metadata","insert_id":33,"data_keys":["content_type","block_category","author","publish_date","expiry_date","visibility","password","featured","allow_comments","is_reusable_block","block_preview_image","page_id","created_at","updated_at"]}
[2025-09-23 08:42:18] DEBUG: Record inserted {"table":"page_seo","insert_id":33,"data_keys":["meta_keywords","canonical_url","no_index","no_follow","og_title","og_description","og_image","twitter_card","schema_markup","page_id","created_at","updated_at"]}
[2025-09-23 08:42:18] DEBUG: Record inserted {"table":"page_settings","insert_id":99,"data_keys":["template","custom_css","custom_js","redirect_url","menu_order","parent_page","latitude","longitude","address","price","currency","sale_price","recurring","recurring_period","page_id","created_at","updated_at"]}
[2025-09-23 08:42:18] DEBUG: Records deleted {"table":"page_access_roles","affected_rows":0,"where_conditions":["page_id"]}
[2025-09-23 08:42:18] DEBUG: Record inserted {"table":"page_access_roles","insert_id":53,"data_keys":["page_id","role","created_at","updated_at"]}
[2025-09-23 08:42:18] DEBUG: Record inserted {"table":"page_social","insert_id":91,"data_keys":["enable_sharing","platforms","share_text","share_hashtags","share_via","track_shares","track_clicks","pixel_ids","gtm_events","show_follower_count","show_share_count","show_recent_activity","testimonial_integration","auto_embed_links","embed_width","embed_height","lazy_load_embeds","page_id","created_at","updated_at"]}
[2025-09-23 08:42:18] DEBUG: Records deleted {"table":"page_categories","affected_rows":0,"where_conditions":["page_id"]}
[2025-09-23 08:42:18] DEBUG: Record inserted {"table":"categories","insert_id":289,"data_keys":["name","slug","is_active","created_at","updated_at"]}
[2025-09-23 08:42:18] DEBUG: Record inserted {"table":"page_categories","insert_id":288,"data_keys":["page_id","category_id","created_at","updated_at"]}
[2025-09-23 08:42:18] DEBUG: Record inserted {"table":"categories","insert_id":290,"data_keys":["name","slug","is_active","created_at","updated_at"]}
[2025-09-23 08:42:18] DEBUG: Record inserted {"table":"page_categories","insert_id":289,"data_keys":["page_id","category_id","created_at","updated_at"]}
[2025-09-23 08:42:18] DEBUG: Record inserted {"table":"categories","insert_id":291,"data_keys":["name","slug","is_active","created_at","updated_at"]}
[2025-09-23 08:42:18] DEBUG: Record inserted {"table":"page_categories","insert_id":290,"data_keys":["page_id","category_id","created_at","updated_at"]}
[2025-09-23 08:42:18] DEBUG: Records deleted {"table":"page_tags","affected_rows":0,"where_conditions":["page_id"]}
[2025-09-23 08:42:18] DEBUG: Record inserted {"table":"tags","insert_id":234,"data_keys":["name","slug","usage_count","created_at","updated_at"]}
[2025-09-23 08:42:18] DEBUG: Record inserted {"table":"page_tags","insert_id":234,"data_keys":["page_id","tag_id","created_at","updated_at"]}
[2025-09-23 08:42:18] DEBUG: Record inserted {"table":"tags","insert_id":235,"data_keys":["name","slug","usage_count","created_at","updated_at"]}
[2025-09-23 08:42:18] DEBUG: Record inserted {"table":"page_tags","insert_id":235,"data_keys":["page_id","tag_id","created_at","updated_at"]}
[2025-09-23 08:42:18] DEBUG: Record inserted {"table":"tags","insert_id":236,"data_keys":["name","slug","usage_count","created_at","updated_at"]}
[2025-09-23 08:42:18] DEBUG: Record inserted {"table":"page_tags","insert_id":236,"data_keys":["page_id","tag_id","created_at","updated_at"]}
[2025-09-23 08:42:28] INFO: Database connection established {"driver":"mysql","host":"db","database":"block_cms","connection_time":"1.06ms"}
[2025-09-23 08:42:28] DEBUG: Database transaction started
[2025-09-23 08:42:28] INFO: Creating new page {"title":"test mike"}
[2025-09-23 08:42:28] DEBUG: Record inserted {"table":"pages","insert_id":52,"data_keys":["title","slug","status","meta_title","meta_description","published_at","created_at","updated_at"]}
[2025-09-23 08:42:28] INFO: Page created successfully {"page_id":52}
[2025-09-23 08:42:28] DEBUG: Record inserted {"table":"page_metadata","insert_id":34,"data_keys":["content_type","block_category","author","publish_date","expiry_date","visibility","password","featured","allow_comments","is_reusable_block","block_preview_image","page_id","created_at","updated_at"]}
[2025-09-23 08:42:28] DEBUG: Record inserted {"table":"page_seo","insert_id":34,"data_keys":["meta_keywords","canonical_url","no_index","no_follow","og_title","og_description","og_image","twitter_card","schema_markup","page_id","created_at","updated_at"]}
[2025-09-23 08:42:28] DEBUG: Record inserted {"table":"page_settings","insert_id":100,"data_keys":["template","custom_css","custom_js","redirect_url","menu_order","parent_page","latitude","longitude","address","price","currency","sale_price","recurring","recurring_period","page_id","created_at","updated_at"]}
[2025-09-23 08:42:28] DEBUG: Records deleted {"table":"page_access_roles","affected_rows":0,"where_conditions":["page_id"]}
[2025-09-23 08:42:28] DEBUG: Record inserted {"table":"page_access_roles","insert_id":54,"data_keys":["page_id","role","created_at","updated_at"]}
[2025-09-23 08:42:28] DEBUG: Record inserted {"table":"page_social","insert_id":92,"data_keys":["enable_sharing","platforms","share_text","share_hashtags","share_via","track_shares","track_clicks","pixel_ids","gtm_events","show_follower_count","show_share_count","show_recent_activity","testimonial_integration","auto_embed_links","embed_width","embed_height","lazy_load_embeds","page_id","created_at","updated_at"]}
[2025-09-23 08:42:28] DEBUG: Records deleted {"table":"page_categories","affected_rows":0,"where_conditions":["page_id"]}
[2025-09-23 08:42:28] DEBUG: Record inserted {"table":"categories","insert_id":292,"data_keys":["name","slug","is_active","created_at","updated_at"]}
[2025-09-23 08:42:28] DEBUG: Record inserted {"table":"page_categories","insert_id":291,"data_keys":["page_id","category_id","created_at","updated_at"]}
[2025-09-23 08:42:28] DEBUG: Record inserted {"table":"categories","insert_id":293,"data_keys":["name","slug","is_active","created_at","updated_at"]}
[2025-09-23 08:42:28] DEBUG: Record inserted {"table":"page_categories","insert_id":292,"data_keys":["page_id","category_id","created_at","updated_at"]}
[2025-09-23 08:42:28] DEBUG: Record inserted {"table":"categories","insert_id":294,"data_keys":["name","slug","is_active","created_at","updated_at"]}
[2025-09-23 08:42:28] DEBUG: Record inserted {"table":"page_categories","insert_id":293,"data_keys":["page_id","category_id","created_at","updated_at"]}
[2025-09-23 08:42:28] DEBUG: Records deleted {"table":"page_tags","affected_rows":0,"where_conditions":["page_id"]}
[2025-09-23 08:42:28] DEBUG: Record inserted {"table":"tags","insert_id":237,"data_keys":["name","slug","usage_count","created_at","updated_at"]}
[2025-09-23 08:42:28] DEBUG: Record inserted {"table":"page_tags","insert_id":237,"data_keys":["page_id","tag_id","created_at","updated_at"]}
[2025-09-23 08:42:28] DEBUG: Record inserted {"table":"tags","insert_id":238,"data_keys":["name","slug","usage_count","created_at","updated_at"]}
[2025-09-23 08:42:28] DEBUG: Record inserted {"table":"page_tags","insert_id":238,"data_keys":["page_id","tag_id","created_at","updated_at"]}
[2025-09-23 08:42:28] DEBUG: Record inserted {"table":"tags","insert_id":239,"data_keys":["name","slug","usage_count","created_at","updated_at"]}
[2025-09-23 08:42:28] DEBUG: Record inserted {"table":"page_tags","insert_id":239,"data_keys":["page_id","tag_id","created_at","updated_at"]}
[2025-09-23 08:42:39] INFO: Database connection established {"driver":"mysql","host":"db","database":"block_cms","connection_time":"1.1ms"}
[2025-09-23 08:42:39] DEBUG: Database transaction started
[2025-09-23 08:42:39] INFO: Creating new page {"title":"test mike"}
[2025-09-23 08:42:39] DEBUG: Record inserted {"table":"pages","insert_id":53,"data_keys":["title","slug","status","meta_title","meta_description","published_at","created_at","updated_at"]}
[2025-09-23 08:42:39] INFO: Page created successfully {"page_id":53}
[2025-09-23 08:42:39] DEBUG: Record inserted {"table":"page_metadata","insert_id":35,"data_keys":["content_type","block_category","author","publish_date","expiry_date","visibility","password","featured","allow_comments","is_reusable_block","block_preview_image","page_id","created_at","updated_at"]}
[2025-09-23 08:42:39] DEBUG: Record inserted {"table":"page_seo","insert_id":35,"data_keys":["meta_keywords","canonical_url","no_index","no_follow","og_title","og_description","og_image","twitter_card","schema_markup","page_id","created_at","updated_at"]}
[2025-09-23 08:42:39] DEBUG: Record inserted {"table":"page_settings","insert_id":101,"data_keys":["template","custom_css","custom_js","redirect_url","menu_order","parent_page","latitude","longitude","address","price","currency","sale_price","recurring","recurring_period","page_id","created_at","updated_at"]}
[2025-09-23 08:42:39] DEBUG: Records deleted {"table":"page_access_roles","affected_rows":0,"where_conditions":["page_id"]}
[2025-09-23 08:42:39] DEBUG: Record inserted {"table":"page_access_roles","insert_id":55,"data_keys":["page_id","role","created_at","updated_at"]}
[2025-09-23 08:42:39] DEBUG: Record inserted {"table":"page_social","insert_id":93,"data_keys":["enable_sharing","platforms","share_text","share_hashtags","share_via","track_shares","track_clicks","pixel_ids","gtm_events","show_follower_count","show_share_count","show_recent_activity","testimonial_integration","auto_embed_links","embed_width","embed_height","lazy_load_embeds","page_id","created_at","updated_at"]}
[2025-09-23 08:42:39] DEBUG: Records deleted {"table":"page_categories","affected_rows":0,"where_conditions":["page_id"]}
[2025-09-23 08:42:39] DEBUG: Record inserted {"table":"categories","insert_id":295,"data_keys":["name","slug","is_active","created_at","updated_at"]}
[2025-09-23 08:42:39] DEBUG: Record inserted {"table":"page_categories","insert_id":294,"data_keys":["page_id","category_id","created_at","updated_at"]}
[2025-09-23 08:42:39] DEBUG: Record inserted {"table":"categories","insert_id":296,"data_keys":["name","slug","is_active","created_at","updated_at"]}
[2025-09-23 08:42:39] DEBUG: Record inserted {"table":"page_categories","insert_id":295,"data_keys":["page_id","category_id","created_at","updated_at"]}
[2025-09-23 08:42:39] DEBUG: Record inserted {"table":"categories","insert_id":297,"data_keys":["name","slug","is_active","created_at","updated_at"]}
[2025-09-23 08:42:39] DEBUG: Record inserted {"table":"page_categories","insert_id":296,"data_keys":["page_id","category_id","created_at","updated_at"]}
[2025-09-23 08:42:39] DEBUG: Records deleted {"table":"page_tags","affected_rows":0,"where_conditions":["page_id"]}
[2025-09-23 08:42:39] DEBUG: Record inserted {"table":"tags","insert_id":240,"data_keys":["name","slug","usage_count","created_at","updated_at"]}
[2025-09-23 08:42:39] DEBUG: Record inserted {"table":"page_tags","insert_id":240,"data_keys":["page_id","tag_id","created_at","updated_at"]}
[2025-09-23 08:42:39] DEBUG: Record inserted {"table":"tags","insert_id":241,"data_keys":["name","slug","usage_count","created_at","updated_at"]}
[2025-09-23 08:42:39] DEBUG: Record inserted {"table":"page_tags","insert_id":241,"data_keys":["page_id","tag_id","created_at","updated_at"]}
[2025-09-23 08:42:39] DEBUG: Record inserted {"table":"tags","insert_id":242,"data_keys":["name","slug","usage_count","created_at","updated_at"]}
[2025-09-23 08:42:39] DEBUG: Record inserted {"table":"page_tags","insert_id":242,"data_keys":["page_id","tag_id","created_at","updated_at"]}
[2025-09-23 08:42:47] INFO: Database connection established {"driver":"mysql","host":"db","database":"block_cms","connection_time":"1ms"}
[2025-09-23 08:42:47] DEBUG: Database transaction started
[2025-09-23 08:42:57] INFO: Database connection established {"driver":"mysql","host":"db","database":"block_cms","connection_time":"0.63ms"}
[2025-09-23 08:42:57] DEBUG: Database transaction started
[2025-09-23 08:42:57] INFO: Creating new page {"title":"test mike"}
[2025-09-23 08:42:57] DEBUG: Record inserted {"table":"pages","insert_id":54,"data_keys":["title","slug","status","meta_title","meta_description","published_at","created_at","updated_at"]}
[2025-09-23 08:42:57] INFO: Page created successfully {"page_id":54}
[2025-09-23 08:43:10] INFO: Database connection established {"driver":"mysql","host":"db","database":"block_cms","connection_time":"0.92ms"}
[2025-09-23 08:43:10] DEBUG: Database transaction started
[2025-09-23 08:43:10] INFO: Creating new page {"title":"test mike"}
[2025-09-23 08:43:10] DEBUG: Record inserted {"table":"pages","insert_id":55,"data_keys":["title","slug","status","meta_title","meta_description","published_at","created_at","updated_at"]}
[2025-09-23 08:43:10] INFO: Page created successfully {"page_id":55}
[2025-09-23 08:43:10] DEBUG: Record inserted {"table":"page_metadata","insert_id":36,"data_keys":["content_type","block_category","author","publish_date","expiry_date","visibility","password","featured","allow_comments","is_reusable_block","block_preview_image","page_id","created_at","updated_at"]}
[2025-09-23 08:43:10] DEBUG: Record inserted {"table":"page_seo","insert_id":36,"data_keys":["meta_keywords","canonical_url","no_index","no_follow","og_title","og_description","og_image","twitter_card","schema_markup","page_id","created_at","updated_at"]}
[2025-09-23 08:43:20] INFO: Database connection established {"driver":"mysql","host":"db","database":"block_cms","connection_time":"0.92ms"}
[2025-09-23 08:43:21] DEBUG: Database transaction started
[2025-09-23 08:43:21] INFO: Creating new page {"title":"test mike"}
[2025-09-23 08:43:21] DEBUG: Record inserted {"table":"pages","insert_id":56,"data_keys":["title","slug","status","meta_title","meta_description","published_at","created_at","updated_at"]}
[2025-09-23 08:43:21] INFO: Page created successfully {"page_id":56}
[2025-09-23 08:43:21] DEBUG: Record inserted {"table":"page_metadata","insert_id":37,"data_keys":["content_type","block_category","author","publish_date","expiry_date","visibility","password","featured","allow_comments","is_reusable_block","block_preview_image","page_id","created_at","updated_at"]}
[2025-09-23 08:43:21] DEBUG: Record inserted {"table":"page_seo","insert_id":37,"data_keys":["meta_keywords","canonical_url","no_index","no_follow","og_title","og_description","og_image","twitter_card","schema_markup","page_id","created_at","updated_at"]}
[2025-09-23 08:43:21] DEBUG: Record inserted {"table":"page_settings","insert_id":102,"data_keys":["template","custom_css","custom_js","redirect_url","menu_order","parent_page","latitude","longitude","address","price","currency","sale_price","recurring","recurring_period","page_id","created_at","updated_at"]}
[2025-09-23 08:43:21] DEBUG: Records deleted {"table":"page_access_roles","affected_rows":0,"where_conditions":["page_id"]}
[2025-09-23 08:43:21] DEBUG: Record inserted {"table":"page_access_roles","insert_id":56,"data_keys":["page_id","role","created_at","updated_at"]}
[2025-09-23 08:43:21] DEBUG: Record inserted {"table":"page_social","insert_id":94,"data_keys":["enable_sharing","platforms","share_text","share_hashtags","share_via","track_shares","track_clicks","pixel_ids","gtm_events","show_follower_count","show_share_count","show_recent_activity","testimonial_integration","auto_embed_links","embed_width","embed_height","lazy_load_embeds","page_id","created_at","updated_at"]}
[2025-09-23 08:43:29] INFO: Database connection established {"driver":"mysql","host":"db","database":"block_cms","connection_time":"1.38ms"}
[2025-09-23 08:43:29] DEBUG: Database transaction started
[2025-09-23 08:43:29] INFO: Creating new page {"title":"test mike"}
[2025-09-23 08:43:29] DEBUG: Record inserted {"table":"pages","insert_id":57,"data_keys":["title","slug","status","meta_title","meta_description","published_at","created_at","updated_at"]}
[2025-09-23 08:43:29] INFO: Page created successfully {"page_id":57}
[2025-09-23 08:43:29] DEBUG: Record inserted {"table":"page_metadata","insert_id":38,"data_keys":["content_type","block_category","author","publish_date","expiry_date","visibility","password","featured","allow_comments","is_reusable_block","block_preview_image","page_id","created_at","updated_at"]}
[2025-09-23 08:43:29] DEBUG: Record inserted {"table":"page_seo","insert_id":38,"data_keys":["meta_keywords","canonical_url","no_index","no_follow","og_title","og_description","og_image","twitter_card","schema_markup","page_id","created_at","updated_at"]}
[2025-09-23 08:43:29] DEBUG: Record inserted {"table":"page_settings","insert_id":103,"data_keys":["template","custom_css","custom_js","redirect_url","menu_order","parent_page","latitude","longitude","address","price","currency","sale_price","recurring","recurring_period","page_id","created_at","updated_at"]}
[2025-09-23 08:43:29] DEBUG: Records deleted {"table":"page_access_roles","affected_rows":0,"where_conditions":["page_id"]}
[2025-09-23 08:43:29] DEBUG: Record inserted {"table":"page_access_roles","insert_id":57,"data_keys":["page_id","role","created_at","updated_at"]}
[2025-09-23 08:43:29] DEBUG: Record inserted {"table":"page_social","insert_id":95,"data_keys":["enable_sharing","platforms","share_text","share_hashtags","share_via","track_shares","track_clicks","pixel_ids","gtm_events","show_follower_count","show_share_count","show_recent_activity","testimonial_integration","auto_embed_links","embed_width","embed_height","lazy_load_embeds","page_id","created_at","updated_at"]}
[2025-09-23 08:43:29] DEBUG: Records deleted {"table":"page_categories","affected_rows":0,"where_conditions":["page_id"]}
[2025-09-23 08:43:29] DEBUG: Record inserted {"table":"categories","insert_id":298,"data_keys":["name","slug","is_active","created_at","updated_at"]}
[2025-09-23 08:43:29] DEBUG: Record inserted {"table":"page_categories","insert_id":297,"data_keys":["page_id","category_id","created_at","updated_at"]}
[2025-09-23 08:43:29] DEBUG: Record inserted {"table":"categories","insert_id":299,"data_keys":["name","slug","is_active","created_at","updated_at"]}
[2025-09-23 08:43:29] DEBUG: Record inserted {"table":"page_categories","insert_id":298,"data_keys":["page_id","category_id","created_at","updated_at"]}
[2025-09-23 08:43:29] DEBUG: Record inserted {"table":"categories","insert_id":300,"data_keys":["name","slug","is_active","created_at","updated_at"]}
[2025-09-23 08:43:29] DEBUG: Record inserted {"table":"page_categories","insert_id":299,"data_keys":["page_id","category_id","created_at","updated_at"]}
[2025-09-23 08:43:29] DEBUG: Records deleted {"table":"page_tags","affected_rows":0,"where_conditions":["page_id"]}
[2025-09-23 08:43:29] DEBUG: Record inserted {"table":"tags","insert_id":243,"data_keys":["name","slug","usage_count","created_at","updated_at"]}
[2025-09-23 08:43:29] DEBUG: Record inserted {"table":"page_tags","insert_id":243,"data_keys":["page_id","tag_id","created_at","updated_at"]}
[2025-09-23 08:43:29] DEBUG: Record inserted {"table":"tags","insert_id":244,"data_keys":["name","slug","usage_count","created_at","updated_at"]}
[2025-09-23 08:43:29] DEBUG: Record inserted {"table":"page_tags","insert_id":244,"data_keys":["page_id","tag_id","created_at","updated_at"]}
[2025-09-23 08:43:29] DEBUG: Record inserted {"table":"tags","insert_id":245,"data_keys":["name","slug","usage_count","created_at","updated_at"]}
[2025-09-23 08:43:29] DEBUG: Record inserted {"table":"page_tags","insert_id":245,"data_keys":["page_id","tag_id","created_at","updated_at"]}
[2025-09-23 08:43:44] INFO: Database connection established {"driver":"mysql","host":"db","database":"block_cms","connection_time":"0.95ms"}
[2025-09-23 08:43:44] DEBUG: Database transaction started
[2025-09-23 08:43:44] INFO: Creating new page {"title":"test mike"}
[2025-09-23 08:43:44] DEBUG: Record inserted {"table":"pages","insert_id":58,"data_keys":["title","slug","status","meta_title","meta_description","published_at","created_at","updated_at"]}
[2025-09-23 08:43:44] INFO: Page created successfully {"page_id":58}
[2025-09-23 08:43:44] DEBUG: Record inserted {"table":"page_metadata","insert_id":39,"data_keys":["content_type","block_category","author","publish_date","expiry_date","visibility","password","featured","allow_comments","is_reusable_block","block_preview_image","page_id","created_at","updated_at"]}
[2025-09-23 08:43:44] DEBUG: Record inserted {"table":"page_seo","insert_id":39,"data_keys":["meta_keywords","canonical_url","no_index","no_follow","og_title","og_description","og_image","twitter_card","schema_markup","page_id","created_at","updated_at"]}
[2025-09-23 08:43:44] DEBUG: Record inserted {"table":"page_settings","insert_id":104,"data_keys":["template","custom_css","custom_js","redirect_url","menu_order","parent_page","latitude","longitude","address","price","currency","sale_price","recurring","recurring_period","page_id","created_at","updated_at"]}
[2025-09-23 08:43:44] DEBUG: Records deleted {"table":"page_access_roles","affected_rows":0,"where_conditions":["page_id"]}
[2025-09-23 08:43:44] DEBUG: Record inserted {"table":"page_access_roles","insert_id":58,"data_keys":["page_id","role","created_at","updated_at"]}
[2025-09-23 08:43:44] DEBUG: Record inserted {"table":"page_social","insert_id":96,"data_keys":["enable_sharing","platforms","share_text","share_hashtags","share_via","track_shares","track_clicks","pixel_ids","gtm_events","show_follower_count","show_share_count","show_recent_activity","testimonial_integration","auto_embed_links","embed_width","embed_height","lazy_load_embeds","page_id","created_at","updated_at"]}
[2025-09-23 08:43:44] DEBUG: Records deleted {"table":"page_categories","affected_rows":0,"where_conditions":["page_id"]}
[2025-09-23 08:43:44] DEBUG: Record inserted {"table":"categories","insert_id":301,"data_keys":["name","slug","is_active","created_at","updated_at"]}
[2025-09-23 08:43:44] DEBUG: Record inserted {"table":"page_categories","insert_id":300,"data_keys":["page_id","category_id","created_at","updated_at"]}
[2025-09-23 08:43:44] DEBUG: Record inserted {"table":"categories","insert_id":302,"data_keys":["name","slug","is_active","created_at","updated_at"]}
[2025-09-23 08:43:44] DEBUG: Record inserted {"table":"page_categories","insert_id":301,"data_keys":["page_id","category_id","created_at","updated_at"]}
[2025-09-23 08:43:44] DEBUG: Record inserted {"table":"categories","insert_id":303,"data_keys":["name","slug","is_active","created_at","updated_at"]}
[2025-09-23 08:43:44] DEBUG: Record inserted {"table":"page_categories","insert_id":302,"data_keys":["page_id","category_id","created_at","updated_at"]}
[2025-09-23 08:43:54] INFO: Database connection established {"driver":"mysql","host":"db","database":"block_cms","connection_time":"0.92ms"}
[2025-09-23 08:43:54] DEBUG: Database transaction started
[2025-09-23 08:43:54] INFO: Creating new page {"title":"test mike"}
[2025-09-23 08:43:54] DEBUG: Record inserted {"table":"pages","insert_id":59,"data_keys":["title","slug","status","meta_title","meta_description","published_at","created_at","updated_at"]}
[2025-09-23 08:43:54] INFO: Page created successfully {"page_id":59}
[2025-09-23 08:43:54] DEBUG: Record inserted {"table":"page_metadata","insert_id":40,"data_keys":["content_type","block_category","author","publish_date","expiry_date","visibility","password","featured","allow_comments","is_reusable_block","block_preview_image","page_id","created_at","updated_at"]}
[2025-09-23 08:43:54] DEBUG: Record inserted {"table":"page_seo","insert_id":40,"data_keys":["meta_keywords","canonical_url","no_index","no_follow","og_title","og_description","og_image","twitter_card","schema_markup","page_id","created_at","updated_at"]}
[2025-09-23 08:43:54] DEBUG: Record inserted {"table":"page_settings","insert_id":105,"data_keys":["template","custom_css","custom_js","redirect_url","menu_order","parent_page","latitude","longitude","address","price","currency","sale_price","recurring","recurring_period","page_id","created_at","updated_at"]}
[2025-09-23 08:43:54] DEBUG: Records deleted {"table":"page_access_roles","affected_rows":0,"where_conditions":["page_id"]}
[2025-09-23 08:43:54] DEBUG: Record inserted {"table":"page_access_roles","insert_id":59,"data_keys":["page_id","role","created_at","updated_at"]}
[2025-09-23 08:43:54] DEBUG: Record inserted {"table":"page_social","insert_id":97,"data_keys":["enable_sharing","platforms","share_text","share_hashtags","share_via","track_shares","track_clicks","pixel_ids","gtm_events","show_follower_count","show_share_count","show_recent_activity","testimonial_integration","auto_embed_links","embed_width","embed_height","lazy_load_embeds","page_id","created_at","updated_at"]}
[2025-09-23 08:43:54] DEBUG: Records deleted {"table":"page_categories","affected_rows":0,"where_conditions":["page_id"]}
[2025-09-23 08:43:54] DEBUG: Record inserted {"table":"categories","insert_id":304,"data_keys":["name","slug","is_active","created_at","updated_at"]}
[2025-09-23 08:43:54] DEBUG: Record inserted {"table":"page_categories","insert_id":303,"data_keys":["page_id","category_id","created_at","updated_at"]}
[2025-09-23 08:43:54] DEBUG: Record inserted {"table":"categories","insert_id":305,"data_keys":["name","slug","is_active","created_at","updated_at"]}
[2025-09-23 08:43:54] DEBUG: Record inserted {"table":"page_categories","insert_id":304,"data_keys":["page_id","category_id","created_at","updated_at"]}
[2025-09-23 08:43:54] DEBUG: Record inserted {"table":"categories","insert_id":306,"data_keys":["name","slug","is_active","created_at","updated_at"]}
[2025-09-23 08:43:54] DEBUG: Record inserted {"table":"page_categories","insert_id":305,"data_keys":["page_id","category_id","created_at","updated_at"]}
[2025-09-23 08:43:54] DEBUG: Records deleted {"table":"page_tags","affected_rows":0,"where_conditions":["page_id"]}
[2025-09-23 08:43:54] DEBUG: Record inserted {"table":"tags","insert_id":246,"data_keys":["name","slug","usage_count","created_at","updated_at"]}
[2025-09-23 08:43:54] DEBUG: Record inserted {"table":"page_tags","insert_id":246,"data_keys":["page_id","tag_id","created_at","updated_at"]}
[2025-09-23 08:43:54] DEBUG: Record inserted {"table":"tags","insert_id":247,"data_keys":["name","slug","usage_count","created_at","updated_at"]}
[2025-09-23 08:43:54] DEBUG: Record inserted {"table":"page_tags","insert_id":247,"data_keys":["page_id","tag_id","created_at","updated_at"]}
[2025-09-23 08:43:54] DEBUG: Record inserted {"table":"tags","insert_id":248,"data_keys":["name","slug","usage_count","created_at","updated_at"]}
[2025-09-23 08:43:54] DEBUG: Record inserted {"table":"page_tags","insert_id":248,"data_keys":["page_id","tag_id","created_at","updated_at"]}
[2025-09-23 08:44:03] INFO: Database connection established {"driver":"mysql","host":"db","database":"block_cms","connection_time":"0.92ms"}
[2025-09-23 08:44:03] DEBUG: Database transaction started
[2025-09-23 08:44:03] INFO: Creating new page {"title":"test mike"}
[2025-09-23 08:44:03] DEBUG: Record inserted {"table":"pages","insert_id":60,"data_keys":["title","slug","status","meta_title","meta_description","published_at","created_at","updated_at"]}
[2025-09-23 08:44:03] INFO: Page created successfully {"page_id":60}
[2025-09-23 08:44:03] DEBUG: Record inserted {"table":"page_metadata","insert_id":41,"data_keys":["content_type","block_category","author","publish_date","expiry_date","visibility","password","featured","allow_comments","is_reusable_block","block_preview_image","page_id","created_at","updated_at"]}
[2025-09-23 08:44:03] DEBUG: Record inserted {"table":"page_seo","insert_id":41,"data_keys":["meta_keywords","canonical_url","no_index","no_follow","og_title","og_description","og_image","twitter_card","schema_markup","page_id","created_at","updated_at"]}
[2025-09-23 08:44:03] DEBUG: Record inserted {"table":"page_settings","insert_id":106,"data_keys":["template","custom_css","custom_js","redirect_url","menu_order","parent_page","latitude","longitude","address","price","currency","sale_price","recurring","recurring_period","page_id","created_at","updated_at"]}
[2025-09-23 08:44:03] DEBUG: Records deleted {"table":"page_access_roles","affected_rows":0,"where_conditions":["page_id"]}
[2025-09-23 08:44:03] DEBUG: Record inserted {"table":"page_access_roles","insert_id":60,"data_keys":["page_id","role","created_at","updated_at"]}
[2025-09-23 08:44:03] DEBUG: Record inserted {"table":"page_social","insert_id":98,"data_keys":["enable_sharing","platforms","share_text","share_hashtags","share_via","track_shares","track_clicks","pixel_ids","gtm_events","show_follower_count","show_share_count","show_recent_activity","testimonial_integration","auto_embed_links","embed_width","embed_height","lazy_load_embeds","page_id","created_at","updated_at"]}
[2025-09-23 08:44:03] DEBUG: Records deleted {"table":"page_categories","affected_rows":0,"where_conditions":["page_id"]}
[2025-09-23 08:44:03] DEBUG: Record inserted {"table":"categories","insert_id":307,"data_keys":["name","slug","is_active","created_at","updated_at"]}
[2025-09-23 08:44:03] DEBUG: Record inserted {"table":"page_categories","insert_id":306,"data_keys":["page_id","category_id","created_at","updated_at"]}
[2025-09-23 08:44:03] DEBUG: Record inserted {"table":"categories","insert_id":308,"data_keys":["name","slug","is_active","created_at","updated_at"]}
[2025-09-23 08:44:03] DEBUG: Record inserted {"table":"page_categories","insert_id":307,"data_keys":["page_id","category_id","created_at","updated_at"]}
[2025-09-23 08:44:03] DEBUG: Record inserted {"table":"categories","insert_id":309,"data_keys":["name","slug","is_active","created_at","updated_at"]}
[2025-09-23 08:44:03] DEBUG: Record inserted {"table":"page_categories","insert_id":308,"data_keys":["page_id","category_id","created_at","updated_at"]}
[2025-09-23 08:44:03] DEBUG: Records deleted {"table":"page_tags","affected_rows":0,"where_conditions":["page_id"]}
[2025-09-23 08:44:03] DEBUG: Record inserted {"table":"tags","insert_id":249,"data_keys":["name","slug","usage_count","created_at","updated_at"]}
[2025-09-23 08:44:03] DEBUG: Record inserted {"table":"page_tags","insert_id":249,"data_keys":["page_id","tag_id","created_at","updated_at"]}
[2025-09-23 08:44:03] DEBUG: Record inserted {"table":"tags","insert_id":250,"data_keys":["name","slug","usage_count","created_at","updated_at"]}
[2025-09-23 08:44:03] DEBUG: Record inserted {"table":"page_tags","insert_id":250,"data_keys":["page_id","tag_id","created_at","updated_at"]}
[2025-09-23 08:44:03] DEBUG: Record inserted {"table":"tags","insert_id":251,"data_keys":["name","slug","usage_count","created_at","updated_at"]}
[2025-09-23 08:44:03] DEBUG: Record inserted {"table":"page_tags","insert_id":251,"data_keys":["page_id","tag_id","created_at","updated_at"]}
[2025-09-23 08:45:54] INFO: Database connection established {"driver":"mysql","host":"db","database":"block_cms","connection_time":"0.98ms"}
[2025-09-23 08:45:54] DEBUG: Database transaction started
[2025-09-23 08:45:54] INFO: Creating new page {"title":"test mike"}
[2025-09-23 08:45:54] DEBUG: Record inserted {"table":"pages","insert_id":61,"data_keys":["title","slug","status","meta_title","meta_description","published_at","created_at","updated_at"]}
[2025-09-23 08:45:54] INFO: Page created successfully {"page_id":61}
[2025-09-23 08:45:54] DEBUG: Record inserted {"table":"page_metadata","insert_id":42,"data_keys":["content_type","block_category","author","publish_date","expiry_date","visibility","password","featured","allow_comments","is_reusable_block","block_preview_image","page_id","created_at","updated_at"]}
[2025-09-23 08:45:54] DEBUG: Record inserted {"table":"page_seo","insert_id":42,"data_keys":["meta_keywords","canonical_url","no_index","no_follow","og_title","og_description","og_image","twitter_card","schema_markup","page_id","created_at","updated_at"]}
[2025-09-23 08:45:54] DEBUG: Record inserted {"table":"page_settings","insert_id":107,"data_keys":["template","custom_css","custom_js","redirect_url","menu_order","parent_page","latitude","longitude","address","price","currency","sale_price","recurring","recurring_period","page_id","created_at","updated_at"]}
[2025-09-23 08:45:54] DEBUG: Records deleted {"table":"page_access_roles","affected_rows":0,"where_conditions":["page_id"]}
[2025-09-23 08:45:54] DEBUG: Record inserted {"table":"page_access_roles","insert_id":61,"data_keys":["page_id","role","created_at","updated_at"]}
[2025-09-23 08:45:54] DEBUG: Record inserted {"table":"page_social","insert_id":99,"data_keys":["enable_sharing","platforms","share_text","share_hashtags","share_via","track_shares","track_clicks","pixel_ids","gtm_events","show_follower_count","show_share_count","show_recent_activity","testimonial_integration","auto_embed_links","embed_width","embed_height","lazy_load_embeds","page_id","created_at","updated_at"]}
[2025-09-23 08:45:54] DEBUG: Records deleted {"table":"page_categories","affected_rows":0,"where_conditions":["page_id"]}
[2025-09-23 08:45:54] DEBUG: Record inserted {"table":"categories","insert_id":310,"data_keys":["name","slug","is_active","created_at","updated_at"]}
[2025-09-23 08:45:54] DEBUG: Record inserted {"table":"page_categories","insert_id":309,"data_keys":["page_id","category_id","created_at","updated_at"]}
[2025-09-23 08:45:54] DEBUG: Record inserted {"table":"categories","insert_id":311,"data_keys":["name","slug","is_active","created_at","updated_at"]}
[2025-09-23 08:45:54] DEBUG: Record inserted {"table":"page_categories","insert_id":310,"data_keys":["page_id","category_id","created_at","updated_at"]}
[2025-09-23 08:45:54] DEBUG: Record inserted {"table":"categories","insert_id":312,"data_keys":["name","slug","is_active","created_at","updated_at"]}
[2025-09-23 08:45:54] DEBUG: Record inserted {"table":"page_categories","insert_id":311,"data_keys":["page_id","category_id","created_at","updated_at"]}
[2025-09-23 08:45:54] DEBUG: Records deleted {"table":"page_tags","affected_rows":0,"where_conditions":["page_id"]}
[2025-09-23 08:45:54] DEBUG: Record inserted {"table":"tags","insert_id":252,"data_keys":["name","slug","usage_count","created_at","updated_at"]}
[2025-09-23 08:45:54] DEBUG: Record inserted {"table":"page_tags","insert_id":252,"data_keys":["page_id","tag_id","created_at","updated_at"]}
[2025-09-23 08:45:54] DEBUG: Record inserted {"table":"tags","insert_id":253,"data_keys":["name","slug","usage_count","created_at","updated_at"]}
[2025-09-23 08:45:54] DEBUG: Record inserted {"table":"page_tags","insert_id":253,"data_keys":["page_id","tag_id","created_at","updated_at"]}
[2025-09-23 08:45:54] DEBUG: Record inserted {"table":"tags","insert_id":254,"data_keys":["name","slug","usage_count","created_at","updated_at"]}
[2025-09-23 08:45:54] DEBUG: Record inserted {"table":"page_tags","insert_id":254,"data_keys":["page_id","tag_id","created_at","updated_at"]}
[2025-09-23 08:46:09] INFO: Database connection established {"driver":"mysql","host":"db","database":"block_cms","connection_time":"0.82ms"}
[2025-09-23 08:46:09] DEBUG: Database transaction started
[2025-09-23 08:46:09] INFO: Creating new page {"title":"test mike"}
[2025-09-23 08:46:09] DEBUG: Record inserted {"table":"pages","insert_id":62,"data_keys":["title","slug","status","meta_title","meta_description","published_at","created_at","updated_at"]}
[2025-09-23 08:46:09] INFO: Page created successfully {"page_id":62}
[2025-09-23 08:46:09] DEBUG: Record inserted {"table":"page_metadata","insert_id":43,"data_keys":["content_type","block_category","author","publish_date","expiry_date","visibility","password","featured","allow_comments","is_reusable_block","block_preview_image","page_id","created_at","updated_at"]}
[2025-09-23 08:46:09] DEBUG: Record inserted {"table":"page_seo","insert_id":43,"data_keys":["meta_keywords","canonical_url","no_index","no_follow","og_title","og_description","og_image","twitter_card","schema_markup","page_id","created_at","updated_at"]}
[2025-09-23 08:46:09] DEBUG: Record inserted {"table":"page_settings","insert_id":108,"data_keys":["template","custom_css","custom_js","redirect_url","menu_order","parent_page","latitude","longitude","address","price","currency","sale_price","recurring","recurring_period","page_id","created_at","updated_at"]}
[2025-09-23 08:46:09] DEBUG: Records deleted {"table":"page_access_roles","affected_rows":0,"where_conditions":["page_id"]}
[2025-09-23 08:46:09] DEBUG: Record inserted {"table":"page_access_roles","insert_id":62,"data_keys":["page_id","role","created_at","updated_at"]}
[2025-09-23 08:46:09] DEBUG: Record inserted {"table":"page_social","insert_id":100,"data_keys":["enable_sharing","platforms","share_text","share_hashtags","share_via","track_shares","track_clicks","pixel_ids","gtm_events","show_follower_count","show_share_count","show_recent_activity","testimonial_integration","auto_embed_links","embed_width","embed_height","lazy_load_embeds","page_id","created_at","updated_at"]}
[2025-09-23 08:46:09] DEBUG: Records deleted {"table":"page_categories","affected_rows":0,"where_conditions":["page_id"]}
[2025-09-23 08:46:09] DEBUG: Record inserted {"table":"categories","insert_id":313,"data_keys":["name","slug","is_active","created_at","updated_at"]}
[2025-09-23 08:46:09] DEBUG: Record inserted {"table":"page_categories","insert_id":312,"data_keys":["page_id","category_id","created_at","updated_at"]}
[2025-09-23 08:46:09] DEBUG: Record inserted {"table":"categories","insert_id":314,"data_keys":["name","slug","is_active","created_at","updated_at"]}
[2025-09-23 08:46:09] DEBUG: Record inserted {"table":"page_categories","insert_id":313,"data_keys":["page_id","category_id","created_at","updated_at"]}
[2025-09-23 08:46:09] DEBUG: Record inserted {"table":"categories","insert_id":315,"data_keys":["name","slug","is_active","created_at","updated_at"]}
[2025-09-23 08:46:09] DEBUG: Record inserted {"table":"page_categories","insert_id":314,"data_keys":["page_id","category_id","created_at","updated_at"]}
[2025-09-23 08:46:09] DEBUG: Records deleted {"table":"page_tags","affected_rows":0,"where_conditions":["page_id"]}
[2025-09-23 08:46:09] DEBUG: Record inserted {"table":"tags","insert_id":255,"data_keys":["name","slug","usage_count","created_at","updated_at"]}
[2025-09-23 08:46:09] DEBUG: Record inserted {"table":"page_tags","insert_id":255,"data_keys":["page_id","tag_id","created_at","updated_at"]}
[2025-09-23 08:46:09] DEBUG: Record inserted {"table":"tags","insert_id":256,"data_keys":["name","slug","usage_count","created_at","updated_at"]}
[2025-09-23 08:46:09] DEBUG: Record inserted {"table":"page_tags","insert_id":256,"data_keys":["page_id","tag_id","created_at","updated_at"]}
[2025-09-23 08:46:09] DEBUG: Record inserted {"table":"tags","insert_id":257,"data_keys":["name","slug","usage_count","created_at","updated_at"]}
[2025-09-23 08:46:09] DEBUG: Record inserted {"table":"page_tags","insert_id":257,"data_keys":["page_id","tag_id","created_at","updated_at"]}
[2025-09-23 08:46:17] INFO: Database connection established {"driver":"mysql","host":"db","database":"block_cms","connection_time":"0.98ms"}
[2025-09-23 08:46:17] DEBUG: Database transaction started
[2025-09-23 08:46:17] INFO: Creating new page {"title":"test mike"}
[2025-09-23 08:46:17] DEBUG: Record inserted {"table":"pages","insert_id":63,"data_keys":["title","slug","status","meta_title","meta_description","published_at","created_at","updated_at"]}
[2025-09-23 08:46:17] INFO: Page created successfully {"page_id":63}
[2025-09-23 08:46:17] DEBUG: Record inserted {"table":"page_metadata","insert_id":44,"data_keys":["content_type","block_category","author","publish_date","expiry_date","visibility","password","featured","allow_comments","is_reusable_block","block_preview_image","page_id","created_at","updated_at"]}
[2025-09-23 08:46:17] DEBUG: Record inserted {"table":"page_seo","insert_id":44,"data_keys":["meta_keywords","canonical_url","no_index","no_follow","og_title","og_description","og_image","twitter_card","schema_markup","page_id","created_at","updated_at"]}
[2025-09-23 08:46:17] DEBUG: Record inserted {"table":"page_settings","insert_id":109,"data_keys":["template","custom_css","custom_js","redirect_url","menu_order","parent_page","latitude","longitude","address","price","currency","sale_price","recurring","recurring_period","page_id","created_at","updated_at"]}
[2025-09-23 08:46:17] DEBUG: Records deleted {"table":"page_access_roles","affected_rows":0,"where_conditions":["page_id"]}
[2025-09-23 08:46:17] DEBUG: Record inserted {"table":"page_access_roles","insert_id":63,"data_keys":["page_id","role","created_at","updated_at"]}
[2025-09-23 08:46:17] DEBUG: Record inserted {"table":"page_social","insert_id":101,"data_keys":["enable_sharing","platforms","share_text","share_hashtags","share_via","track_shares","track_clicks","pixel_ids","gtm_events","show_follower_count","show_share_count","show_recent_activity","testimonial_integration","auto_embed_links","embed_width","embed_height","lazy_load_embeds","page_id","created_at","updated_at"]}
[2025-09-23 08:46:17] DEBUG: Records deleted {"table":"page_categories","affected_rows":0,"where_conditions":["page_id"]}
[2025-09-23 08:46:17] DEBUG: Record inserted {"table":"categories","insert_id":316,"data_keys":["name","slug","is_active","created_at","updated_at"]}
[2025-09-23 08:46:17] DEBUG: Record inserted {"table":"page_categories","insert_id":315,"data_keys":["page_id","category_id","created_at","updated_at"]}
[2025-09-23 08:46:17] DEBUG: Record inserted {"table":"categories","insert_id":317,"data_keys":["name","slug","is_active","created_at","updated_at"]}
[2025-09-23 08:46:17] DEBUG: Record inserted {"table":"page_categories","insert_id":316,"data_keys":["page_id","category_id","created_at","updated_at"]}
[2025-09-23 08:46:17] DEBUG: Record inserted {"table":"categories","insert_id":318,"data_keys":["name","slug","is_active","created_at","updated_at"]}
[2025-09-23 08:46:17] DEBUG: Record inserted {"table":"page_categories","insert_id":317,"data_keys":["page_id","category_id","created_at","updated_at"]}
[2025-09-23 08:46:17] DEBUG: Records deleted {"table":"page_tags","affected_rows":0,"where_conditions":["page_id"]}
[2025-09-23 08:46:17] DEBUG: Record inserted {"table":"tags","insert_id":258,"data_keys":["name","slug","usage_count","created_at","updated_at"]}
[2025-09-23 08:46:17] DEBUG: Record inserted {"table":"page_tags","insert_id":258,"data_keys":["page_id","tag_id","created_at","updated_at"]}
[2025-09-23 08:46:17] DEBUG: Record inserted {"table":"tags","insert_id":259,"data_keys":["name","slug","usage_count","created_at","updated_at"]}
[2025-09-23 08:46:17] DEBUG: Record inserted {"table":"page_tags","insert_id":259,"data_keys":["page_id","tag_id","created_at","updated_at"]}
[2025-09-23 08:46:17] DEBUG: Record inserted {"table":"tags","insert_id":260,"data_keys":["name","slug","usage_count","created_at","updated_at"]}
[2025-09-23 08:46:17] DEBUG: Record inserted {"table":"page_tags","insert_id":260,"data_keys":["page_id","tag_id","created_at","updated_at"]}
[2025-09-23 08:46:54] INFO: Database connection established {"driver":"mysql","host":"db","database":"block_cms","connection_time":"0.9ms"}
[2025-09-23 08:46:54] DEBUG: Database transaction started
[2025-09-23 08:46:54] INFO: Creating new page {"title":"test mike"}
[2025-09-23 08:46:54] DEBUG: Record inserted {"table":"pages","insert_id":64,"data_keys":["title","slug","status","meta_title","meta_description","published_at","created_at","updated_at"]}
[2025-09-23 08:46:54] INFO: Page created successfully {"page_id":64}
[2025-09-23 08:46:54] DEBUG: Record inserted {"table":"page_metadata","insert_id":45,"data_keys":["content_type","block_category","author","publish_date","expiry_date","visibility","password","featured","allow_comments","is_reusable_block","block_preview_image","page_id","created_at","updated_at"]}
[2025-09-23 08:46:54] DEBUG: Record inserted {"table":"page_seo","insert_id":45,"data_keys":["meta_keywords","canonical_url","no_index","no_follow","og_title","og_description","og_image","twitter_card","schema_markup","page_id","created_at","updated_at"]}
[2025-09-23 08:46:54] DEBUG: Record inserted {"table":"page_settings","insert_id":110,"data_keys":["template","custom_css","custom_js","redirect_url","menu_order","parent_page","latitude","longitude","address","price","currency","sale_price","recurring","recurring_period","page_id","created_at","updated_at"]}
[2025-09-23 08:46:54] DEBUG: Records deleted {"table":"page_access_roles","affected_rows":0,"where_conditions":["page_id"]}
[2025-09-23 08:46:54] DEBUG: Record inserted {"table":"page_access_roles","insert_id":64,"data_keys":["page_id","role","created_at","updated_at"]}
[2025-09-23 08:46:54] DEBUG: Record inserted {"table":"page_social","insert_id":102,"data_keys":["enable_sharing","platforms","share_text","share_hashtags","share_via","track_shares","track_clicks","pixel_ids","gtm_events","show_follower_count","show_share_count","show_recent_activity","testimonial_integration","auto_embed_links","embed_width","embed_height","lazy_load_embeds","page_id","created_at","updated_at"]}
[2025-09-23 08:46:54] DEBUG: Records deleted {"table":"page_categories","affected_rows":0,"where_conditions":["page_id"]}
[2025-09-23 08:46:54] DEBUG: Record inserted {"table":"categories","insert_id":319,"data_keys":["name","slug","is_active","created_at","updated_at"]}
[2025-09-23 08:46:54] DEBUG: Record inserted {"table":"page_categories","insert_id":318,"data_keys":["page_id","category_id","created_at","updated_at"]}
[2025-09-23 08:46:54] DEBUG: Record inserted {"table":"categories","insert_id":320,"data_keys":["name","slug","is_active","created_at","updated_at"]}
[2025-09-23 08:46:54] DEBUG: Record inserted {"table":"page_categories","insert_id":319,"data_keys":["page_id","category_id","created_at","updated_at"]}
[2025-09-23 08:46:54] DEBUG: Record inserted {"table":"categories","insert_id":321,"data_keys":["name","slug","is_active","created_at","updated_at"]}
[2025-09-23 08:46:54] DEBUG: Record inserted {"table":"page_categories","insert_id":320,"data_keys":["page_id","category_id","created_at","updated_at"]}
[2025-09-23 08:46:54] DEBUG: Records deleted {"table":"page_tags","affected_rows":0,"where_conditions":["page_id"]}
[2025-09-23 08:46:54] DEBUG: Record inserted {"table":"tags","insert_id":261,"data_keys":["name","slug","usage_count","created_at","updated_at"]}
[2025-09-23 08:46:54] DEBUG: Record inserted {"table":"page_tags","insert_id":261,"data_keys":["page_id","tag_id","created_at","updated_at"]}
[2025-09-23 08:46:54] DEBUG: Record inserted {"table":"tags","insert_id":262,"data_keys":["name","slug","usage_count","created_at","updated_at"]}
[2025-09-23 08:46:54] DEBUG: Record inserted {"table":"page_tags","insert_id":262,"data_keys":["page_id","tag_id","created_at","updated_at"]}
[2025-09-23 08:46:54] DEBUG: Record inserted {"table":"tags","insert_id":263,"data_keys":["name","slug","usage_count","created_at","updated_at"]}
[2025-09-23 08:46:54] DEBUG: Record inserted {"table":"page_tags","insert_id":263,"data_keys":["page_id","tag_id","created_at","updated_at"]}
[2025-09-23 08:48:41] INFO: Database connection established {"driver":"mysql","host":"db","database":"block_cms","connection_time":"1.03ms"}
[2025-09-23 08:48:41] DEBUG: Database transaction started
[2025-09-23 08:48:41] INFO: Creating new page {"title":"test mike"}
[2025-09-23 08:48:41] DEBUG: Record inserted {"table":"pages","insert_id":65,"data_keys":["title","slug","status","meta_title","meta_description","published_at","created_at","updated_at"]}
[2025-09-23 08:48:41] INFO: Page created successfully {"page_id":65}
[2025-09-23 08:48:41] DEBUG: Record inserted {"table":"page_metadata","insert_id":46,"data_keys":["content_type","block_category","author","publish_date","expiry_date","visibility","password","featured","allow_comments","is_reusable_block","block_preview_image","page_id","created_at","updated_at"]}
[2025-09-23 08:48:41] DEBUG: Record inserted {"table":"page_seo","insert_id":46,"data_keys":["meta_keywords","canonical_url","no_index","no_follow","og_title","og_description","og_image","twitter_card","schema_markup","page_id","created_at","updated_at"]}
[2025-09-23 08:48:41] DEBUG: Record inserted {"table":"page_settings","insert_id":111,"data_keys":["template","custom_css","custom_js","redirect_url","menu_order","parent_page","latitude","longitude","address","price","currency","sale_price","recurring","recurring_period","page_id","created_at","updated_at"]}
[2025-09-23 08:48:41] DEBUG: Records deleted {"table":"page_access_roles","affected_rows":0,"where_conditions":["page_id"]}
[2025-09-23 08:48:41] DEBUG: Record inserted {"table":"page_access_roles","insert_id":65,"data_keys":["page_id","role","created_at","updated_at"]}
[2025-09-23 08:48:41] DEBUG: Record inserted {"table":"page_social","insert_id":103,"data_keys":["enable_sharing","platforms","share_text","share_hashtags","share_via","track_shares","track_clicks","pixel_ids","gtm_events","show_follower_count","show_share_count","show_recent_activity","testimonial_integration","auto_embed_links","embed_width","embed_height","lazy_load_embeds","page_id","created_at","updated_at"]}
[2025-09-23 08:48:41] DEBUG: Records deleted {"table":"page_categories","affected_rows":0,"where_conditions":["page_id"]}
[2025-09-23 08:48:41] DEBUG: Record inserted {"table":"categories","insert_id":322,"data_keys":["name","slug","is_active","created_at","updated_at"]}
[2025-09-23 08:48:41] DEBUG: Record inserted {"table":"page_categories","insert_id":321,"data_keys":["page_id","category_id","created_at","updated_at"]}
[2025-09-23 08:48:41] DEBUG: Record inserted {"table":"categories","insert_id":323,"data_keys":["name","slug","is_active","created_at","updated_at"]}
[2025-09-23 08:48:41] DEBUG: Record inserted {"table":"page_categories","insert_id":322,"data_keys":["page_id","category_id","created_at","updated_at"]}
[2025-09-23 08:48:41] DEBUG: Record inserted {"table":"categories","insert_id":324,"data_keys":["name","slug","is_active","created_at","updated_at"]}
[2025-09-23 08:48:41] DEBUG: Record inserted {"table":"page_categories","insert_id":323,"data_keys":["page_id","category_id","created_at","updated_at"]}
[2025-09-23 08:48:41] DEBUG: Records deleted {"table":"page_tags","affected_rows":0,"where_conditions":["page_id"]}
[2025-09-23 08:48:41] DEBUG: Record inserted {"table":"tags","insert_id":264,"data_keys":["name","slug","usage_count","created_at","updated_at"]}
[2025-09-23 08:48:41] DEBUG: Record inserted {"table":"page_tags","insert_id":264,"data_keys":["page_id","tag_id","created_at","updated_at"]}
[2025-09-23 08:48:41] DEBUG: Record inserted {"table":"tags","insert_id":265,"data_keys":["name","slug","usage_count","created_at","updated_at"]}
[2025-09-23 08:48:41] DEBUG: Record inserted {"table":"page_tags","insert_id":265,"data_keys":["page_id","tag_id","created_at","updated_at"]}
[2025-09-23 08:48:41] DEBUG: Record inserted {"table":"tags","insert_id":266,"data_keys":["name","slug","usage_count","created_at","updated_at"]}
[2025-09-23 08:48:41] DEBUG: Record inserted {"table":"page_tags","insert_id":266,"data_keys":["page_id","tag_id","created_at","updated_at"]}
[2025-09-23 08:49:00] INFO: Database connection established {"driver":"mysql","host":"db","database":"block_cms","connection_time":"1.43ms"}
[2025-09-23 08:49:00] DEBUG: Database transaction started
[2025-09-23 08:49:00] INFO: Creating new page {"title":"test mike"}
[2025-09-23 08:49:00] DEBUG: Record inserted {"table":"pages","insert_id":66,"data_keys":["title","slug","status","meta_title","meta_description","published_at","created_at","updated_at"]}
[2025-09-23 08:49:00] INFO: Page created successfully {"page_id":66}
[2025-09-23 08:49:00] DEBUG: Record inserted {"table":"page_metadata","insert_id":47,"data_keys":["content_type","block_category","author","publish_date","expiry_date","visibility","password","featured","allow_comments","is_reusable_block","block_preview_image","page_id","created_at","updated_at"]}
[2025-09-23 08:49:00] DEBUG: Record inserted {"table":"page_seo","insert_id":47,"data_keys":["meta_keywords","canonical_url","no_index","no_follow","og_title","og_description","og_image","twitter_card","schema_markup","page_id","created_at","updated_at"]}
[2025-09-23 08:49:00] DEBUG: Record inserted {"table":"page_settings","insert_id":112,"data_keys":["template","custom_css","custom_js","redirect_url","menu_order","parent_page","latitude","longitude","address","price","currency","sale_price","recurring","recurring_period","page_id","created_at","updated_at"]}
[2025-09-23 08:49:00] DEBUG: Records deleted {"table":"page_access_roles","affected_rows":0,"where_conditions":["page_id"]}
[2025-09-23 08:49:00] DEBUG: Record inserted {"table":"page_access_roles","insert_id":66,"data_keys":["page_id","role","created_at","updated_at"]}
[2025-09-23 08:49:00] DEBUG: Record inserted {"table":"page_social","insert_id":104,"data_keys":["enable_sharing","platforms","share_text","share_hashtags","share_via","track_shares","track_clicks","pixel_ids","gtm_events","show_follower_count","show_share_count","show_recent_activity","testimonial_integration","auto_embed_links","embed_width","embed_height","lazy_load_embeds","page_id","created_at","updated_at"]}
[2025-09-23 08:49:00] DEBUG: Records deleted {"table":"page_categories","affected_rows":0,"where_conditions":["page_id"]}
[2025-09-23 08:49:00] DEBUG: Record inserted {"table":"categories","insert_id":325,"data_keys":["name","slug","is_active","created_at","updated_at"]}
[2025-09-23 08:49:00] DEBUG: Record inserted {"table":"page_categories","insert_id":324,"data_keys":["page_id","category_id","created_at","updated_at"]}
[2025-09-23 08:49:00] DEBUG: Record inserted {"table":"categories","insert_id":326,"data_keys":["name","slug","is_active","created_at","updated_at"]}
[2025-09-23 08:49:00] DEBUG: Record inserted {"table":"page_categories","insert_id":325,"data_keys":["page_id","category_id","created_at","updated_at"]}
[2025-09-23 08:49:00] DEBUG: Record inserted {"table":"categories","insert_id":327,"data_keys":["name","slug","is_active","created_at","updated_at"]}
[2025-09-23 08:49:00] DEBUG: Record inserted {"table":"page_categories","insert_id":326,"data_keys":["page_id","category_id","created_at","updated_at"]}
[2025-09-23 08:49:00] DEBUG: Records deleted {"table":"page_tags","affected_rows":0,"where_conditions":["page_id"]}
[2025-09-23 08:49:00] DEBUG: Record inserted {"table":"tags","insert_id":267,"data_keys":["name","slug","usage_count","created_at","updated_at"]}
[2025-09-23 08:49:00] DEBUG: Record inserted {"table":"page_tags","insert_id":267,"data_keys":["page_id","tag_id","created_at","updated_at"]}
[2025-09-23 08:49:00] DEBUG: Record inserted {"table":"tags","insert_id":268,"data_keys":["name","slug","usage_count","created_at","updated_at"]}
[2025-09-23 08:49:00] DEBUG: Record inserted {"table":"page_tags","insert_id":268,"data_keys":["page_id","tag_id","created_at","updated_at"]}
[2025-09-23 08:49:00] DEBUG: Record inserted {"table":"tags","insert_id":269,"data_keys":["name","slug","usage_count","created_at","updated_at"]}
[2025-09-23 08:49:00] DEBUG: Record inserted {"table":"page_tags","insert_id":269,"data_keys":["page_id","tag_id","created_at","updated_at"]}
[2025-09-23 08:50:08] INFO: Database connection established {"driver":"mysql","host":"db","database":"block_cms","connection_time":"1.02ms"}
[2025-09-23 08:50:08] DEBUG: Database transaction started
[2025-09-23 08:50:08] INFO: Creating new page {"title":"test mike"}
[2025-09-23 08:50:08] DEBUG: Record inserted {"table":"pages","insert_id":67,"data_keys":["title","slug","status","meta_title","meta_description","published_at","created_at","updated_at"]}
[2025-09-23 08:50:08] INFO: Page created successfully {"page_id":67}
[2025-09-23 08:50:08] DEBUG: Record inserted {"table":"page_metadata","insert_id":48,"data_keys":["content_type","block_category","author","publish_date","expiry_date","visibility","password","featured","allow_comments","is_reusable_block","block_preview_image","page_id","created_at","updated_at"]}
[2025-09-23 08:50:08] DEBUG: Record inserted {"table":"page_seo","insert_id":48,"data_keys":["meta_keywords","canonical_url","no_index","no_follow","og_title","og_description","og_image","twitter_card","schema_markup","page_id","created_at","updated_at"]}
[2025-09-23 08:50:08] DEBUG: Record inserted {"table":"page_settings","insert_id":113,"data_keys":["template","custom_css","custom_js","redirect_url","menu_order","parent_page","latitude","longitude","address","price","currency","sale_price","recurring","recurring_period","page_id","created_at","updated_at"]}
[2025-09-23 08:50:08] DEBUG: Records deleted {"table":"page_access_roles","affected_rows":0,"where_conditions":["page_id"]}
[2025-09-23 08:50:08] DEBUG: Record inserted {"table":"page_access_roles","insert_id":67,"data_keys":["page_id","role","created_at","updated_at"]}
[2025-09-23 08:50:08] DEBUG: Record inserted {"table":"page_social","insert_id":105,"data_keys":["enable_sharing","platforms","share_text","share_hashtags","share_via","track_shares","track_clicks","pixel_ids","gtm_events","show_follower_count","show_share_count","show_recent_activity","testimonial_integration","auto_embed_links","embed_width","embed_height","lazy_load_embeds","page_id","created_at","updated_at"]}
[2025-09-23 08:50:08] DEBUG: Records deleted {"table":"page_categories","affected_rows":0,"where_conditions":["page_id"]}
[2025-09-23 08:50:08] DEBUG: Record inserted {"table":"categories","insert_id":328,"data_keys":["name","slug","is_active","created_at","updated_at"]}
[2025-09-23 08:50:08] DEBUG: Record inserted {"table":"page_categories","insert_id":327,"data_keys":["page_id","category_id","created_at","updated_at"]}
[2025-09-23 08:50:08] DEBUG: Record inserted {"table":"categories","insert_id":329,"data_keys":["name","slug","is_active","created_at","updated_at"]}
[2025-09-23 08:50:08] DEBUG: Record inserted {"table":"page_categories","insert_id":328,"data_keys":["page_id","category_id","created_at","updated_at"]}
[2025-09-23 08:50:08] DEBUG: Record inserted {"table":"categories","insert_id":330,"data_keys":["name","slug","is_active","created_at","updated_at"]}
[2025-09-23 08:50:08] DEBUG: Record inserted {"table":"page_categories","insert_id":329,"data_keys":["page_id","category_id","created_at","updated_at"]}
[2025-09-23 08:50:08] DEBUG: Records deleted {"table":"page_tags","affected_rows":0,"where_conditions":["page_id"]}
[2025-09-23 08:50:08] DEBUG: Record inserted {"table":"tags","insert_id":270,"data_keys":["name","slug","usage_count","created_at","updated_at"]}
[2025-09-23 08:50:08] DEBUG: Record inserted {"table":"page_tags","insert_id":270,"data_keys":["page_id","tag_id","created_at","updated_at"]}
[2025-09-23 08:50:08] DEBUG: Record inserted {"table":"tags","insert_id":271,"data_keys":["name","slug","usage_count","created_at","updated_at"]}
[2025-09-23 08:50:08] DEBUG: Record inserted {"table":"page_tags","insert_id":271,"data_keys":["page_id","tag_id","created_at","updated_at"]}
[2025-09-23 08:50:08] DEBUG: Record inserted {"table":"tags","insert_id":272,"data_keys":["name","slug","usage_count","created_at","updated_at"]}
[2025-09-23 08:50:08] DEBUG: Record inserted {"table":"page_tags","insert_id":272,"data_keys":["page_id","tag_id","created_at","updated_at"]}
[2025-09-23 08:51:00] INFO: Database connection established {"driver":"mysql","host":"db","database":"block_cms","connection_time":"1.66ms"}
[2025-09-23 08:51:00] DEBUG: Database transaction started
[2025-09-23 08:51:00] INFO: Creating new page {"title":"test mike"}
[2025-09-23 08:51:00] DEBUG: Record inserted {"table":"pages","insert_id":68,"data_keys":["title","slug","status","meta_title","meta_description","published_at","created_at","updated_at"]}
[2025-09-23 08:51:00] INFO: Page created successfully {"page_id":68}
[2025-09-23 08:51:00] DEBUG: Record inserted {"table":"page_metadata","insert_id":49,"data_keys":["content_type","block_category","author","publish_date","expiry_date","visibility","password","featured","allow_comments","is_reusable_block","block_preview_image","page_id","created_at","updated_at"]}
[2025-09-23 08:51:00] DEBUG: Record inserted {"table":"page_seo","insert_id":49,"data_keys":["meta_keywords","canonical_url","no_index","no_follow","og_title","og_description","og_image","twitter_card","schema_markup","page_id","created_at","updated_at"]}
[2025-09-23 08:51:00] DEBUG: Record inserted {"table":"page_settings","insert_id":114,"data_keys":["template","custom_css","custom_js","redirect_url","menu_order","parent_page","latitude","longitude","address","price","currency","sale_price","recurring","recurring_period","page_id","created_at","updated_at"]}
[2025-09-23 08:51:00] DEBUG: Records deleted {"table":"page_access_roles","affected_rows":0,"where_conditions":["page_id"]}
[2025-09-23 08:51:00] DEBUG: Record inserted {"table":"page_access_roles","insert_id":68,"data_keys":["page_id","role","created_at","updated_at"]}
[2025-09-23 08:51:00] DEBUG: Record inserted {"table":"page_social","insert_id":106,"data_keys":["enable_sharing","platforms","share_text","share_hashtags","share_via","track_shares","track_clicks","pixel_ids","gtm_events","show_follower_count","show_share_count","show_recent_activity","testimonial_integration","auto_embed_links","embed_width","embed_height","lazy_load_embeds","page_id","created_at","updated_at"]}
[2025-09-23 08:51:00] DEBUG: Records deleted {"table":"page_categories","affected_rows":0,"where_conditions":["page_id"]}
[2025-09-23 08:51:00] DEBUG: Record inserted {"table":"categories","insert_id":331,"data_keys":["name","slug","is_active","created_at","updated_at"]}
[2025-09-23 08:51:00] DEBUG: Record inserted {"table":"page_categories","insert_id":330,"data_keys":["page_id","category_id","created_at","updated_at"]}
[2025-09-23 08:51:00] DEBUG: Record inserted {"table":"categories","insert_id":332,"data_keys":["name","slug","is_active","created_at","updated_at"]}
[2025-09-23 08:51:00] DEBUG: Record inserted {"table":"page_categories","insert_id":331,"data_keys":["page_id","category_id","created_at","updated_at"]}
[2025-09-23 08:51:00] DEBUG: Record inserted {"table":"categories","insert_id":333,"data_keys":["name","slug","is_active","created_at","updated_at"]}
[2025-09-23 08:51:00] DEBUG: Record inserted {"table":"page_categories","insert_id":332,"data_keys":["page_id","category_id","created_at","updated_at"]}
[2025-09-23 08:51:00] DEBUG: Records deleted {"table":"page_tags","affected_rows":0,"where_conditions":["page_id"]}
[2025-09-23 08:51:00] DEBUG: Record inserted {"table":"tags","insert_id":273,"data_keys":["name","slug","usage_count","created_at","updated_at"]}
[2025-09-23 08:51:00] DEBUG: Record inserted {"table":"page_tags","insert_id":273,"data_keys":["page_id","tag_id","created_at","updated_at"]}
[2025-09-23 08:51:00] DEBUG: Record inserted {"table":"tags","insert_id":274,"data_keys":["name","slug","usage_count","created_at","updated_at"]}
[2025-09-23 08:51:00] DEBUG: Record inserted {"table":"page_tags","insert_id":274,"data_keys":["page_id","tag_id","created_at","updated_at"]}
[2025-09-23 08:51:00] DEBUG: Record inserted {"table":"tags","insert_id":275,"data_keys":["name","slug","usage_count","created_at","updated_at"]}
[2025-09-23 08:51:00] DEBUG: Record inserted {"table":"page_tags","insert_id":275,"data_keys":["page_id","tag_id","created_at","updated_at"]}
[2025-09-23 08:51:23] INFO: Database connection established {"driver":"mysql","host":"db","database":"block_cms","connection_time":"1.02ms"}
[2025-09-23 08:51:23] DEBUG: Database transaction started
[2025-09-23 08:51:23] INFO: Creating new page {"title":"test mike"}
[2025-09-23 08:51:24] DEBUG: Record inserted {"table":"pages","insert_id":69,"data_keys":["title","slug","status","meta_title","meta_description","published_at","created_at","updated_at"]}
[2025-09-23 08:51:24] INFO: Page created successfully {"page_id":69}
[2025-09-23 08:51:24] DEBUG: Record inserted {"table":"page_metadata","insert_id":50,"data_keys":["content_type","block_category","author","publish_date","expiry_date","visibility","password","featured","allow_comments","is_reusable_block","block_preview_image","page_id","created_at","updated_at"]}
[2025-09-23 08:51:24] DEBUG: Record inserted {"table":"page_seo","insert_id":50,"data_keys":["meta_keywords","canonical_url","no_index","no_follow","og_title","og_description","og_image","twitter_card","schema_markup","page_id","created_at","updated_at"]}
[2025-09-23 08:51:24] DEBUG: Record inserted {"table":"page_settings","insert_id":115,"data_keys":["template","custom_css","custom_js","redirect_url","menu_order","parent_page","latitude","longitude","address","price","currency","sale_price","recurring","recurring_period","page_id","created_at","updated_at"]}
[2025-09-23 08:51:24] DEBUG: Records deleted {"table":"page_access_roles","affected_rows":0,"where_conditions":["page_id"]}
[2025-09-23 08:51:24] DEBUG: Record inserted {"table":"page_access_roles","insert_id":69,"data_keys":["page_id","role","created_at","updated_at"]}
[2025-09-23 08:51:24] DEBUG: Record inserted {"table":"page_social","insert_id":107,"data_keys":["enable_sharing","platforms","share_text","share_hashtags","share_via","track_shares","track_clicks","pixel_ids","gtm_events","show_follower_count","show_share_count","show_recent_activity","testimonial_integration","auto_embed_links","embed_width","embed_height","lazy_load_embeds","page_id","created_at","updated_at"]}
[2025-09-23 08:51:24] DEBUG: Records deleted {"table":"page_categories","affected_rows":0,"where_conditions":["page_id"]}
[2025-09-23 08:51:24] DEBUG: Record inserted {"table":"categories","insert_id":334,"data_keys":["name","slug","is_active","created_at","updated_at"]}
[2025-09-23 08:51:24] DEBUG: Record inserted {"table":"page_categories","insert_id":333,"data_keys":["page_id","category_id","created_at","updated_at"]}
[2025-09-23 08:51:24] DEBUG: Record inserted {"table":"categories","insert_id":335,"data_keys":["name","slug","is_active","created_at","updated_at"]}
[2025-09-23 08:51:24] DEBUG: Record inserted {"table":"page_categories","insert_id":334,"data_keys":["page_id","category_id","created_at","updated_at"]}
[2025-09-23 08:51:24] DEBUG: Record inserted {"table":"categories","insert_id":336,"data_keys":["name","slug","is_active","created_at","updated_at"]}
[2025-09-23 08:51:24] DEBUG: Record inserted {"table":"page_categories","insert_id":335,"data_keys":["page_id","category_id","created_at","updated_at"]}
[2025-09-23 08:51:24] DEBUG: Records deleted {"table":"page_tags","affected_rows":0,"where_conditions":["page_id"]}
[2025-09-23 08:51:24] DEBUG: Record inserted {"table":"tags","insert_id":276,"data_keys":["name","slug","usage_count","created_at","updated_at"]}
[2025-09-23 08:51:24] DEBUG: Record inserted {"table":"page_tags","insert_id":276,"data_keys":["page_id","tag_id","created_at","updated_at"]}
[2025-09-23 08:51:24] DEBUG: Record inserted {"table":"tags","insert_id":277,"data_keys":["name","slug","usage_count","created_at","updated_at"]}
[2025-09-23 08:51:24] DEBUG: Record inserted {"table":"page_tags","insert_id":277,"data_keys":["page_id","tag_id","created_at","updated_at"]}
[2025-09-23 08:51:24] DEBUG: Record inserted {"table":"tags","insert_id":278,"data_keys":["name","slug","usage_count","created_at","updated_at"]}
[2025-09-23 08:51:24] DEBUG: Record inserted {"table":"page_tags","insert_id":278,"data_keys":["page_id","tag_id","created_at","updated_at"]}
[2025-09-23 08:51:34] INFO: Database connection established {"driver":"mysql","host":"db","database":"block_cms","connection_time":"1.92ms"}
[2025-09-23 08:51:34] DEBUG: Database transaction started
[2025-09-23 08:51:34] INFO: Creating new page {"title":"test mike"}
[2025-09-23 08:51:34] DEBUG: Record inserted {"table":"pages","insert_id":70,"data_keys":["title","slug","status","meta_title","meta_description","published_at","created_at","updated_at"]}
[2025-09-23 08:51:34] INFO: Page created successfully {"page_id":70}
[2025-09-23 08:51:34] DEBUG: Record inserted {"table":"page_metadata","insert_id":51,"data_keys":["content_type","block_category","author","publish_date","expiry_date","visibility","password","featured","allow_comments","is_reusable_block","block_preview_image","page_id","created_at","updated_at"]}
[2025-09-23 08:51:34] DEBUG: Record inserted {"table":"page_seo","insert_id":51,"data_keys":["meta_keywords","canonical_url","no_index","no_follow","og_title","og_description","og_image","twitter_card","schema_markup","page_id","created_at","updated_at"]}
[2025-09-23 08:51:34] DEBUG: Record inserted {"table":"page_settings","insert_id":116,"data_keys":["template","custom_css","custom_js","redirect_url","menu_order","parent_page","latitude","longitude","address","price","currency","sale_price","recurring","recurring_period","page_id","created_at","updated_at"]}
[2025-09-23 08:51:34] DEBUG: Records deleted {"table":"page_access_roles","affected_rows":0,"where_conditions":["page_id"]}
[2025-09-23 08:51:34] DEBUG: Record inserted {"table":"page_access_roles","insert_id":70,"data_keys":["page_id","role","created_at","updated_at"]}
[2025-09-23 08:51:34] DEBUG: Record inserted {"table":"page_social","insert_id":108,"data_keys":["enable_sharing","platforms","share_text","share_hashtags","share_via","track_shares","track_clicks","pixel_ids","gtm_events","show_follower_count","show_share_count","show_recent_activity","testimonial_integration","auto_embed_links","embed_width","embed_height","lazy_load_embeds","page_id","created_at","updated_at"]}
[2025-09-23 08:51:34] DEBUG: Records deleted {"table":"page_categories","affected_rows":0,"where_conditions":["page_id"]}
[2025-09-23 08:51:34] DEBUG: Record inserted {"table":"categories","insert_id":337,"data_keys":["name","slug","is_active","created_at","updated_at"]}
[2025-09-23 08:51:34] DEBUG: Record inserted {"table":"page_categories","insert_id":336,"data_keys":["page_id","category_id","created_at","updated_at"]}
[2025-09-23 08:51:34] DEBUG: Record inserted {"table":"categories","insert_id":338,"data_keys":["name","slug","is_active","created_at","updated_at"]}
[2025-09-23 08:51:34] DEBUG: Record inserted {"table":"page_categories","insert_id":337,"data_keys":["page_id","category_id","created_at","updated_at"]}
[2025-09-23 08:51:34] DEBUG: Record inserted {"table":"categories","insert_id":339,"data_keys":["name","slug","is_active","created_at","updated_at"]}
[2025-09-23 08:51:34] DEBUG: Record inserted {"table":"page_categories","insert_id":338,"data_keys":["page_id","category_id","created_at","updated_at"]}
[2025-09-23 08:51:34] DEBUG: Records deleted {"table":"page_tags","affected_rows":0,"where_conditions":["page_id"]}
[2025-09-23 08:51:34] DEBUG: Record inserted {"table":"tags","insert_id":279,"data_keys":["name","slug","usage_count","created_at","updated_at"]}
[2025-09-23 08:51:34] DEBUG: Record inserted {"table":"page_tags","insert_id":279,"data_keys":["page_id","tag_id","created_at","updated_at"]}
[2025-09-23 08:51:34] DEBUG: Record inserted {"table":"tags","insert_id":280,"data_keys":["name","slug","usage_count","created_at","updated_at"]}
[2025-09-23 08:51:34] DEBUG: Record inserted {"table":"page_tags","insert_id":280,"data_keys":["page_id","tag_id","created_at","updated_at"]}
[2025-09-23 08:51:34] DEBUG: Record inserted {"table":"tags","insert_id":281,"data_keys":["name","slug","usage_count","created_at","updated_at"]}
[2025-09-23 08:51:34] DEBUG: Record inserted {"table":"page_tags","insert_id":281,"data_keys":["page_id","tag_id","created_at","updated_at"]}
[2025-09-23 08:51:34] DEBUG: Database savepoint created {"level":1}
[2025-09-23 08:51:34] ERROR: Invalid block data structure {"block_type":"image","page_id":70}
[2025-09-23 08:51:34] DEBUG: Record inserted {"table":"blocks","insert_id":307,"data_keys":["page_id","type","data","order","created_at","updated_at"]}
[2025-09-23 08:51:34] DEBUG: Record inserted {"table":"blocks","insert_id":308,"data_keys":["page_id","type","data","order","created_at","updated_at"]}
[2025-09-23 08:51:34] ERROR: Invalid block data structure {"block_type":"text","page_id":70}
[2025-09-23 08:51:34] DEBUG: Record inserted {"table":"blocks","insert_id":309,"data_keys":["page_id","type","data","order","created_at","updated_at"]}
[2025-09-23 08:51:34] DEBUG: Record inserted {"table":"blocks","insert_id":310,"data_keys":["page_id","type","data","order","created_at","updated_at"]}
[2025-09-23 08:51:34] ERROR: Invalid block data structure {"block_type":"image","page_id":70}
[2025-09-23 08:51:34] DEBUG: Record inserted {"table":"blocks","insert_id":311,"data_keys":["page_id","type","data","order","created_at","updated_at"]}
[2025-09-23 08:51:49] INFO: Database connection established {"driver":"mysql","host":"db","database":"block_cms","connection_time":"0.94ms"}
[2025-09-23 08:51:49] DEBUG: Database transaction started
[2025-09-23 08:51:49] INFO: Creating new page {"title":"test mike"}
[2025-09-23 08:51:49] DEBUG: Record inserted {"table":"pages","insert_id":71,"data_keys":["title","slug","status","meta_title","meta_description","published_at","created_at","updated_at"]}
[2025-09-23 08:51:49] INFO: Page created successfully {"page_id":71}
[2025-09-23 08:51:49] DEBUG: Record inserted {"table":"page_metadata","insert_id":52,"data_keys":["content_type","block_category","author","publish_date","expiry_date","visibility","password","featured","allow_comments","is_reusable_block","block_preview_image","page_id","created_at","updated_at"]}
[2025-09-23 08:51:49] DEBUG: Record inserted {"table":"page_seo","insert_id":52,"data_keys":["meta_keywords","canonical_url","no_index","no_follow","og_title","og_description","og_image","twitter_card","schema_markup","page_id","created_at","updated_at"]}
[2025-09-23 08:51:49] DEBUG: Record inserted {"table":"page_settings","insert_id":117,"data_keys":["template","custom_css","custom_js","redirect_url","menu_order","parent_page","latitude","longitude","address","price","currency","sale_price","recurring","recurring_period","page_id","created_at","updated_at"]}
[2025-09-23 08:51:49] DEBUG: Records deleted {"table":"page_access_roles","affected_rows":0,"where_conditions":["page_id"]}
[2025-09-23 08:51:49] DEBUG: Record inserted {"table":"page_access_roles","insert_id":71,"data_keys":["page_id","role","created_at","updated_at"]}
[2025-09-23 08:51:49] DEBUG: Record inserted {"table":"page_social","insert_id":109,"data_keys":["enable_sharing","platforms","share_text","share_hashtags","share_via","track_shares","track_clicks","pixel_ids","gtm_events","show_follower_count","show_share_count","show_recent_activity","testimonial_integration","auto_embed_links","embed_width","embed_height","lazy_load_embeds","page_id","created_at","updated_at"]}
[2025-09-23 08:51:49] DEBUG: Records deleted {"table":"page_categories","affected_rows":0,"where_conditions":["page_id"]}
[2025-09-23 08:51:49] DEBUG: Record inserted {"table":"categories","insert_id":340,"data_keys":["name","slug","is_active","created_at","updated_at"]}
[2025-09-23 08:51:49] DEBUG: Record inserted {"table":"page_categories","insert_id":339,"data_keys":["page_id","category_id","created_at","updated_at"]}
[2025-09-23 08:51:49] DEBUG: Record inserted {"table":"categories","insert_id":341,"data_keys":["name","slug","is_active","created_at","updated_at"]}
[2025-09-23 08:51:49] DEBUG: Record inserted {"table":"page_categories","insert_id":340,"data_keys":["page_id","category_id","created_at","updated_at"]}
[2025-09-23 08:51:49] DEBUG: Record inserted {"table":"categories","insert_id":342,"data_keys":["name","slug","is_active","created_at","updated_at"]}
[2025-09-23 08:51:49] DEBUG: Record inserted {"table":"page_categories","insert_id":341,"data_keys":["page_id","category_id","created_at","updated_at"]}
[2025-09-23 08:51:49] DEBUG: Records deleted {"table":"page_tags","affected_rows":0,"where_conditions":["page_id"]}
[2025-09-23 08:51:49] DEBUG: Record inserted {"table":"tags","insert_id":282,"data_keys":["name","slug","usage_count","created_at","updated_at"]}
[2025-09-23 08:51:49] DEBUG: Record inserted {"table":"page_tags","insert_id":282,"data_keys":["page_id","tag_id","created_at","updated_at"]}
[2025-09-23 08:51:49] DEBUG: Record inserted {"table":"tags","insert_id":283,"data_keys":["name","slug","usage_count","created_at","updated_at"]}
[2025-09-23 08:51:49] DEBUG: Record inserted {"table":"page_tags","insert_id":283,"data_keys":["page_id","tag_id","created_at","updated_at"]}
[2025-09-23 08:51:49] DEBUG: Record inserted {"table":"tags","insert_id":284,"data_keys":["name","slug","usage_count","created_at","updated_at"]}
[2025-09-23 08:51:49] DEBUG: Record inserted {"table":"page_tags","insert_id":284,"data_keys":["page_id","tag_id","created_at","updated_at"]}
[2025-09-23 08:51:49] DEBUG: Database savepoint created {"level":1}
[2025-09-23 08:51:49] ERROR: Invalid block data structure {"block_type":"image","page_id":71}
[2025-09-23 08:51:49] DEBUG: Record inserted {"table":"blocks","insert_id":312,"data_keys":["page_id","type","data","order","created_at","updated_at"]}
[2025-09-23 08:51:49] DEBUG: Record inserted {"table":"blocks","insert_id":313,"data_keys":["page_id","type","data","order","created_at","updated_at"]}
[2025-09-23 08:51:49] ERROR: Invalid block data structure {"block_type":"text","page_id":71}
[2025-09-23 08:51:49] DEBUG: Record inserted {"table":"blocks","insert_id":314,"data_keys":["page_id","type","data","order","created_at","updated_at"]}
[2025-09-23 08:51:49] DEBUG: Record inserted {"table":"blocks","insert_id":315,"data_keys":["page_id","type","data","order","created_at","updated_at"]}
[2025-09-23 08:51:49] ERROR: Invalid block data structure {"block_type":"image","page_id":71}
[2025-09-23 08:51:49] DEBUG: Record inserted {"table":"blocks","insert_id":316,"data_keys":["page_id","type","data","order","created_at","updated_at"]}
[2025-09-23 08:51:49] DEBUG: Record inserted {"table":"blocks","insert_id":317,"data_keys":["page_id","type","data","order","created_at","updated_at"]}
[2025-09-23 08:51:49] DEBUG: Record inserted {"table":"blocks","insert_id":318,"data_keys":["page_id","type","data","order","created_at","updated_at"]}
[2025-09-23 08:51:49] DEBUG: Record inserted {"table":"blocks","insert_id":319,"data_keys":["page_id","type","data","order","created_at","updated_at"]}
[2025-09-23 08:51:49] DEBUG: Record inserted {"table":"blocks","insert_id":320,"data_keys":["page_id","type","data","order","created_at","updated_at"]}
[2025-09-23 08:51:49] DEBUG: Record inserted {"table":"blocks","insert_id":321,"data_keys":["page_id","type","data","order","created_at","updated_at"]}
[2025-09-23 08:51:49] DEBUG: Record inserted {"table":"blocks","insert_id":322,"data_keys":["page_id","type","data","order","created_at","updated_at"]}
[2025-09-23 08:51:49] DEBUG: Record inserted {"table":"blocks","insert_id":323,"data_keys":["page_id","type","data","order","created_at","updated_at"]}
[2025-09-23 08:51:49] DEBUG: Record inserted {"table":"blocks","insert_id":324,"data_keys":["page_id","type","data","order","created_at","updated_at"]}
[2025-09-23 08:51:49] DEBUG: Record inserted {"table":"blocks","insert_id":325,"data_keys":["page_id","type","data","order","created_at","updated_at"]}
[2025-09-23 08:51:49] DEBUG: Record inserted {"table":"blocks","insert_id":326,"data_keys":["page_id","type","data","order","created_at","updated_at"]}
[2025-09-23 08:51:49] DEBUG: Record inserted {"table":"blocks","insert_id":327,"data_keys":["page_id","type","data","order","created_at","updated_at"]}
[2025-09-23 08:52:05] INFO: Database connection established {"driver":"mysql","host":"db","database":"block_cms","connection_time":"0.92ms"}
[2025-09-23 08:52:05] DEBUG: Database transaction started
[2025-09-23 08:52:05] INFO: Creating new page {"title":"test mike"}
[2025-09-23 08:52:05] DEBUG: Record inserted {"table":"pages","insert_id":72,"data_keys":["title","slug","status","meta_title","meta_description","published_at","created_at","updated_at"]}
[2025-09-23 08:52:05] INFO: Page created successfully {"page_id":72}
[2025-09-23 08:52:05] DEBUG: Record inserted {"table":"page_metadata","insert_id":53,"data_keys":["content_type","block_category","author","publish_date","expiry_date","visibility","password","featured","allow_comments","is_reusable_block","block_preview_image","page_id","created_at","updated_at"]}
[2025-09-23 08:52:05] DEBUG: Record inserted {"table":"page_seo","insert_id":53,"data_keys":["meta_keywords","canonical_url","no_index","no_follow","og_title","og_description","og_image","twitter_card","schema_markup","page_id","created_at","updated_at"]}
[2025-09-23 08:52:05] DEBUG: Record inserted {"table":"page_settings","insert_id":118,"data_keys":["template","custom_css","custom_js","redirect_url","menu_order","parent_page","latitude","longitude","address","price","currency","sale_price","recurring","recurring_period","page_id","created_at","updated_at"]}
[2025-09-23 08:52:05] DEBUG: Records deleted {"table":"page_access_roles","affected_rows":0,"where_conditions":["page_id"]}
[2025-09-23 08:52:05] DEBUG: Record inserted {"table":"page_access_roles","insert_id":72,"data_keys":["page_id","role","created_at","updated_at"]}
[2025-09-23 08:52:05] DEBUG: Record inserted {"table":"page_social","insert_id":110,"data_keys":["enable_sharing","platforms","share_text","share_hashtags","share_via","track_shares","track_clicks","pixel_ids","gtm_events","show_follower_count","show_share_count","show_recent_activity","testimonial_integration","auto_embed_links","embed_width","embed_height","lazy_load_embeds","page_id","created_at","updated_at"]}
[2025-09-23 08:52:05] DEBUG: Records deleted {"table":"page_categories","affected_rows":0,"where_conditions":["page_id"]}
[2025-09-23 08:52:05] DEBUG: Record inserted {"table":"categories","insert_id":343,"data_keys":["name","slug","is_active","created_at","updated_at"]}
[2025-09-23 08:52:05] DEBUG: Record inserted {"table":"page_categories","insert_id":342,"data_keys":["page_id","category_id","created_at","updated_at"]}
[2025-09-23 08:52:05] DEBUG: Record inserted {"table":"categories","insert_id":344,"data_keys":["name","slug","is_active","created_at","updated_at"]}
[2025-09-23 08:52:05] DEBUG: Record inserted {"table":"page_categories","insert_id":343,"data_keys":["page_id","category_id","created_at","updated_at"]}
[2025-09-23 08:52:05] DEBUG: Record inserted {"table":"categories","insert_id":345,"data_keys":["name","slug","is_active","created_at","updated_at"]}
[2025-09-23 08:52:05] DEBUG: Record inserted {"table":"page_categories","insert_id":344,"data_keys":["page_id","category_id","created_at","updated_at"]}
[2025-09-23 08:52:05] DEBUG: Records deleted {"table":"page_tags","affected_rows":0,"where_conditions":["page_id"]}
[2025-09-23 08:52:05] DEBUG: Record inserted {"table":"tags","insert_id":285,"data_keys":["name","slug","usage_count","created_at","updated_at"]}
[2025-09-23 08:52:05] DEBUG: Record inserted {"table":"page_tags","insert_id":285,"data_keys":["page_id","tag_id","created_at","updated_at"]}
[2025-09-23 08:52:05] DEBUG: Record inserted {"table":"tags","insert_id":286,"data_keys":["name","slug","usage_count","created_at","updated_at"]}
[2025-09-23 08:52:05] DEBUG: Record inserted {"table":"page_tags","insert_id":286,"data_keys":["page_id","tag_id","created_at","updated_at"]}
[2025-09-23 08:52:05] DEBUG: Record inserted {"table":"tags","insert_id":287,"data_keys":["name","slug","usage_count","created_at","updated_at"]}
[2025-09-23 08:52:05] DEBUG: Record inserted {"table":"page_tags","insert_id":287,"data_keys":["page_id","tag_id","created_at","updated_at"]}
[2025-09-23 08:52:05] DEBUG: Database savepoint created {"level":1}
[2025-09-23 08:52:05] ERROR: Invalid block data structure {"block_type":"image","page_id":72}
[2025-09-23 08:52:05] DEBUG: Record inserted {"table":"blocks","insert_id":328,"data_keys":["page_id","type","data","order","created_at","updated_at"]}
[2025-09-23 08:52:05] DEBUG: Record inserted {"table":"blocks","insert_id":329,"data_keys":["page_id","type","data","order","created_at","updated_at"]}
[2025-09-23 08:52:05] ERROR: Invalid block data structure {"block_type":"text","page_id":72}
[2025-09-23 08:52:05] DEBUG: Record inserted {"table":"blocks","insert_id":330,"data_keys":["page_id","type","data","order","created_at","updated_at"]}
[2025-09-23 08:52:05] DEBUG: Record inserted {"table":"blocks","insert_id":331,"data_keys":["page_id","type","data","order","created_at","updated_at"]}
[2025-09-23 08:52:05] ERROR: Invalid block data structure {"block_type":"image","page_id":72}
[2025-09-23 08:52:05] DEBUG: Record inserted {"table":"blocks","insert_id":332,"data_keys":["page_id","type","data","order","created_at","updated_at"]}
[2025-09-23 08:52:05] DEBUG: Record inserted {"table":"blocks","insert_id":333,"data_keys":["page_id","type","data","order","created_at","updated_at"]}
[2025-09-23 08:52:05] DEBUG: Record inserted {"table":"blocks","insert_id":334,"data_keys":["page_id","type","data","order","created_at","updated_at"]}
[2025-09-23 08:52:05] DEBUG: Record inserted {"table":"blocks","insert_id":335,"data_keys":["page_id","type","data","order","created_at","updated_at"]}
[2025-09-23 08:52:05] DEBUG: Record inserted {"table":"blocks","insert_id":336,"data_keys":["page_id","type","data","order","created_at","updated_at"]}
[2025-09-23 08:52:05] DEBUG: Record inserted {"table":"blocks","insert_id":337,"data_keys":["page_id","type","data","order","created_at","updated_at"]}
[2025-09-23 08:52:05] DEBUG: Record inserted {"table":"blocks","insert_id":338,"data_keys":["page_id","type","data","order","created_at","updated_at"]}
[2025-09-23 08:52:05] DEBUG: Record inserted {"table":"blocks","insert_id":339,"data_keys":["page_id","type","data","order","created_at","updated_at"]}
[2025-09-23 08:52:05] DEBUG: Record inserted {"table":"blocks","insert_id":340,"data_keys":["page_id","type","data","order","created_at","updated_at"]}
[2025-09-23 08:52:05] DEBUG: Record inserted {"table":"blocks","insert_id":341,"data_keys":["page_id","type","data","order","created_at","updated_at"]}
[2025-09-23 08:52:05] DEBUG: Record inserted {"table":"blocks","insert_id":342,"data_keys":["page_id","type","data","order","created_at","updated_at"]}
[2025-09-23 08:52:05] DEBUG: Record inserted {"table":"blocks","insert_id":343,"data_keys":["page_id","type","data","order","created_at","updated_at"]}
[2025-09-23 08:52:05] DEBUG: Record inserted {"table":"blocks","insert_id":344,"data_keys":["page_id","type","data","order","created_at","updated_at"]}
[2025-09-23 08:52:18] INFO: Database connection established {"driver":"mysql","host":"db","database":"block_cms","connection_time":"1.12ms"}
[2025-09-23 08:52:18] DEBUG: Database transaction started
[2025-09-23 08:52:18] INFO: Creating new page {"title":"test mike"}
[2025-09-23 08:52:18] DEBUG: Record inserted {"table":"pages","insert_id":73,"data_keys":["title","slug","status","meta_title","meta_description","published_at","created_at","updated_at"]}
[2025-09-23 08:52:18] INFO: Page created successfully {"page_id":73}
[2025-09-23 08:52:18] DEBUG: Record inserted {"table":"page_metadata","insert_id":54,"data_keys":["content_type","block_category","author","publish_date","expiry_date","visibility","password","featured","allow_comments","is_reusable_block","block_preview_image","page_id","created_at","updated_at"]}
[2025-09-23 08:52:18] DEBUG: Record inserted {"table":"page_seo","insert_id":54,"data_keys":["meta_keywords","canonical_url","no_index","no_follow","og_title","og_description","og_image","twitter_card","schema_markup","page_id","created_at","updated_at"]}
[2025-09-23 08:52:18] DEBUG: Record inserted {"table":"page_settings","insert_id":119,"data_keys":["template","custom_css","custom_js","redirect_url","menu_order","parent_page","latitude","longitude","address","price","currency","sale_price","recurring","recurring_period","page_id","created_at","updated_at"]}
[2025-09-23 08:52:18] DEBUG: Records deleted {"table":"page_access_roles","affected_rows":0,"where_conditions":["page_id"]}
[2025-09-23 08:52:18] DEBUG: Record inserted {"table":"page_access_roles","insert_id":73,"data_keys":["page_id","role","created_at","updated_at"]}
[2025-09-23 08:52:18] DEBUG: Record inserted {"table":"page_social","insert_id":111,"data_keys":["enable_sharing","platforms","share_text","share_hashtags","share_via","track_shares","track_clicks","pixel_ids","gtm_events","show_follower_count","show_share_count","show_recent_activity","testimonial_integration","auto_embed_links","embed_width","embed_height","lazy_load_embeds","page_id","created_at","updated_at"]}
[2025-09-23 08:52:18] DEBUG: Records deleted {"table":"page_categories","affected_rows":0,"where_conditions":["page_id"]}
[2025-09-23 08:52:18] DEBUG: Record inserted {"table":"categories","insert_id":346,"data_keys":["name","slug","is_active","created_at","updated_at"]}
[2025-09-23 08:52:18] DEBUG: Record inserted {"table":"page_categories","insert_id":345,"data_keys":["page_id","category_id","created_at","updated_at"]}
[2025-09-23 08:52:18] DEBUG: Record inserted {"table":"categories","insert_id":347,"data_keys":["name","slug","is_active","created_at","updated_at"]}
[2025-09-23 08:52:18] DEBUG: Record inserted {"table":"page_categories","insert_id":346,"data_keys":["page_id","category_id","created_at","updated_at"]}
[2025-09-23 08:52:18] DEBUG: Record inserted {"table":"categories","insert_id":348,"data_keys":["name","slug","is_active","created_at","updated_at"]}
[2025-09-23 08:52:18] DEBUG: Record inserted {"table":"page_categories","insert_id":347,"data_keys":["page_id","category_id","created_at","updated_at"]}
[2025-09-23 08:52:18] DEBUG: Records deleted {"table":"page_tags","affected_rows":0,"where_conditions":["page_id"]}
[2025-09-23 08:52:18] DEBUG: Record inserted {"table":"tags","insert_id":288,"data_keys":["name","slug","usage_count","created_at","updated_at"]}
[2025-09-23 08:52:18] DEBUG: Record inserted {"table":"page_tags","insert_id":288,"data_keys":["page_id","tag_id","created_at","updated_at"]}
[2025-09-23 08:52:18] DEBUG: Record inserted {"table":"tags","insert_id":289,"data_keys":["name","slug","usage_count","created_at","updated_at"]}
[2025-09-23 08:52:18] DEBUG: Record inserted {"table":"page_tags","insert_id":289,"data_keys":["page_id","tag_id","created_at","updated_at"]}
[2025-09-23 08:52:18] DEBUG: Record inserted {"table":"tags","insert_id":290,"data_keys":["name","slug","usage_count","created_at","updated_at"]}
[2025-09-23 08:52:18] DEBUG: Record inserted {"table":"page_tags","insert_id":290,"data_keys":["page_id","tag_id","created_at","updated_at"]}
[2025-09-23 08:52:18] DEBUG: Database savepoint created {"level":1}
[2025-09-23 08:52:18] ERROR: Invalid block data structure {"block_type":"image","page_id":73}
[2025-09-23 08:52:18] DEBUG: Record inserted {"table":"blocks","insert_id":345,"data_keys":["page_id","type","data","order","created_at","updated_at"]}
[2025-09-23 08:52:18] DEBUG: Record inserted {"table":"blocks","insert_id":346,"data_keys":["page_id","type","data","order","created_at","updated_at"]}
[2025-09-23 08:52:18] ERROR: Invalid block data structure {"block_type":"text","page_id":73}
[2025-09-23 08:52:18] DEBUG: Record inserted {"table":"blocks","insert_id":347,"data_keys":["page_id","type","data","order","created_at","updated_at"]}
[2025-09-23 08:52:18] DEBUG: Record inserted {"table":"blocks","insert_id":348,"data_keys":["page_id","type","data","order","created_at","updated_at"]}
[2025-09-23 08:52:18] ERROR: Invalid block data structure {"block_type":"image","page_id":73}
[2025-09-23 08:52:18] DEBUG: Record inserted {"table":"blocks","insert_id":349,"data_keys":["page_id","type","data","order","created_at","updated_at"]}
[2025-09-23 08:52:18] DEBUG: Record inserted {"table":"blocks","insert_id":350,"data_keys":["page_id","type","data","order","created_at","updated_at"]}
[2025-09-23 08:52:18] DEBUG: Record inserted {"table":"blocks","insert_id":351,"data_keys":["page_id","type","data","order","created_at","updated_at"]}
[2025-09-23 08:52:18] DEBUG: Record inserted {"table":"blocks","insert_id":352,"data_keys":["page_id","type","data","order","created_at","updated_at"]}
[2025-09-23 08:52:18] DEBUG: Record inserted {"table":"blocks","insert_id":353,"data_keys":["page_id","type","data","order","created_at","updated_at"]}
[2025-09-23 08:52:18] DEBUG: Record inserted {"table":"blocks","insert_id":354,"data_keys":["page_id","type","data","order","created_at","updated_at"]}
[2025-09-23 08:52:18] DEBUG: Record inserted {"table":"blocks","insert_id":355,"data_keys":["page_id","type","data","order","created_at","updated_at"]}
[2025-09-23 08:52:18] DEBUG: Record inserted {"table":"blocks","insert_id":356,"data_keys":["page_id","type","data","order","created_at","updated_at"]}
[2025-09-23 08:52:18] DEBUG: Record inserted {"table":"blocks","insert_id":357,"data_keys":["page_id","type","data","order","created_at","updated_at"]}
[2025-09-23 08:52:18] DEBUG: Record inserted {"table":"blocks","insert_id":358,"data_keys":["page_id","type","data","order","created_at","updated_at"]}
[2025-09-23 08:52:18] DEBUG: Record inserted {"table":"blocks","insert_id":359,"data_keys":["page_id","type","data","order","created_at","updated_at"]}
[2025-09-23 08:52:18] DEBUG: Record inserted {"table":"blocks","insert_id":360,"data_keys":["page_id","type","data","order","created_at","updated_at"]}
[2025-09-23 08:52:18] DEBUG: Record inserted {"table":"blocks","insert_id":361,"data_keys":["page_id","type","data","order","created_at","updated_at"]}
[2025-09-23 08:52:18] DEBUG: Record inserted {"table":"blocks","insert_id":362,"data_keys":["page_id","type","data","order","created_at","updated_at"]}
[2025-09-23 08:52:18] DEBUG: Record inserted {"table":"blocks","insert_id":363,"data_keys":["page_id","type","data","order","created_at","updated_at"]}
[2025-09-23 08:52:18] DEBUG: Record inserted {"table":"blocks","insert_id":364,"data_keys":["page_id","type","data","order","created_at","updated_at"]}
[2025-09-23 08:52:18] DEBUG: Record inserted {"table":"blocks","insert_id":365,"data_keys":["page_id","type","data","order","created_at","updated_at"]}
[2025-09-23 08:52:18] DEBUG: Database savepoint released {"level":1}
[2025-09-23 08:52:18] DEBUG: Database transaction committed
[2025-09-23 08:52:41] INFO: Database connection established {"driver":"mysql","host":"db","database":"block_cms","connection_time":"1.01ms"}
[2025-09-23 08:52:41] DEBUG: Database transaction started
[2025-09-23 08:52:41] INFO: Creating new page {"title":"test mike"}
[2025-09-23 08:52:41] DEBUG: Record inserted {"table":"pages","insert_id":74,"data_keys":["title","slug","status","meta_title","meta_description","published_at","created_at","updated_at"]}
[2025-09-23 08:52:41] INFO: Page created successfully {"page_id":74}
[2025-09-23 08:52:41] DEBUG: Record inserted {"table":"page_metadata","insert_id":55,"data_keys":["content_type","block_category","author","publish_date","expiry_date","visibility","password","featured","allow_comments","is_reusable_block","block_preview_image","page_id","created_at","updated_at"]}
[2025-09-23 08:52:41] DEBUG: Record inserted {"table":"page_seo","insert_id":55,"data_keys":["meta_keywords","canonical_url","no_index","no_follow","og_title","og_description","og_image","twitter_card","schema_markup","page_id","created_at","updated_at"]}
[2025-09-23 08:52:41] DEBUG: Record inserted {"table":"page_settings","insert_id":120,"data_keys":["template","custom_css","custom_js","redirect_url","menu_order","parent_page","latitude","longitude","address","price","currency","sale_price","recurring","recurring_period","page_id","created_at","updated_at"]}
[2025-09-23 08:52:41] DEBUG: Records deleted {"table":"page_access_roles","affected_rows":0,"where_conditions":["page_id"]}
[2025-09-23 08:52:41] DEBUG: Record inserted {"table":"page_access_roles","insert_id":74,"data_keys":["page_id","role","created_at","updated_at"]}
[2025-09-23 08:52:41] DEBUG: Record inserted {"table":"page_social","insert_id":112,"data_keys":["enable_sharing","platforms","share_text","share_hashtags","share_via","track_shares","track_clicks","pixel_ids","gtm_events","show_follower_count","show_share_count","show_recent_activity","testimonial_integration","auto_embed_links","embed_width","embed_height","lazy_load_embeds","page_id","created_at","updated_at"]}
[2025-09-23 08:52:41] DEBUG: Records deleted {"table":"page_categories","affected_rows":0,"where_conditions":["page_id"]}
[2025-09-23 08:52:41] DEBUG: Record inserted {"table":"categories","insert_id":349,"data_keys":["name","slug","is_active","created_at","updated_at"]}
[2025-09-23 08:52:41] DEBUG: Record inserted {"table":"page_categories","insert_id":348,"data_keys":["page_id","category_id","created_at","updated_at"]}
[2025-09-23 08:52:41] DEBUG: Record inserted {"table":"categories","insert_id":350,"data_keys":["name","slug","is_active","created_at","updated_at"]}
[2025-09-23 08:52:41] DEBUG: Record inserted {"table":"page_categories","insert_id":349,"data_keys":["page_id","category_id","created_at","updated_at"]}
[2025-09-23 08:52:41] DEBUG: Record inserted {"table":"categories","insert_id":351,"data_keys":["name","slug","is_active","created_at","updated_at"]}
[2025-09-23 08:52:41] DEBUG: Record inserted {"table":"page_categories","insert_id":350,"data_keys":["page_id","category_id","created_at","updated_at"]}
[2025-09-23 08:52:41] DEBUG: Records deleted {"table":"page_tags","affected_rows":0,"where_conditions":["page_id"]}
[2025-09-23 08:52:41] DEBUG: Record inserted {"table":"tags","insert_id":291,"data_keys":["name","slug","usage_count","created_at","updated_at"]}
[2025-09-23 08:52:41] DEBUG: Record inserted {"table":"page_tags","insert_id":291,"data_keys":["page_id","tag_id","created_at","updated_at"]}
[2025-09-23 08:52:41] DEBUG: Record inserted {"table":"tags","insert_id":292,"data_keys":["name","slug","usage_count","created_at","updated_at"]}
[2025-09-23 08:52:41] DEBUG: Record inserted {"table":"page_tags","insert_id":292,"data_keys":["page_id","tag_id","created_at","updated_at"]}
[2025-09-23 08:52:41] DEBUG: Record inserted {"table":"tags","insert_id":293,"data_keys":["name","slug","usage_count","created_at","updated_at"]}
[2025-09-23 08:52:41] DEBUG: Record inserted {"table":"page_tags","insert_id":293,"data_keys":["page_id","tag_id","created_at","updated_at"]}
[2025-09-23 08:52:41] DEBUG: Database savepoint created {"level":1}
[2025-09-23 08:52:41] ERROR: Invalid block data structure {"block_type":"image","page_id":74}
[2025-09-23 08:52:41] DEBUG: Record inserted {"table":"blocks","insert_id":366,"data_keys":["page_id","type","data","order","created_at","updated_at"]}
[2025-09-23 08:52:41] DEBUG: Record inserted {"table":"blocks","insert_id":367,"data_keys":["page_id","type","data","order","created_at","updated_at"]}
[2025-09-23 08:52:41] ERROR: Invalid block data structure {"block_type":"text","page_id":74}
[2025-09-23 08:52:41] DEBUG: Record inserted {"table":"blocks","insert_id":368,"data_keys":["page_id","type","data","order","created_at","updated_at"]}
[2025-09-23 08:52:41] DEBUG: Record inserted {"table":"blocks","insert_id":369,"data_keys":["page_id","type","data","order","created_at","updated_at"]}
[2025-09-23 08:52:41] ERROR: Invalid block data structure {"block_type":"image","page_id":74}
[2025-09-23 08:52:41] DEBUG: Record inserted {"table":"blocks","insert_id":370,"data_keys":["page_id","type","data","order","created_at","updated_at"]}
[2025-09-23 08:52:41] DEBUG: Record inserted {"table":"blocks","insert_id":371,"data_keys":["page_id","type","data","order","created_at","updated_at"]}
[2025-09-23 08:52:41] DEBUG: Record inserted {"table":"blocks","insert_id":372,"data_keys":["page_id","type","data","order","created_at","updated_at"]}
[2025-09-23 08:52:41] DEBUG: Record inserted {"table":"blocks","insert_id":373,"data_keys":["page_id","type","data","order","created_at","updated_at"]}
[2025-09-23 08:52:41] DEBUG: Record inserted {"table":"blocks","insert_id":374,"data_keys":["page_id","type","data","order","created_at","updated_at"]}
[2025-09-23 08:52:41] DEBUG: Record inserted {"table":"blocks","insert_id":375,"data_keys":["page_id","type","data","order","created_at","updated_at"]}
[2025-09-23 08:52:41] DEBUG: Record inserted {"table":"blocks","insert_id":376,"data_keys":["page_id","type","data","order","created_at","updated_at"]}
[2025-09-23 08:52:41] DEBUG: Record inserted {"table":"blocks","insert_id":377,"data_keys":["page_id","type","data","order","created_at","updated_at"]}
[2025-09-23 08:52:41] DEBUG: Record inserted {"table":"blocks","insert_id":378,"data_keys":["page_id","type","data","order","created_at","updated_at"]}
[2025-09-23 08:52:41] DEBUG: Record inserted {"table":"blocks","insert_id":379,"data_keys":["page_id","type","data","order","created_at","updated_at"]}
[2025-09-23 08:52:41] DEBUG: Record inserted {"table":"blocks","insert_id":380,"data_keys":["page_id","type","data","order","created_at","updated_at"]}
[2025-09-23 08:52:41] DEBUG: Record inserted {"table":"blocks","insert_id":381,"data_keys":["page_id","type","data","order","created_at","updated_at"]}
[2025-09-23 08:52:41] DEBUG: Record inserted {"table":"blocks","insert_id":382,"data_keys":["page_id","type","data","order","created_at","updated_at"]}
[2025-09-23 08:52:41] DEBUG: Record inserted {"table":"blocks","insert_id":383,"data_keys":["page_id","type","data","order","created_at","updated_at"]}
[2025-09-23 08:52:41] DEBUG: Record inserted {"table":"blocks","insert_id":384,"data_keys":["page_id","type","data","order","created_at","updated_at"]}
[2025-09-23 08:52:41] DEBUG: Record inserted {"table":"blocks","insert_id":385,"data_keys":["page_id","type","data","order","created_at","updated_at"]}
[2025-09-23 08:52:41] DEBUG: Record inserted {"table":"blocks","insert_id":386,"data_keys":["page_id","type","data","order","created_at","updated_at"]}
[2025-09-23 08:52:41] DEBUG: Database savepoint released {"level":1}
[2025-09-23 08:52:41] DEBUG: Database transaction committed
[2025-09-23 08:53:00] INFO: Database connection established {"driver":"mysql","host":"db","database":"block_cms","connection_time":"1.83ms"}
[2025-09-23 08:53:00] DEBUG: Database transaction started
[2025-09-23 08:53:00] INFO: Creating new page {"title":"test mike"}
[2025-09-23 08:53:00] DEBUG: Record inserted {"table":"pages","insert_id":75,"data_keys":["title","slug","status","meta_title","meta_description","published_at","created_at","updated_at"]}
[2025-09-23 08:53:00] INFO: Page created successfully {"page_id":75}
[2025-09-23 08:53:00] DEBUG: Record inserted {"table":"page_metadata","insert_id":56,"data_keys":["content_type","block_category","author","publish_date","expiry_date","visibility","password","featured","allow_comments","is_reusable_block","block_preview_image","page_id","created_at","updated_at"]}
[2025-09-23 08:53:00] DEBUG: Record inserted {"table":"page_seo","insert_id":56,"data_keys":["meta_keywords","canonical_url","no_index","no_follow","og_title","og_description","og_image","twitter_card","schema_markup","page_id","created_at","updated_at"]}
[2025-09-23 08:53:00] DEBUG: Record inserted {"table":"page_settings","insert_id":121,"data_keys":["template","custom_css","custom_js","redirect_url","menu_order","parent_page","latitude","longitude","address","price","currency","sale_price","recurring","recurring_period","page_id","created_at","updated_at"]}
[2025-09-23 08:53:00] DEBUG: Records deleted {"table":"page_access_roles","affected_rows":0,"where_conditions":["page_id"]}
[2025-09-23 08:53:00] DEBUG: Record inserted {"table":"page_access_roles","insert_id":75,"data_keys":["page_id","role","created_at","updated_at"]}
[2025-09-23 08:53:00] DEBUG: Record inserted {"table":"page_social","insert_id":113,"data_keys":["enable_sharing","platforms","share_text","share_hashtags","share_via","track_shares","track_clicks","pixel_ids","gtm_events","show_follower_count","show_share_count","show_recent_activity","testimonial_integration","auto_embed_links","embed_width","embed_height","lazy_load_embeds","page_id","created_at","updated_at"]}
[2025-09-23 08:53:00] DEBUG: Records deleted {"table":"page_categories","affected_rows":0,"where_conditions":["page_id"]}
[2025-09-23 08:53:00] DEBUG: Record inserted {"table":"categories","insert_id":352,"data_keys":["name","slug","is_active","created_at","updated_at"]}
[2025-09-23 08:53:00] DEBUG: Record inserted {"table":"page_categories","insert_id":351,"data_keys":["page_id","category_id","created_at","updated_at"]}
[2025-09-23 08:53:00] DEBUG: Record inserted {"table":"categories","insert_id":353,"data_keys":["name","slug","is_active","created_at","updated_at"]}
[2025-09-23 08:53:00] DEBUG: Record inserted {"table":"page_categories","insert_id":352,"data_keys":["page_id","category_id","created_at","updated_at"]}
[2025-09-23 08:53:00] DEBUG: Record inserted {"table":"categories","insert_id":354,"data_keys":["name","slug","is_active","created_at","updated_at"]}
[2025-09-23 08:53:00] DEBUG: Record inserted {"table":"page_categories","insert_id":353,"data_keys":["page_id","category_id","created_at","updated_at"]}
[2025-09-23 08:53:00] DEBUG: Records deleted {"table":"page_tags","affected_rows":0,"where_conditions":["page_id"]}
[2025-09-23 08:53:00] DEBUG: Record inserted {"table":"tags","insert_id":294,"data_keys":["name","slug","usage_count","created_at","updated_at"]}
[2025-09-23 08:53:00] DEBUG: Record inserted {"table":"page_tags","insert_id":294,"data_keys":["page_id","tag_id","created_at","updated_at"]}
[2025-09-23 08:53:00] DEBUG: Record inserted {"table":"tags","insert_id":295,"data_keys":["name","slug","usage_count","created_at","updated_at"]}
[2025-09-23 08:53:00] DEBUG: Record inserted {"table":"page_tags","insert_id":295,"data_keys":["page_id","tag_id","created_at","updated_at"]}
[2025-09-23 08:53:00] DEBUG: Record inserted {"table":"tags","insert_id":296,"data_keys":["name","slug","usage_count","created_at","updated_at"]}
[2025-09-23 08:53:00] DEBUG: Record inserted {"table":"page_tags","insert_id":296,"data_keys":["page_id","tag_id","created_at","updated_at"]}
[2025-09-23 08:53:00] DEBUG: Database savepoint created {"level":1}
[2025-09-23 08:53:00] ERROR: Invalid block data structure {"block_type":"image","page_id":75}
[2025-09-23 08:53:00] DEBUG: Record inserted {"table":"blocks","insert_id":387,"data_keys":["page_id","type","data","order","created_at","updated_at"]}
[2025-09-23 08:53:00] DEBUG: Record inserted {"table":"blocks","insert_id":388,"data_keys":["page_id","type","data","order","created_at","updated_at"]}
[2025-09-23 08:53:00] ERROR: Invalid block data structure {"block_type":"text","page_id":75}
[2025-09-23 08:53:00] DEBUG: Record inserted {"table":"blocks","insert_id":389,"data_keys":["page_id","type","data","order","created_at","updated_at"]}
[2025-09-23 08:53:00] DEBUG: Record inserted {"table":"blocks","insert_id":390,"data_keys":["page_id","type","data","order","created_at","updated_at"]}
[2025-09-23 08:53:00] ERROR: Invalid block data structure {"block_type":"image","page_id":75}
[2025-09-23 08:53:00] DEBUG: Record inserted {"table":"blocks","insert_id":391,"data_keys":["page_id","type","data","order","created_at","updated_at"]}
[2025-09-23 08:53:00] DEBUG: Record inserted {"table":"blocks","insert_id":392,"data_keys":["page_id","type","data","order","created_at","updated_at"]}
[2025-09-23 08:53:00] DEBUG: Record inserted {"table":"blocks","insert_id":393,"data_keys":["page_id","type","data","order","created_at","updated_at"]}
[2025-09-23 08:53:00] DEBUG: Record inserted {"table":"blocks","insert_id":394,"data_keys":["page_id","type","data","order","created_at","updated_at"]}
[2025-09-23 08:53:00] DEBUG: Record inserted {"table":"blocks","insert_id":395,"data_keys":["page_id","type","data","order","created_at","updated_at"]}
[2025-09-23 08:53:00] DEBUG: Record inserted {"table":"blocks","insert_id":396,"data_keys":["page_id","type","data","order","created_at","updated_at"]}
[2025-09-23 08:53:00] DEBUG: Record inserted {"table":"blocks","insert_id":397,"data_keys":["page_id","type","data","order","created_at","updated_at"]}
[2025-09-23 08:53:00] DEBUG: Record inserted {"table":"blocks","insert_id":398,"data_keys":["page_id","type","data","order","created_at","updated_at"]}
[2025-09-23 08:53:00] DEBUG: Record inserted {"table":"blocks","insert_id":399,"data_keys":["page_id","type","data","order","created_at","updated_at"]}
[2025-09-23 08:53:00] DEBUG: Record inserted {"table":"blocks","insert_id":400,"data_keys":["page_id","type","data","order","created_at","updated_at"]}
[2025-09-23 08:53:00] DEBUG: Record inserted {"table":"blocks","insert_id":401,"data_keys":["page_id","type","data","order","created_at","updated_at"]}
[2025-09-23 08:53:00] DEBUG: Record inserted {"table":"blocks","insert_id":402,"data_keys":["page_id","type","data","order","created_at","updated_at"]}
[2025-09-23 08:53:00] DEBUG: Record inserted {"table":"blocks","insert_id":403,"data_keys":["page_id","type","data","order","created_at","updated_at"]}
[2025-09-23 08:53:00] DEBUG: Record inserted {"table":"blocks","insert_id":404,"data_keys":["page_id","type","data","order","created_at","updated_at"]}
[2025-09-23 08:53:00] DEBUG: Record inserted {"table":"blocks","insert_id":405,"data_keys":["page_id","type","data","order","created_at","updated_at"]}
[2025-09-23 08:53:00] DEBUG: Record inserted {"table":"blocks","insert_id":406,"data_keys":["page_id","type","data","order","created_at","updated_at"]}
[2025-09-23 08:53:00] DEBUG: Record inserted {"table":"blocks","insert_id":407,"data_keys":["page_id","type","data","order","created_at","updated_at"]}
[2025-09-23 08:53:00] DEBUG: Database savepoint released {"level":1}
[2025-09-23 08:53:00] DEBUG: Database transaction committed
[2025-09-23 08:53:18] INFO: Database connection established {"driver":"mysql","host":"db","database":"block_cms","connection_time":"2.91ms"}
[2025-09-23 08:53:18] DEBUG: Database transaction started
[2025-09-23 08:53:18] INFO: Creating new page {"title":"test mike"}
[2025-09-23 08:53:18] DEBUG: Record inserted {"table":"pages","insert_id":76,"data_keys":["title","slug","status","meta_title","meta_description","published_at","created_at","updated_at"]}
[2025-09-23 08:53:18] INFO: Page created successfully {"page_id":76}
[2025-09-23 08:53:18] DEBUG: Record inserted {"table":"page_metadata","insert_id":57,"data_keys":["content_type","block_category","author","publish_date","expiry_date","visibility","password","featured","allow_comments","is_reusable_block","block_preview_image","page_id","created_at","updated_at"]}
[2025-09-23 08:53:18] DEBUG: Record inserted {"table":"page_seo","insert_id":57,"data_keys":["meta_keywords","canonical_url","no_index","no_follow","og_title","og_description","og_image","twitter_card","schema_markup","page_id","created_at","updated_at"]}
[2025-09-23 08:53:18] DEBUG: Record inserted {"table":"page_settings","insert_id":122,"data_keys":["template","custom_css","custom_js","redirect_url","menu_order","parent_page","latitude","longitude","address","price","currency","sale_price","recurring","recurring_period","page_id","created_at","updated_at"]}
[2025-09-23 08:53:18] DEBUG: Records deleted {"table":"page_access_roles","affected_rows":0,"where_conditions":["page_id"]}
[2025-09-23 08:53:18] DEBUG: Record inserted {"table":"page_access_roles","insert_id":76,"data_keys":["page_id","role","created_at","updated_at"]}
[2025-09-23 08:53:18] DEBUG: Record inserted {"table":"page_social","insert_id":114,"data_keys":["enable_sharing","platforms","share_text","share_hashtags","share_via","track_shares","track_clicks","pixel_ids","gtm_events","show_follower_count","show_share_count","show_recent_activity","testimonial_integration","auto_embed_links","embed_width","embed_height","lazy_load_embeds","page_id","created_at","updated_at"]}
[2025-09-23 08:53:18] DEBUG: Records deleted {"table":"page_categories","affected_rows":0,"where_conditions":["page_id"]}
[2025-09-23 08:53:18] DEBUG: Record inserted {"table":"categories","insert_id":355,"data_keys":["name","slug","is_active","created_at","updated_at"]}
[2025-09-23 08:53:18] DEBUG: Record inserted {"table":"page_categories","insert_id":354,"data_keys":["page_id","category_id","created_at","updated_at"]}
[2025-09-23 08:53:18] DEBUG: Record inserted {"table":"categories","insert_id":356,"data_keys":["name","slug","is_active","created_at","updated_at"]}
[2025-09-23 08:53:18] DEBUG: Record inserted {"table":"page_categories","insert_id":355,"data_keys":["page_id","category_id","created_at","updated_at"]}
[2025-09-23 08:53:18] DEBUG: Record inserted {"table":"categories","insert_id":357,"data_keys":["name","slug","is_active","created_at","updated_at"]}
[2025-09-23 08:53:18] DEBUG: Record inserted {"table":"page_categories","insert_id":356,"data_keys":["page_id","category_id","created_at","updated_at"]}
[2025-09-23 08:53:18] DEBUG: Records deleted {"table":"page_tags","affected_rows":0,"where_conditions":["page_id"]}
[2025-09-23 08:53:18] DEBUG: Record inserted {"table":"tags","insert_id":297,"data_keys":["name","slug","usage_count","created_at","updated_at"]}
[2025-09-23 08:53:18] DEBUG: Record inserted {"table":"page_tags","insert_id":297,"data_keys":["page_id","tag_id","created_at","updated_at"]}
[2025-09-23 08:53:18] DEBUG: Record inserted {"table":"tags","insert_id":298,"data_keys":["name","slug","usage_count","created_at","updated_at"]}
[2025-09-23 08:53:18] DEBUG: Record inserted {"table":"page_tags","insert_id":298,"data_keys":["page_id","tag_id","created_at","updated_at"]}
[2025-09-23 08:53:18] DEBUG: Record inserted {"table":"tags","insert_id":299,"data_keys":["name","slug","usage_count","created_at","updated_at"]}
[2025-09-23 08:53:18] DEBUG: Record inserted {"table":"page_tags","insert_id":299,"data_keys":["page_id","tag_id","created_at","updated_at"]}
[2025-09-23 08:53:18] DEBUG: Database savepoint created {"level":1}
[2025-09-23 08:53:18] ERROR: Invalid block data structure {"block_type":"image","page_id":76}
[2025-09-23 08:53:18] DEBUG: Record inserted {"table":"blocks","insert_id":408,"data_keys":["page_id","type","data","order","created_at","updated_at"]}
[2025-09-23 08:53:18] DEBUG: Record inserted {"table":"blocks","insert_id":409,"data_keys":["page_id","type","data","order","created_at","updated_at"]}
[2025-09-23 08:53:18] ERROR: Invalid block data structure {"block_type":"text","page_id":76}
[2025-09-23 08:53:18] DEBUG: Record inserted {"table":"blocks","insert_id":410,"data_keys":["page_id","type","data","order","created_at","updated_at"]}
[2025-09-23 08:53:18] DEBUG: Record inserted {"table":"blocks","insert_id":411,"data_keys":["page_id","type","data","order","created_at","updated_at"]}
[2025-09-23 08:53:18] ERROR: Invalid block data structure {"block_type":"image","page_id":76}
[2025-09-23 08:53:18] DEBUG: Record inserted {"table":"blocks","insert_id":412,"data_keys":["page_id","type","data","order","created_at","updated_at"]}
[2025-09-23 08:53:18] DEBUG: Record inserted {"table":"blocks","insert_id":413,"data_keys":["page_id","type","data","order","created_at","updated_at"]}
[2025-09-23 08:53:18] DEBUG: Record inserted {"table":"blocks","insert_id":414,"data_keys":["page_id","type","data","order","created_at","updated_at"]}
[2025-09-23 08:53:18] DEBUG: Record inserted {"table":"blocks","insert_id":415,"data_keys":["page_id","type","data","order","created_at","updated_at"]}
[2025-09-23 08:53:18] DEBUG: Record inserted {"table":"blocks","insert_id":416,"data_keys":["page_id","type","data","order","created_at","updated_at"]}
[2025-09-23 08:53:18] DEBUG: Record inserted {"table":"blocks","insert_id":417,"data_keys":["page_id","type","data","order","created_at","updated_at"]}
[2025-09-23 08:53:18] DEBUG: Record inserted {"table":"blocks","insert_id":418,"data_keys":["page_id","type","data","order","created_at","updated_at"]}
[2025-09-23 08:53:18] DEBUG: Record inserted {"table":"blocks","insert_id":419,"data_keys":["page_id","type","data","order","created_at","updated_at"]}
[2025-09-23 08:53:18] DEBUG: Record inserted {"table":"blocks","insert_id":420,"data_keys":["page_id","type","data","order","created_at","updated_at"]}
[2025-09-23 08:53:18] DEBUG: Record inserted {"table":"blocks","insert_id":421,"data_keys":["page_id","type","data","order","created_at","updated_at"]}
[2025-09-23 08:53:18] DEBUG: Record inserted {"table":"blocks","insert_id":422,"data_keys":["page_id","type","data","order","created_at","updated_at"]}
[2025-09-23 08:53:18] DEBUG: Record inserted {"table":"blocks","insert_id":423,"data_keys":["page_id","type","data","order","created_at","updated_at"]}
[2025-09-23 08:53:18] DEBUG: Record inserted {"table":"blocks","insert_id":424,"data_keys":["page_id","type","data","order","created_at","updated_at"]}
[2025-09-23 08:53:18] DEBUG: Record inserted {"table":"blocks","insert_id":425,"data_keys":["page_id","type","data","order","created_at","updated_at"]}
[2025-09-23 08:53:18] DEBUG: Record inserted {"table":"blocks","insert_id":426,"data_keys":["page_id","type","data","order","created_at","updated_at"]}
[2025-09-23 08:53:18] DEBUG: Record inserted {"table":"blocks","insert_id":427,"data_keys":["page_id","type","data","order","created_at","updated_at"]}
[2025-09-23 08:53:18] DEBUG: Record inserted {"table":"blocks","insert_id":428,"data_keys":["page_id","type","data","order","created_at","updated_at"]}
[2025-09-23 08:53:18] DEBUG: Database savepoint released {"level":1}
[2025-09-23 08:53:18] DEBUG: Database transaction committed
[2025-09-23 08:53:32] INFO: Database connection established {"driver":"mysql","host":"db","database":"block_cms","connection_time":"0.87ms"}
[2025-09-23 08:53:32] DEBUG: Database transaction started
[2025-09-23 08:53:32] INFO: Creating new page {"title":"test mike"}
[2025-09-23 08:53:32] DEBUG: Record inserted {"table":"pages","insert_id":77,"data_keys":["title","slug","status","meta_title","meta_description","published_at","created_at","updated_at"]}
[2025-09-23 08:53:32] INFO: Page created successfully {"page_id":77}
[2025-09-23 08:53:32] DEBUG: Record inserted {"table":"page_metadata","insert_id":58,"data_keys":["content_type","block_category","author","publish_date","expiry_date","visibility","password","featured","allow_comments","is_reusable_block","block_preview_image","page_id","created_at","updated_at"]}
[2025-09-23 08:53:32] DEBUG: Record inserted {"table":"page_seo","insert_id":58,"data_keys":["meta_keywords","canonical_url","no_index","no_follow","og_title","og_description","og_image","twitter_card","schema_markup","page_id","created_at","updated_at"]}
[2025-09-23 08:53:32] DEBUG: Record inserted {"table":"page_settings","insert_id":123,"data_keys":["template","custom_css","custom_js","redirect_url","menu_order","parent_page","latitude","longitude","address","price","currency","sale_price","recurring","recurring_period","page_id","created_at","updated_at"]}
[2025-09-23 08:53:32] DEBUG: Records deleted {"table":"page_access_roles","affected_rows":0,"where_conditions":["page_id"]}
[2025-09-23 08:53:32] DEBUG: Record inserted {"table":"page_access_roles","insert_id":77,"data_keys":["page_id","role","created_at","updated_at"]}
[2025-09-23 08:53:32] DEBUG: Record inserted {"table":"page_social","insert_id":115,"data_keys":["enable_sharing","platforms","share_text","share_hashtags","share_via","track_shares","track_clicks","pixel_ids","gtm_events","show_follower_count","show_share_count","show_recent_activity","testimonial_integration","auto_embed_links","embed_width","embed_height","lazy_load_embeds","page_id","created_at","updated_at"]}
[2025-09-23 08:53:32] DEBUG: Records deleted {"table":"page_categories","affected_rows":0,"where_conditions":["page_id"]}
[2025-09-23 08:53:32] DEBUG: Record inserted {"table":"categories","insert_id":358,"data_keys":["name","slug","is_active","created_at","updated_at"]}
[2025-09-23 08:53:32] DEBUG: Record inserted {"table":"page_categories","insert_id":357,"data_keys":["page_id","category_id","created_at","updated_at"]}
[2025-09-23 08:53:32] DEBUG: Record inserted {"table":"categories","insert_id":359,"data_keys":["name","slug","is_active","created_at","updated_at"]}
[2025-09-23 08:53:32] DEBUG: Record inserted {"table":"page_categories","insert_id":358,"data_keys":["page_id","category_id","created_at","updated_at"]}
[2025-09-23 08:53:32] DEBUG: Record inserted {"table":"categories","insert_id":360,"data_keys":["name","slug","is_active","created_at","updated_at"]}
[2025-09-23 08:53:32] DEBUG: Record inserted {"table":"page_categories","insert_id":359,"data_keys":["page_id","category_id","created_at","updated_at"]}
[2025-09-23 08:53:32] DEBUG: Records deleted {"table":"page_tags","affected_rows":0,"where_conditions":["page_id"]}
[2025-09-23 08:53:32] DEBUG: Record inserted {"table":"tags","insert_id":300,"data_keys":["name","slug","usage_count","created_at","updated_at"]}
[2025-09-23 08:53:32] DEBUG: Record inserted {"table":"page_tags","insert_id":300,"data_keys":["page_id","tag_id","created_at","updated_at"]}
[2025-09-23 08:53:32] DEBUG: Record inserted {"table":"tags","insert_id":301,"data_keys":["name","slug","usage_count","created_at","updated_at"]}
[2025-09-23 08:53:32] DEBUG: Record inserted {"table":"page_tags","insert_id":301,"data_keys":["page_id","tag_id","created_at","updated_at"]}
[2025-09-23 08:53:32] DEBUG: Record inserted {"table":"tags","insert_id":302,"data_keys":["name","slug","usage_count","created_at","updated_at"]}
[2025-09-23 08:53:32] DEBUG: Record inserted {"table":"page_tags","insert_id":302,"data_keys":["page_id","tag_id","created_at","updated_at"]}
[2025-09-23 08:53:32] DEBUG: Database savepoint created {"level":1}
[2025-09-23 08:53:32] ERROR: Invalid block data structure {"block_type":"image","page_id":77}
[2025-09-23 08:53:32] DEBUG: Record inserted {"table":"blocks","insert_id":429,"data_keys":["page_id","type","data","order","created_at","updated_at"]}
[2025-09-23 08:53:32] DEBUG: Record inserted {"table":"blocks","insert_id":430,"data_keys":["page_id","type","data","order","created_at","updated_at"]}
[2025-09-23 08:53:32] ERROR: Invalid block data structure {"block_type":"text","page_id":77}
[2025-09-23 08:53:32] DEBUG: Record inserted {"table":"blocks","insert_id":431,"data_keys":["page_id","type","data","order","created_at","updated_at"]}
[2025-09-23 08:53:32] DEBUG: Record inserted {"table":"blocks","insert_id":432,"data_keys":["page_id","type","data","order","created_at","updated_at"]}
[2025-09-23 08:53:32] ERROR: Invalid block data structure {"block_type":"image","page_id":77}
[2025-09-23 08:53:32] DEBUG: Record inserted {"table":"blocks","insert_id":433,"data_keys":["page_id","type","data","order","created_at","updated_at"]}
[2025-09-23 08:53:32] DEBUG: Record inserted {"table":"blocks","insert_id":434,"data_keys":["page_id","type","data","order","created_at","updated_at"]}
[2025-09-23 08:53:32] DEBUG: Record inserted {"table":"blocks","insert_id":435,"data_keys":["page_id","type","data","order","created_at","updated_at"]}
[2025-09-23 08:53:32] DEBUG: Record inserted {"table":"blocks","insert_id":436,"data_keys":["page_id","type","data","order","created_at","updated_at"]}
[2025-09-23 08:53:32] DEBUG: Record inserted {"table":"blocks","insert_id":437,"data_keys":["page_id","type","data","order","created_at","updated_at"]}
[2025-09-23 08:53:32] DEBUG: Record inserted {"table":"blocks","insert_id":438,"data_keys":["page_id","type","data","order","created_at","updated_at"]}
[2025-09-23 08:53:32] DEBUG: Record inserted {"table":"blocks","insert_id":439,"data_keys":["page_id","type","data","order","created_at","updated_at"]}
[2025-09-23 08:53:32] DEBUG: Record inserted {"table":"blocks","insert_id":440,"data_keys":["page_id","type","data","order","created_at","updated_at"]}
[2025-09-23 08:53:32] DEBUG: Record inserted {"table":"blocks","insert_id":441,"data_keys":["page_id","type","data","order","created_at","updated_at"]}
[2025-09-23 08:53:32] DEBUG: Record inserted {"table":"blocks","insert_id":442,"data_keys":["page_id","type","data","order","created_at","updated_at"]}
[2025-09-23 08:53:32] DEBUG: Record inserted {"table":"blocks","insert_id":443,"data_keys":["page_id","type","data","order","created_at","updated_at"]}
[2025-09-23 08:53:32] DEBUG: Record inserted {"table":"blocks","insert_id":444,"data_keys":["page_id","type","data","order","created_at","updated_at"]}
[2025-09-23 08:53:32] DEBUG: Record inserted {"table":"blocks","insert_id":445,"data_keys":["page_id","type","data","order","created_at","updated_at"]}
[2025-09-23 08:53:32] DEBUG: Record inserted {"table":"blocks","insert_id":446,"data_keys":["page_id","type","data","order","created_at","updated_at"]}
[2025-09-23 08:53:32] DEBUG: Record inserted {"table":"blocks","insert_id":447,"data_keys":["page_id","type","data","order","created_at","updated_at"]}
[2025-09-23 08:53:32] DEBUG: Record inserted {"table":"blocks","insert_id":448,"data_keys":["page_id","type","data","order","created_at","updated_at"]}
[2025-09-23 08:53:32] DEBUG: Record inserted {"table":"blocks","insert_id":449,"data_keys":["page_id","type","data","order","created_at","updated_at"]}
[2025-09-23 08:53:32] DEBUG: Database savepoint released {"level":1}
[2025-09-23 08:53:32] DEBUG: Database transaction committed
[2025-09-23 08:53:45] INFO: Database connection established {"driver":"mysql","host":"db","database":"block_cms","connection_time":"1.63ms"}
[2025-09-23 08:53:45] DEBUG: Database transaction started
[2025-09-23 08:53:45] INFO: Creating new page {"title":"test mike"}
[2025-09-23 08:53:45] DEBUG: Record inserted {"table":"pages","insert_id":78,"data_keys":["title","slug","status","meta_title","meta_description","published_at","created_at","updated_at"]}
[2025-09-23 08:53:45] INFO: Page created successfully {"page_id":78}
[2025-09-23 08:53:45] DEBUG: Record inserted {"table":"page_metadata","insert_id":59,"data_keys":["content_type","block_category","author","publish_date","expiry_date","visibility","password","featured","allow_comments","is_reusable_block","block_preview_image","page_id","created_at","updated_at"]}
[2025-09-23 08:53:45] DEBUG: Record inserted {"table":"page_seo","insert_id":59,"data_keys":["meta_keywords","canonical_url","no_index","no_follow","og_title","og_description","og_image","twitter_card","schema_markup","page_id","created_at","updated_at"]}
[2025-09-23 08:53:45] DEBUG: Record inserted {"table":"page_settings","insert_id":124,"data_keys":["template","custom_css","custom_js","redirect_url","menu_order","parent_page","latitude","longitude","address","price","currency","sale_price","recurring","recurring_period","page_id","created_at","updated_at"]}
[2025-09-23 08:53:45] DEBUG: Records deleted {"table":"page_access_roles","affected_rows":0,"where_conditions":["page_id"]}
[2025-09-23 08:53:45] DEBUG: Record inserted {"table":"page_access_roles","insert_id":78,"data_keys":["page_id","role","created_at","updated_at"]}
[2025-09-23 08:53:45] DEBUG: Record inserted {"table":"page_social","insert_id":116,"data_keys":["enable_sharing","platforms","share_text","share_hashtags","share_via","track_shares","track_clicks","pixel_ids","gtm_events","show_follower_count","show_share_count","show_recent_activity","testimonial_integration","auto_embed_links","embed_width","embed_height","lazy_load_embeds","page_id","created_at","updated_at"]}
[2025-09-23 08:53:45] DEBUG: Records deleted {"table":"page_categories","affected_rows":0,"where_conditions":["page_id"]}
[2025-09-23 08:53:45] DEBUG: Record inserted {"table":"categories","insert_id":361,"data_keys":["name","slug","is_active","created_at","updated_at"]}
[2025-09-23 08:53:45] DEBUG: Record inserted {"table":"page_categories","insert_id":360,"data_keys":["page_id","category_id","created_at","updated_at"]}
[2025-09-23 08:53:45] DEBUG: Record inserted {"table":"categories","insert_id":362,"data_keys":["name","slug","is_active","created_at","updated_at"]}
[2025-09-23 08:53:45] DEBUG: Record inserted {"table":"page_categories","insert_id":361,"data_keys":["page_id","category_id","created_at","updated_at"]}
[2025-09-23 08:53:45] DEBUG: Record inserted {"table":"categories","insert_id":363,"data_keys":["name","slug","is_active","created_at","updated_at"]}
[2025-09-23 08:53:45] DEBUG: Record inserted {"table":"page_categories","insert_id":362,"data_keys":["page_id","category_id","created_at","updated_at"]}
[2025-09-23 08:53:45] DEBUG: Records deleted {"table":"page_tags","affected_rows":0,"where_conditions":["page_id"]}
[2025-09-23 08:53:45] DEBUG: Record inserted {"table":"tags","insert_id":303,"data_keys":["name","slug","usage_count","created_at","updated_at"]}
[2025-09-23 08:53:45] DEBUG: Record inserted {"table":"page_tags","insert_id":303,"data_keys":["page_id","tag_id","created_at","updated_at"]}
[2025-09-23 08:53:45] DEBUG: Record inserted {"table":"tags","insert_id":304,"data_keys":["name","slug","usage_count","created_at","updated_at"]}
[2025-09-23 08:53:45] DEBUG: Record inserted {"table":"page_tags","insert_id":304,"data_keys":["page_id","tag_id","created_at","updated_at"]}
[2025-09-23 08:53:45] DEBUG: Record inserted {"table":"tags","insert_id":305,"data_keys":["name","slug","usage_count","created_at","updated_at"]}
[2025-09-23 08:53:45] DEBUG: Record inserted {"table":"page_tags","insert_id":305,"data_keys":["page_id","tag_id","created_at","updated_at"]}
[2025-09-23 08:53:45] DEBUG: Database savepoint created {"level":1}
[2025-09-23 08:53:45] ERROR: Invalid block data structure {"block_type":"image","page_id":78}
[2025-09-23 08:53:45] DEBUG: Record inserted {"table":"blocks","insert_id":450,"data_keys":["page_id","type","data","order","created_at","updated_at"]}
[2025-09-23 08:53:45] DEBUG: Record inserted {"table":"blocks","insert_id":451,"data_keys":["page_id","type","data","order","created_at","updated_at"]}
[2025-09-23 08:53:45] ERROR: Invalid block data structure {"block_type":"text","page_id":78}
[2025-09-23 08:53:45] DEBUG: Record inserted {"table":"blocks","insert_id":452,"data_keys":["page_id","type","data","order","created_at","updated_at"]}
[2025-09-23 08:53:45] DEBUG: Record inserted {"table":"blocks","insert_id":453,"data_keys":["page_id","type","data","order","created_at","updated_at"]}
[2025-09-23 08:53:45] ERROR: Invalid block data structure {"block_type":"image","page_id":78}
[2025-09-23 08:53:45] DEBUG: Record inserted {"table":"blocks","insert_id":454,"data_keys":["page_id","type","data","order","created_at","updated_at"]}
[2025-09-23 08:53:45] DEBUG: Record inserted {"table":"blocks","insert_id":455,"data_keys":["page_id","type","data","order","created_at","updated_at"]}
[2025-09-23 08:53:45] DEBUG: Record inserted {"table":"blocks","insert_id":456,"data_keys":["page_id","type","data","order","created_at","updated_at"]}
[2025-09-23 08:53:45] DEBUG: Record inserted {"table":"blocks","insert_id":457,"data_keys":["page_id","type","data","order","created_at","updated_at"]}
[2025-09-23 08:53:45] DEBUG: Record inserted {"table":"blocks","insert_id":458,"data_keys":["page_id","type","data","order","created_at","updated_at"]}
[2025-09-23 08:53:45] DEBUG: Record inserted {"table":"blocks","insert_id":459,"data_keys":["page_id","type","data","order","created_at","updated_at"]}
[2025-09-23 08:53:45] DEBUG: Record inserted {"table":"blocks","insert_id":460,"data_keys":["page_id","type","data","order","created_at","updated_at"]}
[2025-09-23 08:53:45] DEBUG: Record inserted {"table":"blocks","insert_id":461,"data_keys":["page_id","type","data","order","created_at","updated_at"]}
[2025-09-23 08:53:45] DEBUG: Record inserted {"table":"blocks","insert_id":462,"data_keys":["page_id","type","data","order","created_at","updated_at"]}
[2025-09-23 08:53:45] DEBUG: Record inserted {"table":"blocks","insert_id":463,"data_keys":["page_id","type","data","order","created_at","updated_at"]}
[2025-09-23 08:53:45] DEBUG: Record inserted {"table":"blocks","insert_id":464,"data_keys":["page_id","type","data","order","created_at","updated_at"]}
[2025-09-23 08:53:45] DEBUG: Record inserted {"table":"blocks","insert_id":465,"data_keys":["page_id","type","data","order","created_at","updated_at"]}
[2025-09-23 08:53:45] DEBUG: Record inserted {"table":"blocks","insert_id":466,"data_keys":["page_id","type","data","order","created_at","updated_at"]}
[2025-09-23 08:53:45] DEBUG: Record inserted {"table":"blocks","insert_id":467,"data_keys":["page_id","type","data","order","created_at","updated_at"]}
[2025-09-23 08:53:45] DEBUG: Record inserted {"table":"blocks","insert_id":468,"data_keys":["page_id","type","data","order","created_at","updated_at"]}
[2025-09-23 08:53:45] DEBUG: Record inserted {"table":"blocks","insert_id":469,"data_keys":["page_id","type","data","order","created_at","updated_at"]}
[2025-09-23 08:53:45] DEBUG: Record inserted {"table":"blocks","insert_id":470,"data_keys":["page_id","type","data","order","created_at","updated_at"]}
[2025-09-23 08:53:45] DEBUG: Database savepoint released {"level":1}
[2025-09-23 08:53:45] DEBUG: Database transaction committed
[2025-09-23 09:08:33] INFO: Database connection established {"driver":"mysql","host":"db","database":"block_cms","connection_time":"1.33ms"}
[2025-09-23 09:10:14] INFO: Database connection established {"driver":"mysql","host":"db","database":"block_cms","connection_time":"1.22ms"}
[2025-09-23 09:10:14] DEBUG: Database transaction started
[2025-09-23 09:10:14] INFO: Creating new page {"title":"test mike"}
[2025-09-23 09:10:14] DEBUG: Record inserted {"table":"pages","insert_id":79,"data_keys":["title","slug","status","meta_title","meta_description","published_at","created_at","updated_at"]}
[2025-09-23 09:10:14] INFO: Page created successfully {"page_id":79}
[2025-09-23 09:10:14] DEBUG: Record inserted {"table":"page_metadata","insert_id":60,"data_keys":["content_type","block_category","author","visibility","password","featured","allow_comments","is_reusable_block","block_preview_image","page_id","created_at","updated_at"]}
[2025-09-23 09:10:14] DEBUG: Record inserted {"table":"page_seo","insert_id":60,"data_keys":["meta_keywords","canonical_url","og_title","og_description","og_image","twitter_card","schema_markup","page_id","created_at","updated_at"]}
[2025-09-23 09:10:50] INFO: Database connection established {"driver":"mysql","host":"db","database":"block_cms","connection_time":"1.27ms"}
[2025-09-23 09:10:50] DEBUG: Database transaction started
[2025-09-23 09:10:50] INFO: Creating new page {"title":"test mike"}
[2025-09-23 09:10:50] DEBUG: Record inserted {"table":"pages","insert_id":80,"data_keys":["title","slug","status","meta_title","meta_description","published_at","created_at","updated_at"]}
[2025-09-23 09:10:50] INFO: Page created successfully {"page_id":80}
[2025-09-23 09:10:50] DEBUG: Record inserted {"table":"page_metadata","insert_id":61,"data_keys":["content_type","block_category","author","visibility","password","featured","allow_comments","is_reusable_block","block_preview_image","page_id","created_at","updated_at"]}
[2025-09-23 09:10:50] DEBUG: Record inserted {"table":"page_seo","insert_id":61,"data_keys":["meta_keywords","canonical_url","og_title","og_description","og_image","twitter_card","schema_markup","page_id","created_at","updated_at"]}
[2025-09-23 09:10:50] DEBUG: Record inserted {"table":"page_settings","insert_id":125,"data_keys":["template","custom_css","custom_js","redirect_url","parent_page","latitude","longitude","address","price","currency","recurring","recurring_period","page_id","created_at","updated_at"]}
[2025-09-23 09:10:50] DEBUG: Records deleted {"table":"page_access_roles","affected_rows":0,"where_conditions":["page_id"]}
[2025-09-23 09:10:50] DEBUG: Record inserted {"table":"page_access_roles","insert_id":79,"data_keys":["page_id","role","created_at","updated_at"]}
[2025-09-23 09:10:50] DEBUG: Record inserted {"table":"page_social","insert_id":117,"data_keys":["platforms","share_text","share_hashtags","share_via","pixel_ids","embed_width","embed_height","page_id","created_at","updated_at"]}
[2025-09-23 09:10:50] DEBUG: Records deleted {"table":"page_categories","affected_rows":0,"where_conditions":["page_id"]}
[2025-09-23 09:10:51] DEBUG: Record inserted {"table":"categories","insert_id":364,"data_keys":["name","slug","is_active","created_at","updated_at"]}
[2025-09-23 09:10:51] DEBUG: Record inserted {"table":"page_categories","insert_id":363,"data_keys":["page_id","category_id","created_at","updated_at"]}
[2025-09-23 09:10:51] DEBUG: Record inserted {"table":"categories","insert_id":365,"data_keys":["name","slug","is_active","created_at","updated_at"]}
[2025-09-23 09:10:51] DEBUG: Record inserted {"table":"page_categories","insert_id":364,"data_keys":["page_id","category_id","created_at","updated_at"]}
[2025-09-23 09:10:51] DEBUG: Record inserted {"table":"categories","insert_id":366,"data_keys":["name","slug","is_active","created_at","updated_at"]}
[2025-09-23 09:10:51] DEBUG: Record inserted {"table":"page_categories","insert_id":365,"data_keys":["page_id","category_id","created_at","updated_at"]}
[2025-09-23 09:10:51] DEBUG: Records deleted {"table":"page_tags","affected_rows":0,"where_conditions":["page_id"]}
[2025-09-23 09:10:51] DEBUG: Record inserted {"table":"tags","insert_id":306,"data_keys":["name","slug","usage_count","created_at","updated_at"]}
[2025-09-23 09:10:51] DEBUG: Record inserted {"table":"page_tags","insert_id":306,"data_keys":["page_id","tag_id","created_at","updated_at"]}
[2025-09-23 09:10:51] DEBUG: Record inserted {"table":"tags","insert_id":307,"data_keys":["name","slug","usage_count","created_at","updated_at"]}
[2025-09-23 09:10:51] DEBUG: Record inserted {"table":"page_tags","insert_id":307,"data_keys":["page_id","tag_id","created_at","updated_at"]}
[2025-09-23 09:10:51] DEBUG: Record inserted {"table":"tags","insert_id":308,"data_keys":["name","slug","usage_count","created_at","updated_at"]}
[2025-09-23 09:10:51] DEBUG: Record inserted {"table":"page_tags","insert_id":308,"data_keys":["page_id","tag_id","created_at","updated_at"]}
[2025-09-23 09:12:11] INFO: Database connection established {"driver":"mysql","host":"db","database":"block_cms","connection_time":"1.7ms"}
[2025-09-23 09:12:11] DEBUG: Database transaction started
[2025-09-23 09:12:11] INFO: Creating new page {"title":"test mike"}
[2025-09-23 09:12:11] DEBUG: Record inserted {"table":"pages","insert_id":81,"data_keys":["title","slug","status","meta_title","meta_description","published_at","created_at","updated_at"]}
[2025-09-23 09:12:11] INFO: Page created successfully {"page_id":81}
[2025-09-23 09:12:11] DEBUG: Record inserted {"table":"page_metadata","insert_id":62,"data_keys":["content_type","block_category","author","visibility","password","featured","allow_comments","is_reusable_block","block_preview_image","page_id","created_at","updated_at"]}
[2025-09-23 09:12:11] DEBUG: Record inserted {"table":"page_seo","insert_id":62,"data_keys":["meta_keywords","canonical_url","og_title","og_description","og_image","twitter_card","schema_markup","page_id","created_at","updated_at"]}
[2025-09-23 09:12:11] DEBUG: Record inserted {"table":"page_settings","insert_id":126,"data_keys":["template","custom_css","custom_js","redirect_url","parent_page","latitude","longitude","address","price","currency","recurring","recurring_period","page_id","created_at","updated_at"]}
[2025-09-23 09:12:11] DEBUG: Records deleted {"table":"page_access_roles","affected_rows":0,"where_conditions":["page_id"]}
[2025-09-23 09:12:11] DEBUG: Record inserted {"table":"page_access_roles","insert_id":80,"data_keys":["page_id","role","created_at","updated_at"]}
[2025-09-23 09:12:11] DEBUG: Record inserted {"table":"page_social","insert_id":118,"data_keys":["platforms","share_text","share_hashtags","share_via","pixel_ids","embed_width","embed_height","page_id","created_at","updated_at"]}
[2025-09-23 09:12:11] DEBUG: Records deleted {"table":"page_categories","affected_rows":0,"where_conditions":["page_id"]}
[2025-09-23 09:12:11] DEBUG: Record inserted {"table":"categories","insert_id":367,"data_keys":["name","slug","is_active","created_at","updated_at"]}
[2025-09-23 09:12:11] DEBUG: Record inserted {"table":"page_categories","insert_id":366,"data_keys":["page_id","category_id","created_at","updated_at"]}
[2025-09-23 09:12:11] DEBUG: Record inserted {"table":"categories","insert_id":368,"data_keys":["name","slug","is_active","created_at","updated_at"]}
[2025-09-23 09:12:11] DEBUG: Record inserted {"table":"page_categories","insert_id":367,"data_keys":["page_id","category_id","created_at","updated_at"]}
[2025-09-23 09:12:11] DEBUG: Record inserted {"table":"categories","insert_id":369,"data_keys":["name","slug","is_active","created_at","updated_at"]}
[2025-09-23 09:12:11] DEBUG: Record inserted {"table":"page_categories","insert_id":368,"data_keys":["page_id","category_id","created_at","updated_at"]}
[2025-09-23 09:12:11] DEBUG: Records deleted {"table":"page_tags","affected_rows":0,"where_conditions":["page_id"]}
[2025-09-23 09:12:11] DEBUG: Record inserted {"table":"tags","insert_id":309,"data_keys":["name","slug","usage_count","created_at","updated_at"]}
[2025-09-23 09:12:11] DEBUG: Record inserted {"table":"page_tags","insert_id":309,"data_keys":["page_id","tag_id","created_at","updated_at"]}
[2025-09-23 09:12:11] DEBUG: Record inserted {"table":"tags","insert_id":310,"data_keys":["name","slug","usage_count","created_at","updated_at"]}
[2025-09-23 09:12:11] DEBUG: Record inserted {"table":"page_tags","insert_id":310,"data_keys":["page_id","tag_id","created_at","updated_at"]}
[2025-09-23 09:12:11] DEBUG: Record inserted {"table":"tags","insert_id":311,"data_keys":["name","slug","usage_count","created_at","updated_at"]}
[2025-09-23 09:12:11] DEBUG: Record inserted {"table":"page_tags","insert_id":311,"data_keys":["page_id","tag_id","created_at","updated_at"]}
[2025-09-23 09:12:11] DEBUG: Database savepoint created {"level":1}
[2025-09-23 09:12:11] ERROR: Invalid block data structure {"block_type":"image","page_id":81}
[2025-09-23 09:12:11] DEBUG: Record inserted {"table":"blocks","insert_id":471,"data_keys":["page_id","type","data","order","created_at","updated_at"]}
[2025-09-23 09:12:11] DEBUG: Record inserted {"table":"blocks","insert_id":472,"data_keys":["page_id","type","data","order","created_at","updated_at"]}
[2025-09-23 09:12:11] ERROR: Invalid block data structure {"block_type":"text","page_id":81}
[2025-09-23 09:12:11] DEBUG: Record inserted {"table":"blocks","insert_id":473,"data_keys":["page_id","type","data","order","created_at","updated_at"]}
[2025-09-23 09:12:11] DEBUG: Record inserted {"table":"blocks","insert_id":474,"data_keys":["page_id","type","data","order","created_at","updated_at"]}
[2025-09-23 09:12:11] ERROR: Invalid block data structure {"block_type":"image","page_id":81}
[2025-09-23 09:12:11] DEBUG: Record inserted {"table":"blocks","insert_id":475,"data_keys":["page_id","type","data","order","created_at","updated_at"]}
[2025-09-23 09:12:11] DEBUG: Record inserted {"table":"blocks","insert_id":476,"data_keys":["page_id","type","data","order","created_at","updated_at"]}
[2025-09-23 09:12:11] DEBUG: Record inserted {"table":"blocks","insert_id":477,"data_keys":["page_id","type","data","order","created_at","updated_at"]}
[2025-09-23 09:12:11] DEBUG: Record inserted {"table":"blocks","insert_id":478,"data_keys":["page_id","type","data","order","created_at","updated_at"]}
[2025-09-23 09:12:11] DEBUG: Record inserted {"table":"blocks","insert_id":479,"data_keys":["page_id","type","data","order","created_at","updated_at"]}
[2025-09-23 09:12:11] DEBUG: Record inserted {"table":"blocks","insert_id":480,"data_keys":["page_id","type","data","order","created_at","updated_at"]}
[2025-09-23 09:12:11] DEBUG: Record inserted {"table":"blocks","insert_id":481,"data_keys":["page_id","type","data","order","created_at","updated_at"]}
[2025-09-23 09:12:11] DEBUG: Record inserted {"table":"blocks","insert_id":482,"data_keys":["page_id","type","data","order","created_at","updated_at"]}
[2025-09-23 09:12:11] DEBUG: Record inserted {"table":"blocks","insert_id":483,"data_keys":["page_id","type","data","order","created_at","updated_at"]}
[2025-09-23 09:12:11] DEBUG: Record inserted {"table":"blocks","insert_id":484,"data_keys":["page_id","type","data","order","created_at","updated_at"]}
[2025-09-23 09:12:11] DEBUG: Record inserted {"table":"blocks","insert_id":485,"data_keys":["page_id","type","data","order","created_at","updated_at"]}
[2025-09-23 09:12:11] DEBUG: Record inserted {"table":"blocks","insert_id":486,"data_keys":["page_id","type","data","order","created_at","updated_at"]}
[2025-09-23 09:12:11] DEBUG: Record inserted {"table":"blocks","insert_id":487,"data_keys":["page_id","type","data","order","created_at","updated_at"]}
[2025-09-23 09:12:11] DEBUG: Record inserted {"table":"blocks","insert_id":488,"data_keys":["page_id","type","data","order","created_at","updated_at"]}
[2025-09-23 09:12:11] DEBUG: Record inserted {"table":"blocks","insert_id":489,"data_keys":["page_id","type","data","order","created_at","updated_at"]}
[2025-09-23 09:12:11] DEBUG: Record inserted {"table":"blocks","insert_id":490,"data_keys":["page_id","type","data","order","created_at","updated_at"]}
[2025-09-23 09:12:11] DEBUG: Record inserted {"table":"blocks","insert_id":491,"data_keys":["page_id","type","data","order","created_at","updated_at"]}
[2025-09-23 09:12:11] DEBUG: Database savepoint released {"level":1}
[2025-09-23 09:12:11] DEBUG: Database transaction committed
[2025-09-23 09:13:26] INFO: Database connection established {"driver":"mysql","host":"db","database":"block_cms","connection_time":"1.75ms"}
[2025-09-23 09:13:26] DEBUG: Database transaction started
[2025-09-23 09:13:26] INFO: Creating new page {"title":"test mike"}
[2025-09-23 09:13:26] DEBUG: Record inserted {"table":"pages","insert_id":82,"data_keys":["title","slug","status","meta_title","meta_description","published_at","created_at","updated_at"]}
[2025-09-23 09:13:26] INFO: Page created successfully {"page_id":82}
[2025-09-23 09:13:26] DEBUG: Record inserted {"table":"page_metadata","insert_id":1,"data_keys":["content_type","block_category","author","visibility","password","featured","allow_comments","is_reusable_block","block_preview_image","page_id","created_at","updated_at"]}
[2025-09-23 09:13:26] DEBUG: Record inserted {"table":"page_seo","insert_id":1,"data_keys":["meta_keywords","canonical_url","og_title","og_description","og_image","twitter_card","schema_markup","page_id","created_at","updated_at"]}
[2025-09-23 09:13:26] DEBUG: Record inserted {"table":"page_settings","insert_id":1,"data_keys":["template","custom_css","custom_js","redirect_url","parent_page","latitude","longitude","address","price","currency","recurring","recurring_period","page_id","created_at","updated_at"]}
[2025-09-23 09:13:26] DEBUG: Records deleted {"table":"page_access_roles","affected_rows":0,"where_conditions":["page_id"]}
[2025-09-23 09:13:26] DEBUG: Record inserted {"table":"page_access_roles","insert_id":1,"data_keys":["page_id","role","created_at","updated_at"]}
[2025-09-23 09:13:26] DEBUG: Record inserted {"table":"page_social","insert_id":1,"data_keys":["platforms","share_text","share_hashtags","share_via","pixel_ids","embed_width","embed_height","page_id","created_at","updated_at"]}
[2025-09-23 09:13:26] DEBUG: Records deleted {"table":"page_categories","affected_rows":0,"where_conditions":["page_id"]}
[2025-09-23 09:13:26] DEBUG: Record inserted {"table":"categories","insert_id":370,"data_keys":["name","slug","is_active","created_at","updated_at"]}
[2025-09-23 09:13:26] DEBUG: Record inserted {"table":"page_categories","insert_id":1,"data_keys":["page_id","category_id","created_at","updated_at"]}
[2025-09-23 09:13:26] DEBUG: Record inserted {"table":"categories","insert_id":371,"data_keys":["name","slug","is_active","created_at","updated_at"]}
[2025-09-23 09:13:26] DEBUG: Record inserted {"table":"page_categories","insert_id":2,"data_keys":["page_id","category_id","created_at","updated_at"]}
[2025-09-23 09:13:26] DEBUG: Record inserted {"table":"categories","insert_id":372,"data_keys":["name","slug","is_active","created_at","updated_at"]}
[2025-09-23 09:13:26] DEBUG: Record inserted {"table":"page_categories","insert_id":3,"data_keys":["page_id","category_id","created_at","updated_at"]}
[2025-09-23 09:13:26] DEBUG: Records deleted {"table":"page_tags","affected_rows":0,"where_conditions":["page_id"]}
[2025-09-23 09:13:26] DEBUG: Record inserted {"table":"tags","insert_id":312,"data_keys":["name","slug","usage_count","created_at","updated_at"]}
[2025-09-23 09:13:26] DEBUG: Record inserted {"table":"page_tags","insert_id":1,"data_keys":["page_id","tag_id","created_at","updated_at"]}
[2025-09-23 09:13:26] DEBUG: Record inserted {"table":"tags","insert_id":313,"data_keys":["name","slug","usage_count","created_at","updated_at"]}
[2025-09-23 09:13:26] DEBUG: Record inserted {"table":"page_tags","insert_id":2,"data_keys":["page_id","tag_id","created_at","updated_at"]}
[2025-09-23 09:13:26] DEBUG: Record inserted {"table":"tags","insert_id":314,"data_keys":["name","slug","usage_count","created_at","updated_at"]}
[2025-09-23 09:13:26] DEBUG: Record inserted {"table":"page_tags","insert_id":3,"data_keys":["page_id","tag_id","created_at","updated_at"]}
[2025-09-23 09:13:26] DEBUG: Database savepoint created {"level":1}
[2025-09-23 09:13:26] ERROR: Invalid block data structure {"block_type":"image","page_id":82}
[2025-09-23 09:13:26] DEBUG: Record inserted {"table":"blocks","insert_id":1,"data_keys":["page_id","type","data","order","created_at","updated_at"]}
[2025-09-23 09:13:26] DEBUG: Record inserted {"table":"blocks","insert_id":2,"data_keys":["page_id","type","data","order","created_at","updated_at"]}
[2025-09-23 09:13:26] ERROR: Invalid block data structure {"block_type":"text","page_id":82}
[2025-09-23 09:13:26] DEBUG: Record inserted {"table":"blocks","insert_id":3,"data_keys":["page_id","type","data","order","created_at","updated_at"]}
[2025-09-23 09:13:26] DEBUG: Record inserted {"table":"blocks","insert_id":4,"data_keys":["page_id","type","data","order","created_at","updated_at"]}
[2025-09-23 09:13:26] ERROR: Invalid block data structure {"block_type":"image","page_id":82}
[2025-09-23 09:13:26] DEBUG: Record inserted {"table":"blocks","insert_id":5,"data_keys":["page_id","type","data","order","created_at","updated_at"]}
[2025-09-23 09:13:26] DEBUG: Record inserted {"table":"blocks","insert_id":6,"data_keys":["page_id","type","data","order","created_at","updated_at"]}
[2025-09-23 09:13:26] DEBUG: Record inserted {"table":"blocks","insert_id":7,"data_keys":["page_id","type","data","order","created_at","updated_at"]}
[2025-09-23 09:13:26] DEBUG: Record inserted {"table":"blocks","insert_id":8,"data_keys":["page_id","type","data","order","created_at","updated_at"]}
[2025-09-23 09:13:26] DEBUG: Record inserted {"table":"blocks","insert_id":9,"data_keys":["page_id","type","data","order","created_at","updated_at"]}
[2025-09-23 09:13:26] DEBUG: Record inserted {"table":"blocks","insert_id":10,"data_keys":["page_id","type","data","order","created_at","updated_at"]}
[2025-09-23 09:13:26] DEBUG: Record inserted {"table":"blocks","insert_id":11,"data_keys":["page_id","type","data","order","created_at","updated_at"]}
[2025-09-23 09:13:26] DEBUG: Record inserted {"table":"blocks","insert_id":12,"data_keys":["page_id","type","data","order","created_at","updated_at"]}
[2025-09-23 09:13:26] DEBUG: Record inserted {"table":"blocks","insert_id":13,"data_keys":["page_id","type","data","order","created_at","updated_at"]}
[2025-09-23 09:13:26] DEBUG: Record inserted {"table":"blocks","insert_id":14,"data_keys":["page_id","type","data","order","created_at","updated_at"]}
[2025-09-23 09:13:26] DEBUG: Record inserted {"table":"blocks","insert_id":15,"data_keys":["page_id","type","data","order","created_at","updated_at"]}
[2025-09-23 09:13:26] DEBUG: Record inserted {"table":"blocks","insert_id":16,"data_keys":["page_id","type","data","order","created_at","updated_at"]}
[2025-09-23 09:13:26] DEBUG: Record inserted {"table":"blocks","insert_id":17,"data_keys":["page_id","type","data","order","created_at","updated_at"]}
[2025-09-23 09:13:26] DEBUG: Record inserted {"table":"blocks","insert_id":18,"data_keys":["page_id","type","data","order","created_at","updated_at"]}
[2025-09-23 09:13:26] DEBUG: Record inserted {"table":"blocks","insert_id":19,"data_keys":["page_id","type","data","order","created_at","updated_at"]}
[2025-09-23 09:13:26] DEBUG: Record inserted {"table":"blocks","insert_id":20,"data_keys":["page_id","type","data","order","created_at","updated_at"]}
[2025-09-23 09:13:26] DEBUG: Record inserted {"table":"blocks","insert_id":21,"data_keys":["page_id","type","data","order","created_at","updated_at"]}
[2025-09-23 09:13:26] DEBUG: Database savepoint released {"level":1}
[2025-09-23 09:13:26] DEBUG: Database transaction committed
[2025-09-23 09:15:52] INFO: Database connection established {"driver":"mysql","host":"db","database":"block_cms","connection_time":"0.98ms"}
[2025-09-23 09:16:18] INFO: Database connection established {"driver":"mysql","host":"db","database":"block_cms","connection_time":"1.36ms"}
[2025-09-23 09:16:20] INFO: Database connection established {"driver":"mysql","host":"db","database":"block_cms","connection_time":"1.87ms"}
[2025-09-23 09:35:48] INFO: Database connection established {"driver":"mysql","host":"db","database":"block_cms","connection_time":"0.82ms"}
[2025-09-23 09:35:48] DEBUG: Database transaction started
[2025-09-23 09:35:48] INFO: Creating new page {"title":"test mike"}
[2025-09-23 09:35:48] DEBUG: Record inserted {"table":"pages","insert_id":83,"data_keys":["title","slug","status","meta_title","meta_description","published_at","created_at","updated_at"]}
[2025-09-23 09:35:48] INFO: Page created successfully {"page_id":83}
[2025-09-23 09:35:48] DEBUG: Record inserted {"table":"page_metadata","insert_id":1,"data_keys":["content_type","block_category","author","visibility","password","featured","allow_comments","is_reusable_block","block_preview_image","page_id","created_at","updated_at"]}
[2025-09-23 09:35:48] DEBUG: Record inserted {"table":"page_seo","insert_id":1,"data_keys":["meta_keywords","canonical_url","og_title","og_description","og_image","twitter_card","schema_markup","page_id","created_at","updated_at"]}
[2025-09-23 09:35:48] DEBUG: Record inserted {"table":"page_settings","insert_id":1,"data_keys":["template","custom_css","custom_js","redirect_url","parent_page","latitude","longitude","address","price","currency","recurring","recurring_period","page_id","created_at","updated_at"]}
[2025-09-23 09:35:48] DEBUG: Records deleted {"table":"page_access_roles","affected_rows":0,"where_conditions":["page_id"]}
[2025-09-23 09:35:48] DEBUG: Record inserted {"table":"page_access_roles","insert_id":1,"data_keys":["page_id","role","created_at","updated_at"]}
[2025-09-23 09:35:48] DEBUG: Record inserted {"table":"page_social","insert_id":1,"data_keys":["platforms","share_text","share_hashtags","share_via","pixel_ids","embed_width","embed_height","page_id","created_at","updated_at"]}
[2025-09-23 09:35:48] DEBUG: Records deleted {"table":"page_categories","affected_rows":0,"where_conditions":["page_id"]}
[2025-09-23 09:35:48] DEBUG: Record inserted {"table":"categories","insert_id":373,"data_keys":["name","slug","is_active","created_at","updated_at"]}
[2025-09-23 09:35:48] DEBUG: Record inserted {"table":"page_categories","insert_id":1,"data_keys":["page_id","category_id","created_at","updated_at"]}
[2025-09-23 09:35:48] DEBUG: Record inserted {"table":"categories","insert_id":374,"data_keys":["name","slug","is_active","created_at","updated_at"]}
[2025-09-23 09:35:48] DEBUG: Record inserted {"table":"page_categories","insert_id":2,"data_keys":["page_id","category_id","created_at","updated_at"]}
[2025-09-23 09:35:48] DEBUG: Record inserted {"table":"categories","insert_id":375,"data_keys":["name","slug","is_active","created_at","updated_at"]}
[2025-09-23 09:35:48] DEBUG: Record inserted {"table":"page_categories","insert_id":3,"data_keys":["page_id","category_id","created_at","updated_at"]}
[2025-09-23 09:35:48] DEBUG: Records deleted {"table":"page_tags","affected_rows":0,"where_conditions":["page_id"]}
[2025-09-23 09:35:48] DEBUG: Record inserted {"table":"tags","insert_id":315,"data_keys":["name","slug","usage_count","created_at","updated_at"]}
[2025-09-23 09:35:48] DEBUG: Record inserted {"table":"page_tags","insert_id":1,"data_keys":["page_id","tag_id","created_at","updated_at"]}
[2025-09-23 09:35:48] DEBUG: Record inserted {"table":"tags","insert_id":316,"data_keys":["name","slug","usage_count","created_at","updated_at"]}
[2025-09-23 09:35:48] DEBUG: Record inserted {"table":"page_tags","insert_id":2,"data_keys":["page_id","tag_id","created_at","updated_at"]}
[2025-09-23 09:35:48] DEBUG: Record inserted {"table":"tags","insert_id":317,"data_keys":["name","slug","usage_count","created_at","updated_at"]}
[2025-09-23 09:35:48] DEBUG: Record inserted {"table":"page_tags","insert_id":3,"data_keys":["page_id","tag_id","created_at","updated_at"]}
[2025-09-23 09:35:48] DEBUG: Database savepoint created {"level":1}
[2025-09-23 09:35:48] ERROR: Invalid block data structure {"block_type":"image","page_id":83}
[2025-09-23 09:35:48] DEBUG: Record inserted {"table":"blocks","insert_id":1,"data_keys":["page_id","type","data","order","created_at","updated_at"]}
[2025-09-23 09:35:48] DEBUG: Record inserted {"table":"blocks","insert_id":2,"data_keys":["page_id","type","data","order","created_at","updated_at"]}
[2025-09-23 09:35:48] ERROR: Invalid block data structure {"block_type":"text","page_id":83}
[2025-09-23 09:35:48] DEBUG: Record inserted {"table":"blocks","insert_id":3,"data_keys":["page_id","type","data","order","created_at","updated_at"]}
[2025-09-23 09:35:48] DEBUG: Record inserted {"table":"blocks","insert_id":4,"data_keys":["page_id","type","data","order","created_at","updated_at"]}
[2025-09-23 09:35:48] ERROR: Invalid block data structure {"block_type":"image","page_id":83}
[2025-09-23 09:35:48] DEBUG: Record inserted {"table":"blocks","insert_id":5,"data_keys":["page_id","type","data","order","created_at","updated_at"]}
[2025-09-23 09:35:48] DEBUG: Record inserted {"table":"blocks","insert_id":6,"data_keys":["page_id","type","data","order","created_at","updated_at"]}
[2025-09-23 09:35:48] DEBUG: Record inserted {"table":"blocks","insert_id":7,"data_keys":["page_id","type","data","order","created_at","updated_at"]}
[2025-09-23 09:35:48] DEBUG: Record inserted {"table":"blocks","insert_id":8,"data_keys":["page_id","type","data","order","created_at","updated_at"]}
[2025-09-23 09:35:48] DEBUG: Record inserted {"table":"blocks","insert_id":9,"data_keys":["page_id","type","data","order","created_at","updated_at"]}
[2025-09-23 09:35:48] DEBUG: Record inserted {"table":"blocks","insert_id":10,"data_keys":["page_id","type","data","order","created_at","updated_at"]}
[2025-09-23 09:35:48] DEBUG: Record inserted {"table":"blocks","insert_id":11,"data_keys":["page_id","type","data","order","created_at","updated_at"]}
[2025-09-23 09:35:48] DEBUG: Record inserted {"table":"blocks","insert_id":12,"data_keys":["page_id","type","data","order","created_at","updated_at"]}
[2025-09-23 09:35:48] DEBUG: Record inserted {"table":"blocks","insert_id":13,"data_keys":["page_id","type","data","order","created_at","updated_at"]}
[2025-09-23 09:35:48] DEBUG: Record inserted {"table":"blocks","insert_id":14,"data_keys":["page_id","type","data","order","created_at","updated_at"]}
[2025-09-23 09:35:48] DEBUG: Record inserted {"table":"blocks","insert_id":15,"data_keys":["page_id","type","data","order","created_at","updated_at"]}
[2025-09-23 09:35:48] DEBUG: Record inserted {"table":"blocks","insert_id":16,"data_keys":["page_id","type","data","order","created_at","updated_at"]}
[2025-09-23 09:35:48] DEBUG: Record inserted {"table":"blocks","insert_id":17,"data_keys":["page_id","type","data","order","created_at","updated_at"]}
[2025-09-23 09:35:48] DEBUG: Record inserted {"table":"blocks","insert_id":18,"data_keys":["page_id","type","data","order","created_at","updated_at"]}
[2025-09-23 09:35:48] DEBUG: Record inserted {"table":"blocks","insert_id":19,"data_keys":["page_id","type","data","order","created_at","updated_at"]}
[2025-09-23 09:35:48] DEBUG: Record inserted {"table":"blocks","insert_id":20,"data_keys":["page_id","type","data","order","created_at","updated_at"]}
[2025-09-23 09:35:48] DEBUG: Record inserted {"table":"blocks","insert_id":21,"data_keys":["page_id","type","data","order","created_at","updated_at"]}
[2025-09-23 09:35:48] DEBUG: Database savepoint released {"level":1}
[2025-09-23 09:35:48] DEBUG: Database transaction committed
[2025-09-23 10:19:20] INFO: Database connection established {"driver":"mysql","host":"db","database":"block_cms","connection_time":"0.62ms"}
[2025-09-23 10:19:20] DEBUG: Database transaction started
[2025-09-23 10:19:20] DEBUG: Records updated {"table":"pages","affected_rows":1,"where_conditions":["id"]}
[2025-09-23 10:19:20] DEBUG: Record inserted {"table":"page_metadata","insert_id":2,"data_keys":["content_type","block_category","author","visibility","password","featured","allow_comments","is_reusable_block","block_preview_image","page_id","created_at","updated_at"]}
[2025-09-23 10:19:20] DEBUG: Record inserted {"table":"page_seo","insert_id":2,"data_keys":["meta_keywords","canonical_url","og_title","og_description","og_image","twitter_card","schema_markup","page_id","created_at","updated_at"]}
[2025-09-23 10:19:20] DEBUG: Record inserted {"table":"page_settings","insert_id":2,"data_keys":["template","custom_css","custom_js","redirect_url","parent_page","latitude","longitude","address","price","currency","recurring","recurring_period","page_id","created_at","updated_at"]}
[2025-09-23 10:19:20] DEBUG: Records deleted {"table":"page_access_roles","affected_rows":0,"where_conditions":["page_id"]}
[2025-09-23 10:19:20] DEBUG: Record inserted {"table":"page_access_roles","insert_id":2,"data_keys":["page_id","role","created_at","updated_at"]}
[2025-09-23 10:19:20] DEBUG: Record inserted {"table":"page_social","insert_id":2,"data_keys":["platforms","share_text","share_hashtags","share_via","pixel_ids","embed_width","embed_height","page_id","created_at","updated_at"]}
[2025-09-23 10:19:20] DEBUG: Records deleted {"table":"page_categories","affected_rows":0,"where_conditions":["page_id"]}
[2025-09-23 10:19:20] DEBUG: Record inserted {"table":"categories","insert_id":376,"data_keys":["name","slug","is_active","created_at","updated_at"]}
[2025-09-23 10:19:20] DEBUG: Record inserted {"table":"page_categories","insert_id":4,"data_keys":["page_id","category_id","created_at","updated_at"]}
[2025-09-23 10:19:20] DEBUG: Record inserted {"table":"categories","insert_id":377,"data_keys":["name","slug","is_active","created_at","updated_at"]}
[2025-09-23 10:19:20] DEBUG: Record inserted {"table":"page_categories","insert_id":5,"data_keys":["page_id","category_id","created_at","updated_at"]}
[2025-09-23 10:19:20] DEBUG: Record inserted {"table":"categories","insert_id":378,"data_keys":["name","slug","is_active","created_at","updated_at"]}
[2025-09-23 10:19:20] DEBUG: Record inserted {"table":"page_categories","insert_id":6,"data_keys":["page_id","category_id","created_at","updated_at"]}
[2025-09-23 10:19:20] DEBUG: Records deleted {"table":"page_tags","affected_rows":0,"where_conditions":["page_id"]}
[2025-09-23 10:19:20] DEBUG: Record inserted {"table":"tags","insert_id":318,"data_keys":["name","slug","usage_count","created_at","updated_at"]}
[2025-09-23 10:19:20] DEBUG: Record inserted {"table":"page_tags","insert_id":4,"data_keys":["page_id","tag_id","created_at","updated_at"]}
[2025-09-23 10:19:20] DEBUG: Record inserted {"table":"tags","insert_id":319,"data_keys":["name","slug","usage_count","created_at","updated_at"]}
[2025-09-23 10:19:20] DEBUG: Record inserted {"table":"page_tags","insert_id":5,"data_keys":["page_id","tag_id","created_at","updated_at"]}
[2025-09-23 10:19:20] DEBUG: Record inserted {"table":"tags","insert_id":320,"data_keys":["name","slug","usage_count","created_at","updated_at"]}
[2025-09-23 10:19:20] DEBUG: Record inserted {"table":"page_tags","insert_id":6,"data_keys":["page_id","tag_id","created_at","updated_at"]}
[2025-09-23 10:19:20] DEBUG: Database savepoint created {"level":1}
[2025-09-23 10:19:20] DEBUG: Records deleted {"table":"blocks","affected_rows":0,"where_conditions":["page_id"]}
[2025-09-23 10:19:20] DEBUG: Database savepoint created {"level":2}
[2025-09-23 10:19:20] ERROR: Invalid block data structure {"block_type":"image","page_id":2}
[2025-09-23 10:19:20] DEBUG: Record inserted {"table":"blocks","insert_id":22,"data_keys":["page_id","type","data","order","created_at","updated_at"]}
[2025-09-23 10:19:20] DEBUG: Record inserted {"table":"blocks","insert_id":23,"data_keys":["page_id","type","data","order","created_at","updated_at"]}
[2025-09-23 10:19:20] ERROR: Invalid block data structure {"block_type":"text","page_id":2}
[2025-09-23 10:19:20] DEBUG: Record inserted {"table":"blocks","insert_id":24,"data_keys":["page_id","type","data","order","created_at","updated_at"]}
[2025-09-23 10:19:20] DEBUG: Record inserted {"table":"blocks","insert_id":25,"data_keys":["page_id","type","data","order","created_at","updated_at"]}
[2025-09-23 10:19:20] ERROR: Invalid block data structure {"block_type":"image","page_id":2}
[2025-09-23 10:19:20] DEBUG: Record inserted {"table":"blocks","insert_id":26,"data_keys":["page_id","type","data","order","created_at","updated_at"]}
[2025-09-23 10:19:20] DEBUG: Record inserted {"table":"blocks","insert_id":27,"data_keys":["page_id","type","data","order","created_at","updated_at"]}
[2025-09-23 10:19:20] DEBUG: Record inserted {"table":"blocks","insert_id":28,"data_keys":["page_id","type","data","order","created_at","updated_at"]}
[2025-09-23 10:19:20] DEBUG: Record inserted {"table":"blocks","insert_id":29,"data_keys":["page_id","type","data","order","created_at","updated_at"]}
[2025-09-23 10:19:20] DEBUG: Record inserted {"table":"blocks","insert_id":30,"data_keys":["page_id","type","data","order","created_at","updated_at"]}
[2025-09-23 10:19:20] DEBUG: Record inserted {"table":"blocks","insert_id":31,"data_keys":["page_id","type","data","order","created_at","updated_at"]}
[2025-09-23 10:19:20] DEBUG: Record inserted {"table":"blocks","insert_id":32,"data_keys":["page_id","type","data","order","created_at","updated_at"]}
[2025-09-23 10:19:20] DEBUG: Record inserted {"table":"blocks","insert_id":33,"data_keys":["page_id","type","data","order","created_at","updated_at"]}
[2025-09-23 10:19:20] DEBUG: Record inserted {"table":"blocks","insert_id":34,"data_keys":["page_id","type","data","order","created_at","updated_at"]}
[2025-09-23 10:19:20] DEBUG: Record inserted {"table":"blocks","insert_id":35,"data_keys":["page_id","type","data","order","created_at","updated_at"]}
[2025-09-23 10:19:20] DEBUG: Record inserted {"table":"blocks","insert_id":36,"data_keys":["page_id","type","data","order","created_at","updated_at"]}
[2025-09-23 10:19:20] DEBUG: Record inserted {"table":"blocks","insert_id":37,"data_keys":["page_id","type","data","order","created_at","updated_at"]}
[2025-09-23 10:19:20] DEBUG: Record inserted {"table":"blocks","insert_id":38,"data_keys":["page_id","type","data","order","created_at","updated_at"]}
[2025-09-23 10:19:20] DEBUG: Record inserted {"table":"blocks","insert_id":39,"data_keys":["page_id","type","data","order","created_at","updated_at"]}
[2025-09-23 10:19:20] DEBUG: Record inserted {"table":"blocks","insert_id":40,"data_keys":["page_id","type","data","order","created_at","updated_at"]}
[2025-09-23 10:19:20] DEBUG: Record inserted {"table":"blocks","insert_id":41,"data_keys":["page_id","type","data","order","created_at","updated_at"]}
[2025-09-23 10:19:20] DEBUG: Record inserted {"table":"blocks","insert_id":42,"data_keys":["page_id","type","data","order","created_at","updated_at"]}
[2025-09-23 10:19:20] DEBUG: Database savepoint released {"level":2}
[2025-09-23 10:19:20] DEBUG: Database savepoint released {"level":1}
[2025-09-23 10:19:20] DEBUG: Database transaction committed
[2025-09-23 10:19:52] INFO: Database connection established {"driver":"mysql","host":"db","database":"block_cms","connection_time":"2.17ms"}
[2025-09-23 10:19:52] DEBUG: Database transaction started
[2025-09-23 10:20:13] INFO: Database connection established {"driver":"mysql","host":"db","database":"block_cms","connection_time":"0.93ms"}
[2025-09-23 10:20:13] DEBUG: Database transaction started
[2025-09-23 10:20:13] DEBUG: Records updated {"table":"pages","affected_rows":1,"where_conditions":["id"]}
[2025-09-23 10:21:27] INFO: Database connection established {"driver":"mysql","host":"db","database":"block_cms","connection_time":"1.81ms"}
[2025-09-23 10:21:27] DEBUG: Database transaction started
[2025-09-23 10:21:27] DEBUG: Records updated {"table":"pages","affected_rows":1,"where_conditions":["id"]}
[2025-09-23 10:21:27] DEBUG: Records updated {"table":"page_metadata","affected_rows":1,"where_conditions":["id"]}
[2025-09-23 10:21:27] DEBUG: Records updated {"table":"page_seo","affected_rows":1,"where_conditions":["id"]}
[2025-09-23 10:21:27] DEBUG: Records updated {"table":"page_settings","affected_rows":1,"where_conditions":["id"]}
[2025-09-23 10:21:27] DEBUG: Records deleted {"table":"page_access_roles","affected_rows":1,"where_conditions":["page_id"]}
[2025-09-23 10:21:27] DEBUG: Record inserted {"table":"page_access_roles","insert_id":3,"data_keys":["page_id","role","created_at","updated_at"]}
[2025-09-23 10:21:27] DEBUG: Records updated {"table":"page_social","affected_rows":1,"where_conditions":["id"]}
[2025-09-23 10:21:27] DEBUG: Records deleted {"table":"page_categories","affected_rows":3,"where_conditions":["page_id"]}
[2025-09-23 10:21:27] DEBUG: Record inserted {"table":"categories","insert_id":379,"data_keys":["name","slug","is_active","created_at","updated_at"]}
[2025-09-23 10:21:27] DEBUG: Record inserted {"table":"page_categories","insert_id":7,"data_keys":["page_id","category_id","created_at","updated_at"]}
[2025-09-23 10:21:27] DEBUG: Record inserted {"table":"categories","insert_id":380,"data_keys":["name","slug","is_active","created_at","updated_at"]}
[2025-09-23 10:21:27] DEBUG: Record inserted {"table":"page_categories","insert_id":8,"data_keys":["page_id","category_id","created_at","updated_at"]}
[2025-09-23 10:21:27] DEBUG: Record inserted {"table":"categories","insert_id":381,"data_keys":["name","slug","is_active","created_at","updated_at"]}
[2025-09-23 10:21:27] DEBUG: Record inserted {"table":"page_categories","insert_id":9,"data_keys":["page_id","category_id","created_at","updated_at"]}
[2025-09-23 10:21:27] DEBUG: Records deleted {"table":"page_tags","affected_rows":3,"where_conditions":["page_id"]}
[2025-09-23 10:21:27] DEBUG: Records updated {"table":"tags","affected_rows":1,"where_conditions":["id"]}
[2025-09-23 10:21:27] DEBUG: Records updated {"table":"tags","affected_rows":1,"where_conditions":["id"]}
[2025-09-23 10:21:27] DEBUG: Records updated {"table":"tags","affected_rows":1,"where_conditions":["id"]}
[2025-09-23 10:21:27] DEBUG: Record inserted {"table":"tags","insert_id":321,"data_keys":["name","slug","usage_count","created_at","updated_at"]}
[2025-09-23 10:21:27] DEBUG: Record inserted {"table":"page_tags","insert_id":7,"data_keys":["page_id","tag_id","created_at","updated_at"]}
[2025-09-23 10:21:27] DEBUG: Record inserted {"table":"tags","insert_id":322,"data_keys":["name","slug","usage_count","created_at","updated_at"]}
[2025-09-23 10:21:27] DEBUG: Record inserted {"table":"page_tags","insert_id":8,"data_keys":["page_id","tag_id","created_at","updated_at"]}
[2025-09-23 10:21:27] DEBUG: Record inserted {"table":"tags","insert_id":323,"data_keys":["name","slug","usage_count","created_at","updated_at"]}
[2025-09-23 10:21:27] DEBUG: Record inserted {"table":"page_tags","insert_id":9,"data_keys":["page_id","tag_id","created_at","updated_at"]}
[2025-09-23 10:21:27] DEBUG: Database savepoint created {"level":1}
[2025-09-23 10:21:27] DEBUG: Records deleted {"table":"blocks","affected_rows":21,"where_conditions":["page_id"]}
[2025-09-23 10:21:27] DEBUG: Database savepoint created {"level":2}
[2025-09-23 10:21:27] ERROR: Invalid block data structure {"block_type":"image","page_id":2}
[2025-09-23 10:21:27] DEBUG: Record inserted {"table":"blocks","insert_id":43,"data_keys":["page_id","type","data","order","created_at","updated_at"]}
[2025-09-23 10:21:27] DEBUG: Record inserted {"table":"blocks","insert_id":44,"data_keys":["page_id","type","data","order","created_at","updated_at"]}
[2025-09-23 10:21:27] ERROR: Invalid block data structure {"block_type":"text","page_id":2}
[2025-09-23 10:21:27] DEBUG: Record inserted {"table":"blocks","insert_id":45,"data_keys":["page_id","type","data","order","created_at","updated_at"]}
[2025-09-23 10:21:27] DEBUG: Record inserted {"table":"blocks","insert_id":46,"data_keys":["page_id","type","data","order","created_at","updated_at"]}
[2025-09-23 10:21:27] ERROR: Invalid block data structure {"block_type":"image","page_id":2}
[2025-09-23 10:21:27] DEBUG: Record inserted {"table":"blocks","insert_id":47,"data_keys":["page_id","type","data","order","created_at","updated_at"]}
[2025-09-23 10:21:27] DEBUG: Record inserted {"table":"blocks","insert_id":48,"data_keys":["page_id","type","data","order","created_at","updated_at"]}
[2025-09-23 10:21:27] DEBUG: Record inserted {"table":"blocks","insert_id":49,"data_keys":["page_id","type","data","order","created_at","updated_at"]}
[2025-09-23 10:21:27] DEBUG: Record inserted {"table":"blocks","insert_id":50,"data_keys":["page_id","type","data","order","created_at","updated_at"]}
[2025-09-23 10:21:27] DEBUG: Record inserted {"table":"blocks","insert_id":51,"data_keys":["page_id","type","data","order","created_at","updated_at"]}
[2025-09-23 10:21:27] DEBUG: Record inserted {"table":"blocks","insert_id":52,"data_keys":["page_id","type","data","order","created_at","updated_at"]}
[2025-09-23 10:21:27] DEBUG: Record inserted {"table":"blocks","insert_id":53,"data_keys":["page_id","type","data","order","created_at","updated_at"]}
[2025-09-23 10:21:27] DEBUG: Record inserted {"table":"blocks","insert_id":54,"data_keys":["page_id","type","data","order","created_at","updated_at"]}
[2025-09-23 10:21:27] DEBUG: Record inserted {"table":"blocks","insert_id":55,"data_keys":["page_id","type","data","order","created_at","updated_at"]}
[2025-09-23 10:21:27] DEBUG: Record inserted {"table":"blocks","insert_id":56,"data_keys":["page_id","type","data","order","created_at","updated_at"]}
[2025-09-23 10:21:27] DEBUG: Record inserted {"table":"blocks","insert_id":57,"data_keys":["page_id","type","data","order","created_at","updated_at"]}
[2025-09-23 10:21:27] DEBUG: Record inserted {"table":"blocks","insert_id":58,"data_keys":["page_id","type","data","order","created_at","updated_at"]}
[2025-09-23 10:21:27] DEBUG: Record inserted {"table":"blocks","insert_id":59,"data_keys":["page_id","type","data","order","created_at","updated_at"]}
[2025-09-23 10:21:27] DEBUG: Record inserted {"table":"blocks","insert_id":60,"data_keys":["page_id","type","data","order","created_at","updated_at"]}
[2025-09-23 10:21:27] DEBUG: Record inserted {"table":"blocks","insert_id":61,"data_keys":["page_id","type","data","order","created_at","updated_at"]}
[2025-09-23 10:21:27] DEBUG: Record inserted {"table":"blocks","insert_id":62,"data_keys":["page_id","type","data","order","created_at","updated_at"]}
[2025-09-23 10:21:27] DEBUG: Record inserted {"table":"blocks","insert_id":63,"data_keys":["page_id","type","data","order","created_at","updated_at"]}
[2025-09-23 10:21:27] DEBUG: Database savepoint released {"level":2}
[2025-09-23 10:21:27] DEBUG: Database savepoint released {"level":1}
[2025-09-23 10:21:27] DEBUG: Database transaction committed
[2025-09-23 10:21:39] INFO: Database connection established {"driver":"mysql","host":"db","database":"block_cms","connection_time":"1.12ms"}
[2025-09-23 10:21:39] DEBUG: Database transaction started
[2025-09-23 10:21:39] DEBUG: Records updated {"table":"pages","affected_rows":1,"where_conditions":["id"]}
[2025-09-23 10:21:39] DEBUG: Records updated {"table":"page_metadata","affected_rows":1,"where_conditions":["id"]}
[2025-09-23 10:21:39] DEBUG: Records updated {"table":"page_seo","affected_rows":1,"where_conditions":["id"]}
[2025-09-23 10:21:39] DEBUG: Records updated {"table":"page_settings","affected_rows":1,"where_conditions":["id"]}
[2025-09-23 10:21:39] DEBUG: Records deleted {"table":"page_access_roles","affected_rows":1,"where_conditions":["page_id"]}
[2025-09-23 10:21:39] DEBUG: Record inserted {"table":"page_access_roles","insert_id":4,"data_keys":["page_id","role","created_at","updated_at"]}
[2025-09-23 10:21:39] DEBUG: Records updated {"table":"page_social","affected_rows":1,"where_conditions":["id"]}
[2025-09-23 10:21:39] DEBUG: Records deleted {"table":"page_categories","affected_rows":3,"where_conditions":["page_id"]}
[2025-09-23 10:21:39] DEBUG: Record inserted {"table":"categories","insert_id":382,"data_keys":["name","slug","is_active","created_at","updated_at"]}
[2025-09-23 10:21:39] DEBUG: Record inserted {"table":"page_categories","insert_id":10,"data_keys":["page_id","category_id","created_at","updated_at"]}
[2025-09-23 10:21:39] DEBUG: Record inserted {"table":"categories","insert_id":383,"data_keys":["name","slug","is_active","created_at","updated_at"]}
[2025-09-23 10:21:39] DEBUG: Record inserted {"table":"page_categories","insert_id":11,"data_keys":["page_id","category_id","created_at","updated_at"]}
[2025-09-23 10:21:39] DEBUG: Record inserted {"table":"categories","insert_id":384,"data_keys":["name","slug","is_active","created_at","updated_at"]}
[2025-09-23 10:21:39] DEBUG: Record inserted {"table":"page_categories","insert_id":12,"data_keys":["page_id","category_id","created_at","updated_at"]}
[2025-09-23 10:21:39] DEBUG: Records deleted {"table":"page_tags","affected_rows":3,"where_conditions":["page_id"]}
[2025-09-23 10:21:39] DEBUG: Records updated {"table":"tags","affected_rows":1,"where_conditions":["id"]}
[2025-09-23 10:21:39] DEBUG: Records updated {"table":"tags","affected_rows":1,"where_conditions":["id"]}
[2025-09-23 10:21:39] DEBUG: Records updated {"table":"tags","affected_rows":1,"where_conditions":["id"]}
[2025-09-23 10:21:39] DEBUG: Record inserted {"table":"tags","insert_id":324,"data_keys":["name","slug","usage_count","created_at","updated_at"]}
[2025-09-23 10:21:39] DEBUG: Record inserted {"table":"page_tags","insert_id":10,"data_keys":["page_id","tag_id","created_at","updated_at"]}
[2025-09-23 10:21:39] DEBUG: Record inserted {"table":"tags","insert_id":325,"data_keys":["name","slug","usage_count","created_at","updated_at"]}
[2025-09-23 10:21:39] DEBUG: Record inserted {"table":"page_tags","insert_id":11,"data_keys":["page_id","tag_id","created_at","updated_at"]}
[2025-09-23 10:21:39] DEBUG: Record inserted {"table":"tags","insert_id":326,"data_keys":["name","slug","usage_count","created_at","updated_at"]}
[2025-09-23 10:21:39] DEBUG: Record inserted {"table":"page_tags","insert_id":12,"data_keys":["page_id","tag_id","created_at","updated_at"]}
[2025-09-23 10:21:39] DEBUG: Database savepoint created {"level":1}
[2025-09-23 10:21:39] DEBUG: Records deleted {"table":"blocks","affected_rows":21,"where_conditions":["page_id"]}
[2025-09-23 10:21:39] DEBUG: Database savepoint created {"level":2}
[2025-09-23 10:21:39] ERROR: Invalid block data structure {"block_type":"image","page_id":2}
[2025-09-23 10:21:39] DEBUG: Record inserted {"table":"blocks","insert_id":64,"data_keys":["page_id","type","data","order","created_at","updated_at"]}
[2025-09-23 10:21:39] DEBUG: Record inserted {"table":"blocks","insert_id":65,"data_keys":["page_id","type","data","order","created_at","updated_at"]}
[2025-09-23 10:21:39] ERROR: Invalid block data structure {"block_type":"text","page_id":2}
[2025-09-23 10:21:39] DEBUG: Record inserted {"table":"blocks","insert_id":66,"data_keys":["page_id","type","data","order","created_at","updated_at"]}
[2025-09-23 10:21:39] DEBUG: Record inserted {"table":"blocks","insert_id":67,"data_keys":["page_id","type","data","order","created_at","updated_at"]}
[2025-09-23 10:21:39] ERROR: Invalid block data structure {"block_type":"image","page_id":2}
[2025-09-23 10:21:39] DEBUG: Record inserted {"table":"blocks","insert_id":68,"data_keys":["page_id","type","data","order","created_at","updated_at"]}
[2025-09-23 10:21:39] DEBUG: Record inserted {"table":"blocks","insert_id":69,"data_keys":["page_id","type","data","order","created_at","updated_at"]}
[2025-09-23 10:21:39] DEBUG: Record inserted {"table":"blocks","insert_id":70,"data_keys":["page_id","type","data","order","created_at","updated_at"]}
[2025-09-23 10:21:39] DEBUG: Record inserted {"table":"blocks","insert_id":71,"data_keys":["page_id","type","data","order","created_at","updated_at"]}
[2025-09-23 10:21:39] DEBUG: Record inserted {"table":"blocks","insert_id":72,"data_keys":["page_id","type","data","order","created_at","updated_at"]}
[2025-09-23 10:21:39] DEBUG: Record inserted {"table":"blocks","insert_id":73,"data_keys":["page_id","type","data","order","created_at","updated_at"]}
[2025-09-23 10:21:39] DEBUG: Record inserted {"table":"blocks","insert_id":74,"data_keys":["page_id","type","data","order","created_at","updated_at"]}
[2025-09-23 10:21:39] DEBUG: Record inserted {"table":"blocks","insert_id":75,"data_keys":["page_id","type","data","order","created_at","updated_at"]}
[2025-09-23 10:21:39] DEBUG: Record inserted {"table":"blocks","insert_id":76,"data_keys":["page_id","type","data","order","created_at","updated_at"]}
[2025-09-23 10:21:39] DEBUG: Record inserted {"table":"blocks","insert_id":77,"data_keys":["page_id","type","data","order","created_at","updated_at"]}
[2025-09-23 10:21:39] DEBUG: Record inserted {"table":"blocks","insert_id":78,"data_keys":["page_id","type","data","order","created_at","updated_at"]}
[2025-09-23 10:21:39] DEBUG: Record inserted {"table":"blocks","insert_id":79,"data_keys":["page_id","type","data","order","created_at","updated_at"]}
[2025-09-23 10:21:39] DEBUG: Record inserted {"table":"blocks","insert_id":80,"data_keys":["page_id","type","data","order","created_at","updated_at"]}
[2025-09-23 10:21:39] DEBUG: Record inserted {"table":"blocks","insert_id":81,"data_keys":["page_id","type","data","order","created_at","updated_at"]}
[2025-09-23 10:21:39] DEBUG: Record inserted {"table":"blocks","insert_id":82,"data_keys":["page_id","type","data","order","created_at","updated_at"]}
[2025-09-23 10:21:39] DEBUG: Record inserted {"table":"blocks","insert_id":83,"data_keys":["page_id","type","data","order","created_at","updated_at"]}
[2025-09-23 10:21:39] DEBUG: Record inserted {"table":"blocks","insert_id":84,"data_keys":["page_id","type","data","order","created_at","updated_at"]}
[2025-09-23 10:21:39] DEBUG: Database savepoint released {"level":2}
[2025-09-23 10:21:39] DEBUG: Database savepoint released {"level":1}
[2025-09-23 10:21:39] DEBUG: Database transaction committed
[2025-09-23 10:21:48] INFO: Database connection established {"driver":"mysql","host":"db","database":"block_cms","connection_time":"1.9ms"}
[2025-09-23 10:22:07] INFO: Database connection established {"driver":"mysql","host":"db","database":"block_cms","connection_time":"1ms"}
[2025-09-23 10:22:16] INFO: Database connection established {"driver":"mysql","host":"db","database":"block_cms","connection_time":"0.93ms"}
[2025-09-23 10:22:16] INFO: Database connection established {"driver":"mysql","host":"db","database":"block_cms","connection_time":"0.73ms"}
[2025-09-23 10:22:20] INFO: Database connection established {"driver":"mysql","host":"db","database":"block_cms","connection_time":"1.92ms"}
[2025-09-23 10:22:49] INFO: Database connection established {"driver":"mysql","host":"db","database":"block_cms","connection_time":"1.65ms"}
[2025-09-23 12:15:39] INFO: Database connection established {"driver":"mysql","host":"db","database":"block_cms","connection_time":"0.77ms"}
[2025-09-23 12:15:59] INFO: Database connection established {"driver":"mysql","host":"db","database":"block_cms","connection_time":"1.97ms"}
[2025-09-23 12:16:08] INFO: Database connection established {"driver":"mysql","host":"db","database":"block_cms","connection_time":"1.13ms"}
[2025-09-23 12:16:30] INFO: Database connection established {"driver":"mysql","host":"db","database":"block_cms","connection_time":"1.2ms"}
[2025-09-23 12:16:36] INFO: Database connection established {"driver":"mysql","host":"db","database":"block_cms","connection_time":"1.68ms"}
[2025-09-23 12:16:36] DEBUG: Database transaction started
[2025-09-23 12:16:36] INFO: Creating new page {"title":"test mike"}
[2025-09-23 12:16:36] DEBUG: Record inserted {"table":"pages","insert_id":84,"data_keys":["title","slug","status","meta_title","meta_description","published_at","created_at","updated_at"]}
[2025-09-23 12:16:36] INFO: Page created successfully {"page_id":84}
[2025-09-23 12:16:36] DEBUG: Record inserted {"table":"page_metadata","insert_id":3,"data_keys":["content_type","block_category","author","visibility","password","featured","allow_comments","is_reusable_block","block_preview_image","page_id","created_at","updated_at"]}
[2025-09-23 12:16:36] DEBUG: Record inserted {"table":"page_seo","insert_id":3,"data_keys":["meta_keywords","canonical_url","og_title","og_description","og_image","twitter_card","schema_markup","page_id","created_at","updated_at"]}
[2025-09-23 12:16:36] DEBUG: Record inserted {"table":"page_settings","insert_id":3,"data_keys":["template","custom_css","custom_js","redirect_url","parent_page","latitude","longitude","address","price","currency","recurring","recurring_period","page_id","created_at","updated_at"]}
[2025-09-23 12:16:36] DEBUG: Records deleted {"table":"page_access_roles","affected_rows":0,"where_conditions":["page_id"]}
[2025-09-23 12:16:36] DEBUG: Record inserted {"table":"page_access_roles","insert_id":5,"data_keys":["page_id","role","created_at","updated_at"]}
[2025-09-23 12:16:36] DEBUG: Record inserted {"table":"page_social","insert_id":3,"data_keys":["platforms","share_text","share_hashtags","share_via","pixel_ids","embed_width","embed_height","page_id","created_at","updated_at"]}
[2025-09-23 12:16:36] DEBUG: Records deleted {"table":"page_categories","affected_rows":0,"where_conditions":["page_id"]}
[2025-09-23 12:16:36] DEBUG: Record inserted {"table":"categories","insert_id":385,"data_keys":["name","slug","is_active","created_at","updated_at"]}
[2025-09-23 12:16:36] DEBUG: Record inserted {"table":"page_categories","insert_id":13,"data_keys":["page_id","category_id","created_at","updated_at"]}
[2025-09-23 12:16:36] DEBUG: Record inserted {"table":"categories","insert_id":386,"data_keys":["name","slug","is_active","created_at","updated_at"]}
[2025-09-23 12:16:36] DEBUG: Record inserted {"table":"page_categories","insert_id":14,"data_keys":["page_id","category_id","created_at","updated_at"]}
[2025-09-23 12:16:36] DEBUG: Record inserted {"table":"categories","insert_id":387,"data_keys":["name","slug","is_active","created_at","updated_at"]}
[2025-09-23 12:16:36] DEBUG: Record inserted {"table":"page_categories","insert_id":15,"data_keys":["page_id","category_id","created_at","updated_at"]}
[2025-09-23 12:16:36] DEBUG: Records deleted {"table":"page_tags","affected_rows":0,"where_conditions":["page_id"]}
[2025-09-23 12:16:36] DEBUG: Record inserted {"table":"tags","insert_id":327,"data_keys":["name","slug","usage_count","created_at","updated_at"]}
[2025-09-23 12:16:36] DEBUG: Record inserted {"table":"page_tags","insert_id":13,"data_keys":["page_id","tag_id","created_at","updated_at"]}
[2025-09-23 12:16:36] DEBUG: Record inserted {"table":"tags","insert_id":328,"data_keys":["name","slug","usage_count","created_at","updated_at"]}
[2025-09-23 12:16:36] DEBUG: Record inserted {"table":"page_tags","insert_id":14,"data_keys":["page_id","tag_id","created_at","updated_at"]}
[2025-09-23 12:16:36] DEBUG: Record inserted {"table":"tags","insert_id":329,"data_keys":["name","slug","usage_count","created_at","updated_at"]}
[2025-09-23 12:16:36] DEBUG: Record inserted {"table":"page_tags","insert_id":15,"data_keys":["page_id","tag_id","created_at","updated_at"]}
[2025-09-23 12:16:36] DEBUG: Database savepoint created {"level":1}
[2025-09-23 12:16:36] ERROR: Invalid block data structure {"block_type":"image","page_id":84}
[2025-09-23 12:16:36] DEBUG: Record inserted {"table":"blocks","insert_id":85,"data_keys":["page_id","type","data","order","created_at","updated_at"]}
[2025-09-23 12:16:36] DEBUG: Record inserted {"table":"blocks","insert_id":86,"data_keys":["page_id","type","data","order","created_at","updated_at"]}
[2025-09-23 12:16:36] ERROR: Invalid block data structure {"block_type":"text","page_id":84}
[2025-09-23 12:16:36] DEBUG: Record inserted {"table":"blocks","insert_id":87,"data_keys":["page_id","type","data","order","created_at","updated_at"]}
[2025-09-23 12:16:36] DEBUG: Record inserted {"table":"blocks","insert_id":88,"data_keys":["page_id","type","data","order","created_at","updated_at"]}
[2025-09-23 12:16:36] ERROR: Invalid block data structure {"block_type":"image","page_id":84}
[2025-09-23 12:16:36] DEBUG: Record inserted {"table":"blocks","insert_id":89,"data_keys":["page_id","type","data","order","created_at","updated_at"]}
[2025-09-23 12:16:36] DEBUG: Record inserted {"table":"blocks","insert_id":90,"data_keys":["page_id","type","data","order","created_at","updated_at"]}
[2025-09-23 12:16:36] DEBUG: Record inserted {"table":"blocks","insert_id":91,"data_keys":["page_id","type","data","order","created_at","updated_at"]}
[2025-09-23 12:16:36] DEBUG: Record inserted {"table":"blocks","insert_id":92,"data_keys":["page_id","type","data","order","created_at","updated_at"]}
[2025-09-23 12:16:36] DEBUG: Record inserted {"table":"blocks","insert_id":93,"data_keys":["page_id","type","data","order","created_at","updated_at"]}
[2025-09-23 12:16:36] DEBUG: Record inserted {"table":"blocks","insert_id":94,"data_keys":["page_id","type","data","order","created_at","updated_at"]}
[2025-09-23 12:16:36] DEBUG: Record inserted {"table":"blocks","insert_id":95,"data_keys":["page_id","type","data","order","created_at","updated_at"]}
[2025-09-23 12:16:36] DEBUG: Record inserted {"table":"blocks","insert_id":96,"data_keys":["page_id","type","data","order","created_at","updated_at"]}
[2025-09-23 12:16:36] DEBUG: Record inserted {"table":"blocks","insert_id":97,"data_keys":["page_id","type","data","order","created_at","updated_at"]}
[2025-09-23 12:16:36] DEBUG: Record inserted {"table":"blocks","insert_id":98,"data_keys":["page_id","type","data","order","created_at","updated_at"]}
[2025-09-23 12:16:36] DEBUG: Record inserted {"table":"blocks","insert_id":99,"data_keys":["page_id","type","data","order","created_at","updated_at"]}
[2025-09-23 12:16:36] DEBUG: Record inserted {"table":"blocks","insert_id":100,"data_keys":["page_id","type","data","order","created_at","updated_at"]}
[2025-09-23 12:16:36] DEBUG: Record inserted {"table":"blocks","insert_id":101,"data_keys":["page_id","type","data","order","created_at","updated_at"]}
[2025-09-23 12:16:36] DEBUG: Record inserted {"table":"blocks","insert_id":102,"data_keys":["page_id","type","data","order","created_at","updated_at"]}
[2025-09-23 12:16:36] DEBUG: Record inserted {"table":"blocks","insert_id":103,"data_keys":["page_id","type","data","order","created_at","updated_at"]}
[2025-09-23 12:16:36] DEBUG: Record inserted {"table":"blocks","insert_id":104,"data_keys":["page_id","type","data","order","created_at","updated_at"]}
[2025-09-23 12:16:36] DEBUG: Record inserted {"table":"blocks","insert_id":105,"data_keys":["page_id","type","data","order","created_at","updated_at"]}
[2025-09-23 12:16:36] DEBUG: Database savepoint released {"level":1}
[2025-09-23 12:16:36] DEBUG: Database transaction committed
[2025-09-23 12:16:39] INFO: Database connection established {"driver":"mysql","host":"db","database":"block_cms","connection_time":"0.85ms"}
[2025-09-23 12:16:39] DEBUG: Database transaction started
[2025-09-23 12:16:39] DEBUG: Records updated {"table":"pages","affected_rows":1,"where_conditions":["id"]}
[2025-09-23 12:16:39] DEBUG: Records updated {"table":"page_metadata","affected_rows":1,"where_conditions":["id"]}
[2025-09-23 12:16:39] DEBUG: Records updated {"table":"page_seo","affected_rows":1,"where_conditions":["id"]}
[2025-09-23 12:16:39] DEBUG: Records updated {"table":"page_settings","affected_rows":1,"where_conditions":["id"]}
[2025-09-23 12:16:39] DEBUG: Records deleted {"table":"page_access_roles","affected_rows":1,"where_conditions":["page_id"]}
[2025-09-23 12:16:39] DEBUG: Record inserted {"table":"page_access_roles","insert_id":6,"data_keys":["page_id","role","created_at","updated_at"]}
[2025-09-23 12:16:39] DEBUG: Records updated {"table":"page_social","affected_rows":1,"where_conditions":["id"]}
[2025-09-23 12:16:39] DEBUG: Records deleted {"table":"page_categories","affected_rows":3,"where_conditions":["page_id"]}
[2025-09-23 12:16:39] DEBUG: Record inserted {"table":"categories","insert_id":388,"data_keys":["name","slug","is_active","created_at","updated_at"]}
[2025-09-23 12:16:39] DEBUG: Record inserted {"table":"page_categories","insert_id":16,"data_keys":["page_id","category_id","created_at","updated_at"]}
[2025-09-23 12:16:39] DEBUG: Record inserted {"table":"categories","insert_id":389,"data_keys":["name","slug","is_active","created_at","updated_at"]}
[2025-09-23 12:16:39] DEBUG: Record inserted {"table":"page_categories","insert_id":17,"data_keys":["page_id","category_id","created_at","updated_at"]}
[2025-09-23 12:16:39] DEBUG: Record inserted {"table":"categories","insert_id":390,"data_keys":["name","slug","is_active","created_at","updated_at"]}
[2025-09-23 12:16:39] DEBUG: Record inserted {"table":"page_categories","insert_id":18,"data_keys":["page_id","category_id","created_at","updated_at"]}
[2025-09-23 12:16:39] DEBUG: Records deleted {"table":"page_tags","affected_rows":3,"where_conditions":["page_id"]}
[2025-09-23 12:16:39] DEBUG: Records updated {"table":"tags","affected_rows":1,"where_conditions":["id"]}
[2025-09-23 12:16:39] DEBUG: Records updated {"table":"tags","affected_rows":1,"where_conditions":["id"]}
[2025-09-23 12:16:39] DEBUG: Records updated {"table":"tags","affected_rows":1,"where_conditions":["id"]}
[2025-09-23 12:16:39] DEBUG: Record inserted {"table":"tags","insert_id":330,"data_keys":["name","slug","usage_count","created_at","updated_at"]}
[2025-09-23 12:16:39] DEBUG: Record inserted {"table":"page_tags","insert_id":16,"data_keys":["page_id","tag_id","created_at","updated_at"]}
[2025-09-23 12:16:39] DEBUG: Record inserted {"table":"tags","insert_id":331,"data_keys":["name","slug","usage_count","created_at","updated_at"]}
[2025-09-23 12:16:39] DEBUG: Record inserted {"table":"page_tags","insert_id":17,"data_keys":["page_id","tag_id","created_at","updated_at"]}
[2025-09-23 12:16:39] DEBUG: Record inserted {"table":"tags","insert_id":332,"data_keys":["name","slug","usage_count","created_at","updated_at"]}
[2025-09-23 12:16:39] DEBUG: Record inserted {"table":"page_tags","insert_id":18,"data_keys":["page_id","tag_id","created_at","updated_at"]}
[2025-09-23 12:16:39] DEBUG: Database savepoint created {"level":1}
[2025-09-23 12:16:39] DEBUG: Records deleted {"table":"blocks","affected_rows":21,"where_conditions":["page_id"]}
[2025-09-23 12:16:39] DEBUG: Database savepoint created {"level":2}
[2025-09-23 12:16:39] ERROR: Invalid block data structure {"block_type":"image","page_id":2}
[2025-09-23 12:16:39] DEBUG: Record inserted {"table":"blocks","insert_id":106,"data_keys":["page_id","type","data","order","created_at","updated_at"]}
[2025-09-23 12:16:39] DEBUG: Record inserted {"table":"blocks","insert_id":107,"data_keys":["page_id","type","data","order","created_at","updated_at"]}
[2025-09-23 12:16:39] ERROR: Invalid block data structure {"block_type":"text","page_id":2}
[2025-09-23 12:16:39] DEBUG: Record inserted {"table":"blocks","insert_id":108,"data_keys":["page_id","type","data","order","created_at","updated_at"]}
[2025-09-23 12:16:39] DEBUG: Record inserted {"table":"blocks","insert_id":109,"data_keys":["page_id","type","data","order","created_at","updated_at"]}
[2025-09-23 12:16:39] ERROR: Invalid block data structure {"block_type":"image","page_id":2}
[2025-09-23 12:16:39] DEBUG: Record inserted {"table":"blocks","insert_id":110,"data_keys":["page_id","type","data","order","created_at","updated_at"]}
[2025-09-23 12:16:39] DEBUG: Record inserted {"table":"blocks","insert_id":111,"data_keys":["page_id","type","data","order","created_at","updated_at"]}
[2025-09-23 12:16:39] DEBUG: Record inserted {"table":"blocks","insert_id":112,"data_keys":["page_id","type","data","order","created_at","updated_at"]}
[2025-09-23 12:16:39] DEBUG: Record inserted {"table":"blocks","insert_id":113,"data_keys":["page_id","type","data","order","created_at","updated_at"]}
[2025-09-23 12:16:39] DEBUG: Record inserted {"table":"blocks","insert_id":114,"data_keys":["page_id","type","data","order","created_at","updated_at"]}
[2025-09-23 12:16:39] DEBUG: Record inserted {"table":"blocks","insert_id":115,"data_keys":["page_id","type","data","order","created_at","updated_at"]}
[2025-09-23 12:16:39] DEBUG: Record inserted {"table":"blocks","insert_id":116,"data_keys":["page_id","type","data","order","created_at","updated_at"]}
[2025-09-23 12:16:39] DEBUG: Record inserted {"table":"blocks","insert_id":117,"data_keys":["page_id","type","data","order","created_at","updated_at"]}
[2025-09-23 12:16:39] DEBUG: Record inserted {"table":"blocks","insert_id":118,"data_keys":["page_id","type","data","order","created_at","updated_at"]}
[2025-09-23 12:16:39] DEBUG: Record inserted {"table":"blocks","insert_id":119,"data_keys":["page_id","type","data","order","created_at","updated_at"]}
[2025-09-23 12:16:39] DEBUG: Record inserted {"table":"blocks","insert_id":120,"data_keys":["page_id","type","data","order","created_at","updated_at"]}
[2025-09-23 12:16:39] DEBUG: Record inserted {"table":"blocks","insert_id":121,"data_keys":["page_id","type","data","order","created_at","updated_at"]}
[2025-09-23 12:16:39] DEBUG: Record inserted {"table":"blocks","insert_id":122,"data_keys":["page_id","type","data","order","created_at","updated_at"]}
[2025-09-23 12:16:39] DEBUG: Record inserted {"table":"blocks","insert_id":123,"data_keys":["page_id","type","data","order","created_at","updated_at"]}
[2025-09-23 12:16:39] DEBUG: Record inserted {"table":"blocks","insert_id":124,"data_keys":["page_id","type","data","order","created_at","updated_at"]}
[2025-09-23 12:16:39] DEBUG: Record inserted {"table":"blocks","insert_id":125,"data_keys":["page_id","type","data","order","created_at","updated_at"]}
[2025-09-23 12:16:39] DEBUG: Record inserted {"table":"blocks","insert_id":126,"data_keys":["page_id","type","data","order","created_at","updated_at"]}
[2025-09-23 12:16:39] DEBUG: Database savepoint released {"level":2}
[2025-09-23 12:16:39] DEBUG: Database savepoint released {"level":1}
[2025-09-23 12:16:39] DEBUG: Database transaction committed
[2025-09-23 12:16:55] INFO: Database connection established {"driver":"mysql","host":"db","database":"block_cms","connection_time":"0.98ms"}
[2025-09-23 12:16:55] DEBUG: Database transaction started
[2025-09-23 12:16:55] DEBUG: Records updated {"table":"pages","affected_rows":1,"where_conditions":["id"]}
[2025-09-23 12:16:55] DEBUG: Records updated {"table":"page_metadata","affected_rows":1,"where_conditions":["id"]}
[2025-09-23 12:16:55] DEBUG: Records updated {"table":"page_seo","affected_rows":1,"where_conditions":["id"]}
[2025-09-23 12:16:55] DEBUG: Records updated {"table":"page_settings","affected_rows":1,"where_conditions":["id"]}
[2025-09-23 12:16:55] DEBUG: Records deleted {"table":"page_access_roles","affected_rows":1,"where_conditions":["page_id"]}
[2025-09-23 12:16:55] DEBUG: Record inserted {"table":"page_access_roles","insert_id":7,"data_keys":["page_id","role","created_at","updated_at"]}
[2025-09-23 12:16:55] DEBUG: Records updated {"table":"page_social","affected_rows":1,"where_conditions":["id"]}
[2025-09-23 12:16:55] DEBUG: Records deleted {"table":"page_categories","affected_rows":3,"where_conditions":["page_id"]}
[2025-09-23 12:16:55] DEBUG: Record inserted {"table":"categories","insert_id":391,"data_keys":["name","slug","is_active","created_at","updated_at"]}
[2025-09-23 12:16:55] DEBUG: Record inserted {"table":"page_categories","insert_id":19,"data_keys":["page_id","category_id","created_at","updated_at"]}
[2025-09-23 12:16:55] DEBUG: Record inserted {"table":"categories","insert_id":392,"data_keys":["name","slug","is_active","created_at","updated_at"]}
[2025-09-23 12:16:55] DEBUG: Record inserted {"table":"page_categories","insert_id":20,"data_keys":["page_id","category_id","created_at","updated_at"]}
[2025-09-23 12:16:55] DEBUG: Record inserted {"table":"categories","insert_id":393,"data_keys":["name","slug","is_active","created_at","updated_at"]}
[2025-09-23 12:16:55] DEBUG: Record inserted {"table":"page_categories","insert_id":21,"data_keys":["page_id","category_id","created_at","updated_at"]}
[2025-09-23 12:16:55] DEBUG: Records deleted {"table":"page_tags","affected_rows":3,"where_conditions":["page_id"]}
[2025-09-23 12:16:55] DEBUG: Records updated {"table":"tags","affected_rows":1,"where_conditions":["id"]}
[2025-09-23 12:16:55] DEBUG: Records updated {"table":"tags","affected_rows":1,"where_conditions":["id"]}
[2025-09-23 12:16:55] DEBUG: Records updated {"table":"tags","affected_rows":1,"where_conditions":["id"]}
[2025-09-23 12:16:55] DEBUG: Record inserted {"table":"tags","insert_id":333,"data_keys":["name","slug","usage_count","created_at","updated_at"]}
[2025-09-23 12:16:55] DEBUG: Record inserted {"table":"page_tags","insert_id":19,"data_keys":["page_id","tag_id","created_at","updated_at"]}
[2025-09-23 12:16:55] DEBUG: Record inserted {"table":"tags","insert_id":334,"data_keys":["name","slug","usage_count","created_at","updated_at"]}
[2025-09-23 12:16:55] DEBUG: Record inserted {"table":"page_tags","insert_id":20,"data_keys":["page_id","tag_id","created_at","updated_at"]}
[2025-09-23 12:16:55] DEBUG: Record inserted {"table":"tags","insert_id":335,"data_keys":["name","slug","usage_count","created_at","updated_at"]}
[2025-09-23 12:16:55] DEBUG: Record inserted {"table":"page_tags","insert_id":21,"data_keys":["page_id","tag_id","created_at","updated_at"]}
[2025-09-23 12:16:55] DEBUG: Database savepoint created {"level":1}
[2025-09-23 12:16:55] DEBUG: Records deleted {"table":"blocks","affected_rows":21,"where_conditions":["page_id"]}
[2025-09-23 12:16:55] DEBUG: Database savepoint created {"level":2}
[2025-09-23 12:16:55] ERROR: Invalid block data structure {"block_type":"image","page_id":2}
[2025-09-23 12:16:55] DEBUG: Record inserted {"table":"blocks","insert_id":127,"data_keys":["page_id","type","data","order","created_at","updated_at"]}
[2025-09-23 12:16:55] DEBUG: Record inserted {"table":"blocks","insert_id":128,"data_keys":["page_id","type","data","order","created_at","updated_at"]}
[2025-09-23 12:16:55] ERROR: Invalid block data structure {"block_type":"text","page_id":2}
[2025-09-23 12:16:55] DEBUG: Record inserted {"table":"blocks","insert_id":129,"data_keys":["page_id","type","data","order","created_at","updated_at"]}
[2025-09-23 12:16:55] DEBUG: Record inserted {"table":"blocks","insert_id":130,"data_keys":["page_id","type","data","order","created_at","updated_at"]}
[2025-09-23 12:16:55] ERROR: Invalid block data structure {"block_type":"image","page_id":2}
[2025-09-23 12:16:55] DEBUG: Record inserted {"table":"blocks","insert_id":131,"data_keys":["page_id","type","data","order","created_at","updated_at"]}
[2025-09-23 12:16:55] DEBUG: Record inserted {"table":"blocks","insert_id":132,"data_keys":["page_id","type","data","order","created_at","updated_at"]}
[2025-09-23 12:16:55] DEBUG: Record inserted {"table":"blocks","insert_id":133,"data_keys":["page_id","type","data","order","created_at","updated_at"]}
[2025-09-23 12:16:55] DEBUG: Record inserted {"table":"blocks","insert_id":134,"data_keys":["page_id","type","data","order","created_at","updated_at"]}
[2025-09-23 12:16:55] DEBUG: Record inserted {"table":"blocks","insert_id":135,"data_keys":["page_id","type","data","order","created_at","updated_at"]}
[2025-09-23 12:16:55] DEBUG: Record inserted {"table":"blocks","insert_id":136,"data_keys":["page_id","type","data","order","created_at","updated_at"]}
[2025-09-23 12:16:55] DEBUG: Record inserted {"table":"blocks","insert_id":137,"data_keys":["page_id","type","data","order","created_at","updated_at"]}
[2025-09-23 12:16:55] DEBUG: Record inserted {"table":"blocks","insert_id":138,"data_keys":["page_id","type","data","order","created_at","updated_at"]}
[2025-09-23 12:16:55] DEBUG: Record inserted {"table":"blocks","insert_id":139,"data_keys":["page_id","type","data","order","created_at","updated_at"]}
[2025-09-23 12:16:55] DEBUG: Record inserted {"table":"blocks","insert_id":140,"data_keys":["page_id","type","data","order","created_at","updated_at"]}
[2025-09-23 12:16:55] DEBUG: Record inserted {"table":"blocks","insert_id":141,"data_keys":["page_id","type","data","order","created_at","updated_at"]}
[2025-09-23 12:16:55] DEBUG: Record inserted {"table":"blocks","insert_id":142,"data_keys":["page_id","type","data","order","created_at","updated_at"]}
[2025-09-23 12:16:55] DEBUG: Record inserted {"table":"blocks","insert_id":143,"data_keys":["page_id","type","data","order","created_at","updated_at"]}
[2025-09-23 12:16:55] DEBUG: Record inserted {"table":"blocks","insert_id":144,"data_keys":["page_id","type","data","order","created_at","updated_at"]}
[2025-09-23 12:16:55] DEBUG: Record inserted {"table":"blocks","insert_id":145,"data_keys":["page_id","type","data","order","created_at","updated_at"]}
[2025-09-23 12:16:55] DEBUG: Record inserted {"table":"blocks","insert_id":146,"data_keys":["page_id","type","data","order","created_at","updated_at"]}
[2025-09-23 12:16:55] DEBUG: Record inserted {"table":"blocks","insert_id":147,"data_keys":["page_id","type","data","order","created_at","updated_at"]}
[2025-09-23 12:16:55] DEBUG: Database savepoint released {"level":2}
[2025-09-23 12:16:55] DEBUG: Database savepoint released {"level":1}
[2025-09-23 12:16:55] DEBUG: Database transaction committed
[2025-09-23 12:16:59] INFO: Database connection established {"driver":"mysql","host":"db","database":"block_cms","connection_time":"1.33ms"}
[2025-09-23 12:16:59] DEBUG: Database transaction started
[2025-09-23 12:16:59] DEBUG: Records updated {"table":"pages","affected_rows":1,"where_conditions":["id"]}
[2025-09-23 12:16:59] DEBUG: Database transaction committed
[2025-09-23 12:16:59] INFO: Database connection established {"driver":"mysql","host":"db","database":"block_cms","connection_time":"0.69ms"}
[2025-09-23 12:17:27] INFO: Database connection established {"driver":"mysql","host":"db","database":"block_cms","connection_time":"1.26ms"}
[2025-09-23 12:17:27] DEBUG: Database transaction started
[2025-09-23 12:17:27] DEBUG: Records updated {"table":"pages","affected_rows":1,"where_conditions":["id"]}
[2025-09-23 12:17:27] DEBUG: Records updated {"table":"page_metadata","affected_rows":1,"where_conditions":["id"]}
[2025-09-23 12:17:27] DEBUG: Records updated {"table":"page_seo","affected_rows":1,"where_conditions":["id"]}
[2025-09-23 12:17:27] DEBUG: Records updated {"table":"page_settings","affected_rows":1,"where_conditions":["id"]}
[2025-09-23 12:17:27] DEBUG: Records deleted {"table":"page_access_roles","affected_rows":1,"where_conditions":["page_id"]}
[2025-09-23 12:17:27] DEBUG: Record inserted {"table":"page_access_roles","insert_id":8,"data_keys":["page_id","role","created_at","updated_at"]}
[2025-09-23 12:17:27] DEBUG: Records updated {"table":"page_social","affected_rows":1,"where_conditions":["id"]}
[2025-09-23 12:17:27] DEBUG: Records deleted {"table":"page_categories","affected_rows":3,"where_conditions":["page_id"]}
[2025-09-23 12:17:27] DEBUG: Record inserted {"table":"categories","insert_id":394,"data_keys":["name","slug","is_active","created_at","updated_at"]}
[2025-09-23 12:17:27] DEBUG: Record inserted {"table":"page_categories","insert_id":22,"data_keys":["page_id","category_id","created_at","updated_at"]}
[2025-09-23 12:17:27] DEBUG: Record inserted {"table":"categories","insert_id":395,"data_keys":["name","slug","is_active","created_at","updated_at"]}
[2025-09-23 12:17:27] DEBUG: Record inserted {"table":"page_categories","insert_id":23,"data_keys":["page_id","category_id","created_at","updated_at"]}
[2025-09-23 12:17:27] DEBUG: Record inserted {"table":"categories","insert_id":396,"data_keys":["name","slug","is_active","created_at","updated_at"]}
[2025-09-23 12:17:27] DEBUG: Record inserted {"table":"page_categories","insert_id":24,"data_keys":["page_id","category_id","created_at","updated_at"]}
[2025-09-23 12:17:27] DEBUG: Records deleted {"table":"page_tags","affected_rows":3,"where_conditions":["page_id"]}
[2025-09-23 12:17:27] DEBUG: Records updated {"table":"tags","affected_rows":1,"where_conditions":["id"]}
[2025-09-23 12:17:27] DEBUG: Records updated {"table":"tags","affected_rows":1,"where_conditions":["id"]}
[2025-09-23 12:17:27] DEBUG: Records updated {"table":"tags","affected_rows":1,"where_conditions":["id"]}
[2025-09-23 12:17:27] DEBUG: Record inserted {"table":"tags","insert_id":336,"data_keys":["name","slug","usage_count","created_at","updated_at"]}
[2025-09-23 12:17:27] DEBUG: Record inserted {"table":"page_tags","insert_id":22,"data_keys":["page_id","tag_id","created_at","updated_at"]}
[2025-09-23 12:17:27] DEBUG: Record inserted {"table":"tags","insert_id":337,"data_keys":["name","slug","usage_count","created_at","updated_at"]}
[2025-09-23 12:17:27] DEBUG: Record inserted {"table":"page_tags","insert_id":23,"data_keys":["page_id","tag_id","created_at","updated_at"]}
[2025-09-23 12:17:27] DEBUG: Record inserted {"table":"tags","insert_id":338,"data_keys":["name","slug","usage_count","created_at","updated_at"]}
[2025-09-23 12:17:27] DEBUG: Record inserted {"table":"page_tags","insert_id":24,"data_keys":["page_id","tag_id","created_at","updated_at"]}
[2025-09-23 12:17:27] DEBUG: Database savepoint created {"level":1}
[2025-09-23 12:17:27] DEBUG: Records deleted {"table":"blocks","affected_rows":21,"where_conditions":["page_id"]}
[2025-09-23 12:17:27] DEBUG: Database savepoint created {"level":2}
[2025-09-23 12:17:27] ERROR: Invalid block data structure {"block_type":"image","page_id":2}
[2025-09-23 12:17:27] DEBUG: Record inserted {"table":"blocks","insert_id":148,"data_keys":["page_id","type","data","order","created_at","updated_at"]}
[2025-09-23 12:17:27] DEBUG: Record inserted {"table":"blocks","insert_id":149,"data_keys":["page_id","type","data","order","created_at","updated_at"]}
[2025-09-23 12:17:27] ERROR: Invalid block data structure {"block_type":"text","page_id":2}
[2025-09-23 12:17:27] DEBUG: Record inserted {"table":"blocks","insert_id":150,"data_keys":["page_id","type","data","order","created_at","updated_at"]}
[2025-09-23 12:17:27] DEBUG: Record inserted {"table":"blocks","insert_id":151,"data_keys":["page_id","type","data","order","created_at","updated_at"]}
[2025-09-23 12:17:27] ERROR: Invalid block data structure {"block_type":"image","page_id":2}
[2025-09-23 12:17:27] DEBUG: Record inserted {"table":"blocks","insert_id":152,"data_keys":["page_id","type","data","order","created_at","updated_at"]}
[2025-09-23 12:17:27] DEBUG: Record inserted {"table":"blocks","insert_id":153,"data_keys":["page_id","type","data","order","created_at","updated_at"]}
[2025-09-23 12:17:27] DEBUG: Record inserted {"table":"blocks","insert_id":154,"data_keys":["page_id","type","data","order","created_at","updated_at"]}
[2025-09-23 12:17:27] DEBUG: Record inserted {"table":"blocks","insert_id":155,"data_keys":["page_id","type","data","order","created_at","updated_at"]}
[2025-09-23 12:17:27] DEBUG: Record inserted {"table":"blocks","insert_id":156,"data_keys":["page_id","type","data","order","created_at","updated_at"]}
[2025-09-23 12:17:27] DEBUG: Record inserted {"table":"blocks","insert_id":157,"data_keys":["page_id","type","data","order","created_at","updated_at"]}
[2025-09-23 12:17:27] DEBUG: Record inserted {"table":"blocks","insert_id":158,"data_keys":["page_id","type","data","order","created_at","updated_at"]}
[2025-09-23 12:17:27] DEBUG: Record inserted {"table":"blocks","insert_id":159,"data_keys":["page_id","type","data","order","created_at","updated_at"]}
[2025-09-23 12:17:27] DEBUG: Record inserted {"table":"blocks","insert_id":160,"data_keys":["page_id","type","data","order","created_at","updated_at"]}
[2025-09-23 12:17:27] DEBUG: Record inserted {"table":"blocks","insert_id":161,"data_keys":["page_id","type","data","order","created_at","updated_at"]}
[2025-09-23 12:17:27] DEBUG: Record inserted {"table":"blocks","insert_id":162,"data_keys":["page_id","type","data","order","created_at","updated_at"]}
[2025-09-23 12:17:27] DEBUG: Record inserted {"table":"blocks","insert_id":163,"data_keys":["page_id","type","data","order","created_at","updated_at"]}
[2025-09-23 12:17:27] DEBUG: Record inserted {"table":"blocks","insert_id":164,"data_keys":["page_id","type","data","order","created_at","updated_at"]}
[2025-09-23 12:17:27] DEBUG: Record inserted {"table":"blocks","insert_id":165,"data_keys":["page_id","type","data","order","created_at","updated_at"]}
[2025-09-23 12:17:27] DEBUG: Record inserted {"table":"blocks","insert_id":166,"data_keys":["page_id","type","data","order","created_at","updated_at"]}
[2025-09-23 12:17:27] DEBUG: Record inserted {"table":"blocks","insert_id":167,"data_keys":["page_id","type","data","order","created_at","updated_at"]}
[2025-09-23 12:17:27] DEBUG: Record inserted {"table":"blocks","insert_id":168,"data_keys":["page_id","type","data","order","created_at","updated_at"]}
[2025-09-23 12:17:27] DEBUG: Database savepoint released {"level":2}
[2025-09-23 12:17:27] DEBUG: Database savepoint released {"level":1}
[2025-09-23 12:17:27] DEBUG: Database transaction committed
[2025-09-23 12:17:32] INFO: Database connection established {"driver":"mysql","host":"db","database":"block_cms","connection_time":"1.15ms"}
[2025-09-23 12:17:32] DEBUG: Database transaction started
[2025-09-23 12:17:32] INFO: Creating new page {"title":"test mike"}
[2025-09-23 12:17:32] DEBUG: Record inserted {"table":"pages","insert_id":85,"data_keys":["title","slug","status","meta_title","meta_description","published_at","created_at","updated_at"]}
[2025-09-23 12:17:32] INFO: Page created successfully {"page_id":85}
[2025-09-23 12:17:32] DEBUG: Record inserted {"table":"page_metadata","insert_id":4,"data_keys":["content_type","block_category","author","visibility","password","featured","allow_comments","is_reusable_block","block_preview_image","page_id","created_at","updated_at"]}
[2025-09-23 12:17:32] DEBUG: Record inserted {"table":"page_seo","insert_id":4,"data_keys":["meta_keywords","canonical_url","og_title","og_description","og_image","twitter_card","schema_markup","page_id","created_at","updated_at"]}
[2025-09-23 12:17:32] DEBUG: Record inserted {"table":"page_settings","insert_id":4,"data_keys":["template","custom_css","custom_js","redirect_url","parent_page","latitude","longitude","address","price","currency","recurring","recurring_period","page_id","created_at","updated_at"]}
[2025-09-23 12:17:32] DEBUG: Records deleted {"table":"page_access_roles","affected_rows":0,"where_conditions":["page_id"]}
[2025-09-23 12:17:32] DEBUG: Record inserted {"table":"page_access_roles","insert_id":9,"data_keys":["page_id","role","created_at","updated_at"]}
[2025-09-23 12:17:32] DEBUG: Record inserted {"table":"page_social","insert_id":4,"data_keys":["platforms","share_text","share_hashtags","share_via","pixel_ids","embed_width","embed_height","page_id","created_at","updated_at"]}
[2025-09-23 12:17:32] DEBUG: Records deleted {"table":"page_categories","affected_rows":0,"where_conditions":["page_id"]}
[2025-09-23 12:17:32] DEBUG: Record inserted {"table":"categories","insert_id":397,"data_keys":["name","slug","is_active","created_at","updated_at"]}
[2025-09-23 12:17:32] DEBUG: Record inserted {"table":"page_categories","insert_id":25,"data_keys":["page_id","category_id","created_at","updated_at"]}
[2025-09-23 12:17:32] DEBUG: Record inserted {"table":"categories","insert_id":398,"data_keys":["name","slug","is_active","created_at","updated_at"]}
[2025-09-23 12:17:32] DEBUG: Record inserted {"table":"page_categories","insert_id":26,"data_keys":["page_id","category_id","created_at","updated_at"]}
[2025-09-23 12:17:32] DEBUG: Record inserted {"table":"categories","insert_id":399,"data_keys":["name","slug","is_active","created_at","updated_at"]}
[2025-09-23 12:17:32] DEBUG: Record inserted {"table":"page_categories","insert_id":27,"data_keys":["page_id","category_id","created_at","updated_at"]}
[2025-09-23 12:17:32] DEBUG: Records deleted {"table":"page_tags","affected_rows":0,"where_conditions":["page_id"]}
[2025-09-23 12:17:32] DEBUG: Record inserted {"table":"tags","insert_id":339,"data_keys":["name","slug","usage_count","created_at","updated_at"]}
[2025-09-23 12:17:32] DEBUG: Record inserted {"table":"page_tags","insert_id":25,"data_keys":["page_id","tag_id","created_at","updated_at"]}
[2025-09-23 12:17:32] DEBUG: Record inserted {"table":"tags","insert_id":340,"data_keys":["name","slug","usage_count","created_at","updated_at"]}
[2025-09-23 12:17:32] DEBUG: Record inserted {"table":"page_tags","insert_id":26,"data_keys":["page_id","tag_id","created_at","updated_at"]}
[2025-09-23 12:17:32] DEBUG: Record inserted {"table":"tags","insert_id":341,"data_keys":["name","slug","usage_count","created_at","updated_at"]}
[2025-09-23 12:17:32] DEBUG: Record inserted {"table":"page_tags","insert_id":27,"data_keys":["page_id","tag_id","created_at","updated_at"]}
[2025-09-23 12:17:32] DEBUG: Database savepoint created {"level":1}
[2025-09-23 12:17:32] ERROR: Invalid block data structure {"block_type":"image","page_id":85}
[2025-09-23 12:17:32] DEBUG: Record inserted {"table":"blocks","insert_id":169,"data_keys":["page_id","type","data","order","created_at","updated_at"]}
[2025-09-23 12:17:32] DEBUG: Record inserted {"table":"blocks","insert_id":170,"data_keys":["page_id","type","data","order","created_at","updated_at"]}
[2025-09-23 12:17:32] ERROR: Invalid block data structure {"block_type":"text","page_id":85}
[2025-09-23 12:17:32] DEBUG: Record inserted {"table":"blocks","insert_id":171,"data_keys":["page_id","type","data","order","created_at","updated_at"]}
[2025-09-23 12:17:32] DEBUG: Record inserted {"table":"blocks","insert_id":172,"data_keys":["page_id","type","data","order","created_at","updated_at"]}
[2025-09-23 12:17:32] ERROR: Invalid block data structure {"block_type":"image","page_id":85}
[2025-09-23 12:17:32] DEBUG: Record inserted {"table":"blocks","insert_id":173,"data_keys":["page_id","type","data","order","created_at","updated_at"]}
[2025-09-23 12:17:32] DEBUG: Record inserted {"table":"blocks","insert_id":174,"data_keys":["page_id","type","data","order","created_at","updated_at"]}
[2025-09-23 12:17:32] DEBUG: Record inserted {"table":"blocks","insert_id":175,"data_keys":["page_id","type","data","order","created_at","updated_at"]}
[2025-09-23 12:17:32] DEBUG: Record inserted {"table":"blocks","insert_id":176,"data_keys":["page_id","type","data","order","created_at","updated_at"]}
[2025-09-23 12:17:32] DEBUG: Record inserted {"table":"blocks","insert_id":177,"data_keys":["page_id","type","data","order","created_at","updated_at"]}
[2025-09-23 12:17:32] DEBUG: Record inserted {"table":"blocks","insert_id":178,"data_keys":["page_id","type","data","order","created_at","updated_at"]}
[2025-09-23 12:17:32] DEBUG: Record inserted {"table":"blocks","insert_id":179,"data_keys":["page_id","type","data","order","created_at","updated_at"]}
[2025-09-23 12:17:32] DEBUG: Record inserted {"table":"blocks","insert_id":180,"data_keys":["page_id","type","data","order","created_at","updated_at"]}
[2025-09-23 12:17:32] DEBUG: Record inserted {"table":"blocks","insert_id":181,"data_keys":["page_id","type","data","order","created_at","updated_at"]}
[2025-09-23 12:17:32] DEBUG: Record inserted {"table":"blocks","insert_id":182,"data_keys":["page_id","type","data","order","created_at","updated_at"]}
[2025-09-23 12:17:32] DEBUG: Record inserted {"table":"blocks","insert_id":183,"data_keys":["page_id","type","data","order","created_at","updated_at"]}
[2025-09-23 12:17:32] DEBUG: Record inserted {"table":"blocks","insert_id":184,"data_keys":["page_id","type","data","order","created_at","updated_at"]}
[2025-09-23 12:17:32] DEBUG: Record inserted {"table":"blocks","insert_id":185,"data_keys":["page_id","type","data","order","created_at","updated_at"]}
[2025-09-23 12:17:32] DEBUG: Record inserted {"table":"blocks","insert_id":186,"data_keys":["page_id","type","data","order","created_at","updated_at"]}
[2025-09-23 12:17:32] DEBUG: Record inserted {"table":"blocks","insert_id":187,"data_keys":["page_id","type","data","order","created_at","updated_at"]}
[2025-09-23 12:17:32] DEBUG: Record inserted {"table":"blocks","insert_id":188,"data_keys":["page_id","type","data","order","created_at","updated_at"]}
[2025-09-23 12:17:32] DEBUG: Record inserted {"table":"blocks","insert_id":189,"data_keys":["page_id","type","data","order","created_at","updated_at"]}
[2025-09-23 12:17:32] DEBUG: Database savepoint released {"level":1}
[2025-09-23 12:17:32] DEBUG: Database transaction committed
[2025-09-23 12:17:35] INFO: Database connection established {"driver":"mysql","host":"db","database":"block_cms","connection_time":"0.98ms"}
[2025-09-23 12:17:48] INFO: Database connection established {"driver":"mysql","host":"db","database":"block_cms","connection_time":"0.94ms"}
[2025-09-23 12:17:51] INFO: Database connection established {"driver":"mysql","host":"db","database":"block_cms","connection_time":"1.04ms"}
[2025-09-23 12:18:03] INFO: Database connection established {"driver":"mysql","host":"db","database":"block_cms","connection_time":"0.94ms"}
[2025-09-23 12:18:03] DEBUG: Database transaction started
[2025-09-23 12:18:03] INFO: Creating new page {"title":"test mike"}
[2025-09-23 12:18:03] DEBUG: Record inserted {"table":"pages","insert_id":86,"data_keys":["title","slug","status","meta_title","meta_description","published_at","created_at","updated_at"]}
[2025-09-23 12:18:03] INFO: Page created successfully {"page_id":86}
[2025-09-23 12:18:03] DEBUG: Record inserted {"table":"page_metadata","insert_id":5,"data_keys":["content_type","block_category","author","visibility","password","featured","allow_comments","is_reusable_block","block_preview_image","page_id","created_at","updated_at"]}
[2025-09-23 12:18:03] DEBUG: Record inserted {"table":"page_seo","insert_id":5,"data_keys":["meta_keywords","canonical_url","og_title","og_description","og_image","twitter_card","schema_markup","page_id","created_at","updated_at"]}
[2025-09-23 12:18:03] DEBUG: Record inserted {"table":"page_settings","insert_id":5,"data_keys":["template","custom_css","custom_js","redirect_url","parent_page","latitude","longitude","address","price","currency","recurring","recurring_period","page_id","created_at","updated_at"]}
[2025-09-23 12:18:03] DEBUG: Records deleted {"table":"page_access_roles","affected_rows":0,"where_conditions":["page_id"]}
[2025-09-23 12:18:03] DEBUG: Record inserted {"table":"page_access_roles","insert_id":10,"data_keys":["page_id","role","created_at","updated_at"]}
[2025-09-23 12:18:03] DEBUG: Record inserted {"table":"page_social","insert_id":5,"data_keys":["platforms","share_text","share_hashtags","share_via","pixel_ids","embed_width","embed_height","page_id","created_at","updated_at"]}
[2025-09-23 12:18:03] DEBUG: Records deleted {"table":"page_categories","affected_rows":0,"where_conditions":["page_id"]}
[2025-09-23 12:18:03] DEBUG: Record inserted {"table":"categories","insert_id":400,"data_keys":["name","slug","is_active","created_at","updated_at"]}
[2025-09-23 12:18:03] DEBUG: Record inserted {"table":"page_categories","insert_id":28,"data_keys":["page_id","category_id","created_at","updated_at"]}
[2025-09-23 12:18:03] DEBUG: Record inserted {"table":"categories","insert_id":401,"data_keys":["name","slug","is_active","created_at","updated_at"]}
[2025-09-23 12:18:03] DEBUG: Record inserted {"table":"page_categories","insert_id":29,"data_keys":["page_id","category_id","created_at","updated_at"]}
[2025-09-23 12:18:03] DEBUG: Record inserted {"table":"categories","insert_id":402,"data_keys":["name","slug","is_active","created_at","updated_at"]}
[2025-09-23 12:18:03] DEBUG: Record inserted {"table":"page_categories","insert_id":30,"data_keys":["page_id","category_id","created_at","updated_at"]}
[2025-09-23 12:18:03] DEBUG: Records deleted {"table":"page_tags","affected_rows":0,"where_conditions":["page_id"]}
[2025-09-23 12:18:03] DEBUG: Record inserted {"table":"tags","insert_id":342,"data_keys":["name","slug","usage_count","created_at","updated_at"]}
[2025-09-23 12:18:03] DEBUG: Record inserted {"table":"page_tags","insert_id":28,"data_keys":["page_id","tag_id","created_at","updated_at"]}
[2025-09-23 12:18:03] DEBUG: Record inserted {"table":"tags","insert_id":343,"data_keys":["name","slug","usage_count","created_at","updated_at"]}
[2025-09-23 12:18:03] DEBUG: Record inserted {"table":"page_tags","insert_id":29,"data_keys":["page_id","tag_id","created_at","updated_at"]}
[2025-09-23 12:18:03] DEBUG: Record inserted {"table":"tags","insert_id":344,"data_keys":["name","slug","usage_count","created_at","updated_at"]}
[2025-09-23 12:18:03] DEBUG: Record inserted {"table":"page_tags","insert_id":30,"data_keys":["page_id","tag_id","created_at","updated_at"]}
[2025-09-23 12:18:03] DEBUG: Database savepoint created {"level":1}
[2025-09-23 12:18:03] ERROR: Invalid block data structure {"block_type":"image","page_id":86}
[2025-09-23 12:18:03] DEBUG: Record inserted {"table":"blocks","insert_id":190,"data_keys":["page_id","type","data","order","created_at","updated_at"]}
[2025-09-23 12:18:03] DEBUG: Record inserted {"table":"blocks","insert_id":191,"data_keys":["page_id","type","data","order","created_at","updated_at"]}
[2025-09-23 12:18:03] ERROR: Invalid block data structure {"block_type":"text","page_id":86}
[2025-09-23 12:18:03] DEBUG: Record inserted {"table":"blocks","insert_id":192,"data_keys":["page_id","type","data","order","created_at","updated_at"]}
[2025-09-23 12:18:03] DEBUG: Record inserted {"table":"blocks","insert_id":193,"data_keys":["page_id","type","data","order","created_at","updated_at"]}
[2025-09-23 12:18:03] ERROR: Invalid block data structure {"block_type":"image","page_id":86}
[2025-09-23 12:18:03] DEBUG: Record inserted {"table":"blocks","insert_id":194,"data_keys":["page_id","type","data","order","created_at","updated_at"]}
[2025-09-23 12:18:03] DEBUG: Record inserted {"table":"blocks","insert_id":195,"data_keys":["page_id","type","data","order","created_at","updated_at"]}
[2025-09-23 12:18:03] DEBUG: Record inserted {"table":"blocks","insert_id":196,"data_keys":["page_id","type","data","order","created_at","updated_at"]}
[2025-09-23 12:18:03] DEBUG: Record inserted {"table":"blocks","insert_id":197,"data_keys":["page_id","type","data","order","created_at","updated_at"]}
[2025-09-23 12:18:03] DEBUG: Record inserted {"table":"blocks","insert_id":198,"data_keys":["page_id","type","data","order","created_at","updated_at"]}
[2025-09-23 12:18:03] DEBUG: Record inserted {"table":"blocks","insert_id":199,"data_keys":["page_id","type","data","order","created_at","updated_at"]}
[2025-09-23 12:18:03] DEBUG: Record inserted {"table":"blocks","insert_id":200,"data_keys":["page_id","type","data","order","created_at","updated_at"]}
[2025-09-23 12:18:03] DEBUG: Record inserted {"table":"blocks","insert_id":201,"data_keys":["page_id","type","data","order","created_at","updated_at"]}
[2025-09-23 12:18:03] DEBUG: Record inserted {"table":"blocks","insert_id":202,"data_keys":["page_id","type","data","order","created_at","updated_at"]}
[2025-09-23 12:18:03] DEBUG: Record inserted {"table":"blocks","insert_id":203,"data_keys":["page_id","type","data","order","created_at","updated_at"]}
[2025-09-23 12:18:03] DEBUG: Record inserted {"table":"blocks","insert_id":204,"data_keys":["page_id","type","data","order","created_at","updated_at"]}
[2025-09-23 12:18:03] DEBUG: Record inserted {"table":"blocks","insert_id":205,"data_keys":["page_id","type","data","order","created_at","updated_at"]}
[2025-09-23 12:18:03] DEBUG: Record inserted {"table":"blocks","insert_id":206,"data_keys":["page_id","type","data","order","created_at","updated_at"]}
[2025-09-23 12:18:03] DEBUG: Record inserted {"table":"blocks","insert_id":207,"data_keys":["page_id","type","data","order","created_at","updated_at"]}
[2025-09-23 12:18:03] DEBUG: Record inserted {"table":"blocks","insert_id":208,"data_keys":["page_id","type","data","order","created_at","updated_at"]}
[2025-09-23 12:18:03] DEBUG: Record inserted {"table":"blocks","insert_id":209,"data_keys":["page_id","type","data","order","created_at","updated_at"]}
[2025-09-23 12:18:03] DEBUG: Record inserted {"table":"blocks","insert_id":210,"data_keys":["page_id","type","data","order","created_at","updated_at"]}
[2025-09-23 12:18:03] DEBUG: Database savepoint released {"level":1}
[2025-09-23 12:18:03] DEBUG: Database transaction committed
[2025-09-23 12:18:08] INFO: Database connection established {"driver":"mysql","host":"db","database":"block_cms","connection_time":"1.05ms"}
[2025-09-23 12:18:08] DEBUG: Database transaction started
[2025-09-23 12:18:08] DEBUG: Records updated {"table":"pages","affected_rows":1,"where_conditions":["id"]}
[2025-09-23 12:18:08] DEBUG: Records updated {"table":"page_metadata","affected_rows":1,"where_conditions":["id"]}
[2025-09-23 12:18:08] DEBUG: Records updated {"table":"page_seo","affected_rows":1,"where_conditions":["id"]}
[2025-09-23 12:18:08] DEBUG: Records updated {"table":"page_settings","affected_rows":1,"where_conditions":["id"]}
[2025-09-23 12:18:08] DEBUG: Records deleted {"table":"page_access_roles","affected_rows":1,"where_conditions":["page_id"]}
[2025-09-23 12:18:08] DEBUG: Record inserted {"table":"page_access_roles","insert_id":11,"data_keys":["page_id","role","created_at","updated_at"]}
[2025-09-23 12:18:08] DEBUG: Records updated {"table":"page_social","affected_rows":1,"where_conditions":["id"]}
[2025-09-23 12:18:08] DEBUG: Records deleted {"table":"page_categories","affected_rows":3,"where_conditions":["page_id"]}
[2025-09-23 12:18:08] DEBUG: Record inserted {"table":"categories","insert_id":403,"data_keys":["name","slug","is_active","created_at","updated_at"]}
[2025-09-23 12:18:08] DEBUG: Record inserted {"table":"page_categories","insert_id":31,"data_keys":["page_id","category_id","created_at","updated_at"]}
[2025-09-23 12:18:08] DEBUG: Record inserted {"table":"categories","insert_id":404,"data_keys":["name","slug","is_active","created_at","updated_at"]}
[2025-09-23 12:18:08] DEBUG: Record inserted {"table":"page_categories","insert_id":32,"data_keys":["page_id","category_id","created_at","updated_at"]}
[2025-09-23 12:18:08] DEBUG: Record inserted {"table":"categories","insert_id":405,"data_keys":["name","slug","is_active","created_at","updated_at"]}
[2025-09-23 12:18:08] DEBUG: Record inserted {"table":"page_categories","insert_id":33,"data_keys":["page_id","category_id","created_at","updated_at"]}
[2025-09-23 12:18:08] DEBUG: Records deleted {"table":"page_tags","affected_rows":3,"where_conditions":["page_id"]}
[2025-09-23 12:18:08] DEBUG: Records updated {"table":"tags","affected_rows":1,"where_conditions":["id"]}
[2025-09-23 12:18:08] DEBUG: Records updated {"table":"tags","affected_rows":1,"where_conditions":["id"]}
[2025-09-23 12:18:08] DEBUG: Records updated {"table":"tags","affected_rows":1,"where_conditions":["id"]}
[2025-09-23 12:18:08] DEBUG: Record inserted {"table":"tags","insert_id":345,"data_keys":["name","slug","usage_count","created_at","updated_at"]}
[2025-09-23 12:18:08] DEBUG: Record inserted {"table":"page_tags","insert_id":31,"data_keys":["page_id","tag_id","created_at","updated_at"]}
[2025-09-23 12:18:08] DEBUG: Record inserted {"table":"tags","insert_id":346,"data_keys":["name","slug","usage_count","created_at","updated_at"]}
[2025-09-23 12:18:08] DEBUG: Record inserted {"table":"page_tags","insert_id":32,"data_keys":["page_id","tag_id","created_at","updated_at"]}
[2025-09-23 12:18:08] DEBUG: Record inserted {"table":"tags","insert_id":347,"data_keys":["name","slug","usage_count","created_at","updated_at"]}
[2025-09-23 12:18:08] DEBUG: Record inserted {"table":"page_tags","insert_id":33,"data_keys":["page_id","tag_id","created_at","updated_at"]}
[2025-09-23 12:18:08] DEBUG: Database savepoint created {"level":1}
[2025-09-23 12:18:08] DEBUG: Records deleted {"table":"blocks","affected_rows":21,"where_conditions":["page_id"]}
[2025-09-23 12:18:08] DEBUG: Database savepoint created {"level":2}
[2025-09-23 12:18:08] ERROR: Invalid block data structure {"block_type":"image","page_id":2}
[2025-09-23 12:18:08] DEBUG: Record inserted {"table":"blocks","insert_id":211,"data_keys":["page_id","type","data","order","created_at","updated_at"]}
[2025-09-23 12:18:08] DEBUG: Record inserted {"table":"blocks","insert_id":212,"data_keys":["page_id","type","data","order","created_at","updated_at"]}
[2025-09-23 12:18:08] ERROR: Invalid block data structure {"block_type":"text","page_id":2}
[2025-09-23 12:18:08] DEBUG: Record inserted {"table":"blocks","insert_id":213,"data_keys":["page_id","type","data","order","created_at","updated_at"]}
[2025-09-23 12:18:08] DEBUG: Record inserted {"table":"blocks","insert_id":214,"data_keys":["page_id","type","data","order","created_at","updated_at"]}
[2025-09-23 12:18:08] ERROR: Invalid block data structure {"block_type":"image","page_id":2}
[2025-09-23 12:18:08] DEBUG: Record inserted {"table":"blocks","insert_id":215,"data_keys":["page_id","type","data","order","created_at","updated_at"]}
[2025-09-23 12:18:08] DEBUG: Record inserted {"table":"blocks","insert_id":216,"data_keys":["page_id","type","data","order","created_at","updated_at"]}
[2025-09-23 12:18:08] DEBUG: Record inserted {"table":"blocks","insert_id":217,"data_keys":["page_id","type","data","order","created_at","updated_at"]}
[2025-09-23 12:18:08] DEBUG: Record inserted {"table":"blocks","insert_id":218,"data_keys":["page_id","type","data","order","created_at","updated_at"]}
[2025-09-23 12:18:08] DEBUG: Record inserted {"table":"blocks","insert_id":219,"data_keys":["page_id","type","data","order","created_at","updated_at"]}
[2025-09-23 12:18:08] DEBUG: Record inserted {"table":"blocks","insert_id":220,"data_keys":["page_id","type","data","order","created_at","updated_at"]}
[2025-09-23 12:18:08] DEBUG: Record inserted {"table":"blocks","insert_id":221,"data_keys":["page_id","type","data","order","created_at","updated_at"]}
[2025-09-23 12:18:08] DEBUG: Record inserted {"table":"blocks","insert_id":222,"data_keys":["page_id","type","data","order","created_at","updated_at"]}
[2025-09-23 12:18:08] DEBUG: Record inserted {"table":"blocks","insert_id":223,"data_keys":["page_id","type","data","order","created_at","updated_at"]}
[2025-09-23 12:18:08] DEBUG: Record inserted {"table":"blocks","insert_id":224,"data_keys":["page_id","type","data","order","created_at","updated_at"]}
[2025-09-23 12:18:08] DEBUG: Record inserted {"table":"blocks","insert_id":225,"data_keys":["page_id","type","data","order","created_at","updated_at"]}
[2025-09-23 12:18:08] DEBUG: Record inserted {"table":"blocks","insert_id":226,"data_keys":["page_id","type","data","order","created_at","updated_at"]}
[2025-09-23 12:18:08] DEBUG: Record inserted {"table":"blocks","insert_id":227,"data_keys":["page_id","type","data","order","created_at","updated_at"]}
[2025-09-23 12:18:08] DEBUG: Record inserted {"table":"blocks","insert_id":228,"data_keys":["page_id","type","data","order","created_at","updated_at"]}
[2025-09-23 12:18:08] DEBUG: Record inserted {"table":"blocks","insert_id":229,"data_keys":["page_id","type","data","order","created_at","updated_at"]}
[2025-09-23 12:18:08] DEBUG: Record inserted {"table":"blocks","insert_id":230,"data_keys":["page_id","type","data","order","created_at","updated_at"]}
[2025-09-23 12:18:08] DEBUG: Record inserted {"table":"blocks","insert_id":231,"data_keys":["page_id","type","data","order","created_at","updated_at"]}
[2025-09-23 12:18:08] DEBUG: Database savepoint released {"level":2}
[2025-09-23 12:18:08] DEBUG: Database savepoint released {"level":1}
[2025-09-23 12:18:08] DEBUG: Database transaction committed
[2025-09-23 12:18:50] INFO: Database connection established {"driver":"mysql","host":"db","database":"block_cms","connection_time":"1.32ms"}
[2025-09-23 12:18:50] DEBUG: Database transaction started
[2025-09-23 12:18:50] DEBUG: Records updated {"table":"pages","affected_rows":1,"where_conditions":["id"]}
[2025-09-23 12:18:50] DEBUG: Records updated {"table":"page_metadata","affected_rows":1,"where_conditions":["id"]}
[2025-09-23 12:18:50] DEBUG: Records updated {"table":"page_seo","affected_rows":1,"where_conditions":["id"]}
[2025-09-23 12:18:50] DEBUG: Records updated {"table":"page_settings","affected_rows":1,"where_conditions":["id"]}
[2025-09-23 12:18:50] DEBUG: Records deleted {"table":"page_access_roles","affected_rows":1,"where_conditions":["page_id"]}
[2025-09-23 12:18:50] DEBUG: Record inserted {"table":"page_access_roles","insert_id":12,"data_keys":["page_id","role","created_at","updated_at"]}
[2025-09-23 12:18:50] DEBUG: Records updated {"table":"page_social","affected_rows":1,"where_conditions":["id"]}
[2025-09-23 12:18:50] DEBUG: Records deleted {"table":"page_categories","affected_rows":3,"where_conditions":["page_id"]}
[2025-09-23 12:18:50] DEBUG: Record inserted {"table":"categories","insert_id":406,"data_keys":["name","slug","is_active","created_at","updated_at"]}
[2025-09-23 12:18:50] DEBUG: Record inserted {"table":"page_categories","insert_id":34,"data_keys":["page_id","category_id","created_at","updated_at"]}
[2025-09-23 12:18:50] DEBUG: Record inserted {"table":"categories","insert_id":407,"data_keys":["name","slug","is_active","created_at","updated_at"]}
[2025-09-23 12:18:50] DEBUG: Record inserted {"table":"page_categories","insert_id":35,"data_keys":["page_id","category_id","created_at","updated_at"]}
[2025-09-23 12:18:50] DEBUG: Record inserted {"table":"categories","insert_id":408,"data_keys":["name","slug","is_active","created_at","updated_at"]}
[2025-09-23 12:18:50] DEBUG: Record inserted {"table":"page_categories","insert_id":36,"data_keys":["page_id","category_id","created_at","updated_at"]}
[2025-09-23 12:18:50] DEBUG: Records deleted {"table":"page_tags","affected_rows":3,"where_conditions":["page_id"]}
[2025-09-23 12:18:50] DEBUG: Records updated {"table":"tags","affected_rows":1,"where_conditions":["id"]}
[2025-09-23 12:18:50] DEBUG: Records updated {"table":"tags","affected_rows":1,"where_conditions":["id"]}
[2025-09-23 12:18:50] DEBUG: Records updated {"table":"tags","affected_rows":1,"where_conditions":["id"]}
[2025-09-23 12:18:50] DEBUG: Record inserted {"table":"tags","insert_id":348,"data_keys":["name","slug","usage_count","created_at","updated_at"]}
[2025-09-23 12:18:50] DEBUG: Record inserted {"table":"page_tags","insert_id":34,"data_keys":["page_id","tag_id","created_at","updated_at"]}
[2025-09-23 12:18:50] DEBUG: Record inserted {"table":"tags","insert_id":349,"data_keys":["name","slug","usage_count","created_at","updated_at"]}
[2025-09-23 12:18:50] DEBUG: Record inserted {"table":"page_tags","insert_id":35,"data_keys":["page_id","tag_id","created_at","updated_at"]}
[2025-09-23 12:18:50] DEBUG: Record inserted {"table":"tags","insert_id":350,"data_keys":["name","slug","usage_count","created_at","updated_at"]}
[2025-09-23 12:18:50] DEBUG: Record inserted {"table":"page_tags","insert_id":36,"data_keys":["page_id","tag_id","created_at","updated_at"]}
[2025-09-23 12:19:29] INFO: Database connection established {"driver":"mysql","host":"db","database":"block_cms","connection_time":"0.89ms"}
[2025-09-23 12:19:29] DEBUG: Database transaction started
[2025-09-23 12:19:29] DEBUG: Records updated {"table":"pages","affected_rows":1,"where_conditions":["id"]}
[2025-09-23 12:19:29] DEBUG: Records updated {"table":"page_metadata","affected_rows":1,"where_conditions":["id"]}
[2025-09-23 12:19:29] DEBUG: Records updated {"table":"page_seo","affected_rows":1,"where_conditions":["id"]}
[2025-09-23 12:19:29] DEBUG: Records updated {"table":"page_settings","affected_rows":1,"where_conditions":["id"]}
[2025-09-23 12:19:29] DEBUG: Records deleted {"table":"page_access_roles","affected_rows":1,"where_conditions":["page_id"]}
[2025-09-23 12:19:29] DEBUG: Record inserted {"table":"page_access_roles","insert_id":13,"data_keys":["page_id","role","created_at","updated_at"]}
[2025-09-23 12:19:29] DEBUG: Records updated {"table":"page_social","affected_rows":1,"where_conditions":["id"]}
[2025-09-23 12:19:29] DEBUG: Records deleted {"table":"page_categories","affected_rows":3,"where_conditions":["page_id"]}
[2025-09-23 12:19:29] DEBUG: Record inserted {"table":"categories","insert_id":409,"data_keys":["name","slug","is_active","created_at","updated_at"]}
[2025-09-23 12:19:29] DEBUG: Record inserted {"table":"page_categories","insert_id":37,"data_keys":["page_id","category_id","created_at","updated_at"]}
[2025-09-23 12:19:29] DEBUG: Record inserted {"table":"categories","insert_id":410,"data_keys":["name","slug","is_active","created_at","updated_at"]}
[2025-09-23 12:19:29] DEBUG: Record inserted {"table":"page_categories","insert_id":38,"data_keys":["page_id","category_id","created_at","updated_at"]}
[2025-09-23 12:19:29] DEBUG: Record inserted {"table":"categories","insert_id":411,"data_keys":["name","slug","is_active","created_at","updated_at"]}
[2025-09-23 12:19:29] DEBUG: Record inserted {"table":"page_categories","insert_id":39,"data_keys":["page_id","category_id","created_at","updated_at"]}
[2025-09-23 12:19:29] DEBUG: Records deleted {"table":"page_tags","affected_rows":3,"where_conditions":["page_id"]}
[2025-09-23 12:19:29] DEBUG: Records updated {"table":"tags","affected_rows":1,"where_conditions":["id"]}
[2025-09-23 12:19:29] DEBUG: Records updated {"table":"tags","affected_rows":1,"where_conditions":["id"]}
[2025-09-23 12:19:29] DEBUG: Records updated {"table":"tags","affected_rows":1,"where_conditions":["id"]}
[2025-09-23 12:19:29] DEBUG: Record inserted {"table":"tags","insert_id":351,"data_keys":["name","slug","usage_count","created_at","updated_at"]}
[2025-09-23 12:19:29] DEBUG: Record inserted {"table":"page_tags","insert_id":37,"data_keys":["page_id","tag_id","created_at","updated_at"]}
[2025-09-23 12:19:29] DEBUG: Record inserted {"table":"tags","insert_id":352,"data_keys":["name","slug","usage_count","created_at","updated_at"]}
[2025-09-23 12:19:29] DEBUG: Record inserted {"table":"page_tags","insert_id":38,"data_keys":["page_id","tag_id","created_at","updated_at"]}
[2025-09-23 12:19:29] DEBUG: Record inserted {"table":"tags","insert_id":353,"data_keys":["name","slug","usage_count","created_at","updated_at"]}
[2025-09-23 12:19:29] DEBUG: Record inserted {"table":"page_tags","insert_id":39,"data_keys":["page_id","tag_id","created_at","updated_at"]}
[2025-09-23 12:19:56] INFO: Database connection established {"driver":"mysql","host":"db","database":"block_cms","connection_time":"1.56ms"}
[2025-09-23 12:19:56] DEBUG: Database transaction started
[2025-09-23 12:19:56] DEBUG: Records updated {"table":"pages","affected_rows":1,"where_conditions":["id"]}
[2025-09-23 12:19:56] DEBUG: Records updated {"table":"page_metadata","affected_rows":1,"where_conditions":["id"]}
[2025-09-23 12:19:56] DEBUG: Records updated {"table":"page_seo","affected_rows":1,"where_conditions":["id"]}
[2025-09-23 12:19:56] DEBUG: Records updated {"table":"page_settings","affected_rows":1,"where_conditions":["id"]}
[2025-09-23 12:19:56] DEBUG: Records deleted {"table":"page_access_roles","affected_rows":1,"where_conditions":["page_id"]}
[2025-09-23 12:19:56] DEBUG: Record inserted {"table":"page_access_roles","insert_id":14,"data_keys":["page_id","role","created_at","updated_at"]}
[2025-09-23 12:19:56] DEBUG: Records updated {"table":"page_social","affected_rows":1,"where_conditions":["id"]}
[2025-09-23 12:19:56] DEBUG: Records deleted {"table":"page_categories","affected_rows":3,"where_conditions":["page_id"]}
[2025-09-23 12:19:56] DEBUG: Record inserted {"table":"categories","insert_id":412,"data_keys":["name","slug","is_active","created_at","updated_at"]}
[2025-09-23 12:19:56] DEBUG: Record inserted {"table":"page_categories","insert_id":40,"data_keys":["page_id","category_id","created_at","updated_at"]}
[2025-09-23 12:19:56] DEBUG: Record inserted {"table":"categories","insert_id":413,"data_keys":["name","slug","is_active","created_at","updated_at"]}
[2025-09-23 12:19:56] DEBUG: Record inserted {"table":"page_categories","insert_id":41,"data_keys":["page_id","category_id","created_at","updated_at"]}
[2025-09-23 12:19:56] DEBUG: Record inserted {"table":"categories","insert_id":414,"data_keys":["name","slug","is_active","created_at","updated_at"]}
[2025-09-23 12:19:56] DEBUG: Record inserted {"table":"page_categories","insert_id":42,"data_keys":["page_id","category_id","created_at","updated_at"]}
[2025-09-23 12:19:56] DEBUG: Records deleted {"table":"page_tags","affected_rows":3,"where_conditions":["page_id"]}
[2025-09-23 12:19:56] DEBUG: Records updated {"table":"tags","affected_rows":1,"where_conditions":["id"]}
[2025-09-23 12:19:56] DEBUG: Records updated {"table":"tags","affected_rows":1,"where_conditions":["id"]}
[2025-09-23 12:19:56] DEBUG: Records updated {"table":"tags","affected_rows":1,"where_conditions":["id"]}
[2025-09-23 12:19:56] DEBUG: Record inserted {"table":"tags","insert_id":354,"data_keys":["name","slug","usage_count","created_at","updated_at"]}
[2025-09-23 12:19:56] DEBUG: Record inserted {"table":"page_tags","insert_id":40,"data_keys":["page_id","tag_id","created_at","updated_at"]}
[2025-09-23 12:19:56] DEBUG: Record inserted {"table":"tags","insert_id":355,"data_keys":["name","slug","usage_count","created_at","updated_at"]}
[2025-09-23 12:19:56] DEBUG: Record inserted {"table":"page_tags","insert_id":41,"data_keys":["page_id","tag_id","created_at","updated_at"]}
[2025-09-23 12:19:56] DEBUG: Record inserted {"table":"tags","insert_id":356,"data_keys":["name","slug","usage_count","created_at","updated_at"]}
[2025-09-23 12:19:56] DEBUG: Record inserted {"table":"page_tags","insert_id":42,"data_keys":["page_id","tag_id","created_at","updated_at"]}
[2025-09-23 12:22:58] INFO: Database connection established {"driver":"mysql","host":"db","database":"block_cms","connection_time":"0.96ms"}
[2025-09-23 12:22:58] DEBUG: Database transaction started
[2025-09-23 12:22:58] DEBUG: Records updated {"table":"pages","affected_rows":1,"where_conditions":["id"]}
[2025-09-23 12:22:58] DEBUG: Records updated {"table":"page_metadata","affected_rows":1,"where_conditions":["id"]}
[2025-09-23 12:22:58] DEBUG: Records updated {"table":"page_seo","affected_rows":1,"where_conditions":["id"]}
[2025-09-23 12:22:58] DEBUG: Records updated {"table":"page_settings","affected_rows":1,"where_conditions":["id"]}
[2025-09-23 12:22:58] DEBUG: Records deleted {"table":"page_access_roles","affected_rows":1,"where_conditions":["page_id"]}
[2025-09-23 12:22:58] DEBUG: Record inserted {"table":"page_access_roles","insert_id":15,"data_keys":["page_id","role","created_at","updated_at"]}
[2025-09-23 12:22:58] DEBUG: Records updated {"table":"page_social","affected_rows":1,"where_conditions":["id"]}
[2025-09-23 12:22:58] DEBUG: Records deleted {"table":"page_categories","affected_rows":3,"where_conditions":["page_id"]}
[2025-09-23 12:22:59] DEBUG: Record inserted {"table":"categories","insert_id":415,"data_keys":["name","slug","is_active","created_at","updated_at"]}
[2025-09-23 12:22:59] DEBUG: Record inserted {"table":"page_categories","insert_id":43,"data_keys":["page_id","category_id","created_at","updated_at"]}
[2025-09-23 12:22:59] DEBUG: Record inserted {"table":"categories","insert_id":416,"data_keys":["name","slug","is_active","created_at","updated_at"]}
[2025-09-23 12:22:59] DEBUG: Record inserted {"table":"page_categories","insert_id":44,"data_keys":["page_id","category_id","created_at","updated_at"]}
[2025-09-23 12:22:59] DEBUG: Record inserted {"table":"categories","insert_id":417,"data_keys":["name","slug","is_active","created_at","updated_at"]}
[2025-09-23 12:22:59] DEBUG: Record inserted {"table":"page_categories","insert_id":45,"data_keys":["page_id","category_id","created_at","updated_at"]}
[2025-09-23 12:22:59] DEBUG: Records deleted {"table":"page_tags","affected_rows":3,"where_conditions":["page_id"]}
[2025-09-23 12:22:59] DEBUG: Records updated {"table":"tags","affected_rows":1,"where_conditions":["id"]}
[2025-09-23 12:22:59] DEBUG: Records updated {"table":"tags","affected_rows":1,"where_conditions":["id"]}
[2025-09-23 12:22:59] DEBUG: Records updated {"table":"tags","affected_rows":1,"where_conditions":["id"]}
[2025-09-23 12:22:59] DEBUG: Record inserted {"table":"tags","insert_id":357,"data_keys":["name","slug","usage_count","created_at","updated_at"]}
[2025-09-23 12:22:59] DEBUG: Record inserted {"table":"page_tags","insert_id":43,"data_keys":["page_id","tag_id","created_at","updated_at"]}
[2025-09-23 12:22:59] DEBUG: Record inserted {"table":"tags","insert_id":358,"data_keys":["name","slug","usage_count","created_at","updated_at"]}
[2025-09-23 12:22:59] DEBUG: Record inserted {"table":"page_tags","insert_id":44,"data_keys":["page_id","tag_id","created_at","updated_at"]}
[2025-09-23 12:22:59] DEBUG: Record inserted {"table":"tags","insert_id":359,"data_keys":["name","slug","usage_count","created_at","updated_at"]}
[2025-09-23 12:22:59] DEBUG: Record inserted {"table":"page_tags","insert_id":45,"data_keys":["page_id","tag_id","created_at","updated_at"]}
[2025-09-23 12:23:08] INFO: Database connection established {"driver":"mysql","host":"db","database":"block_cms","connection_time":"1.05ms"}
[2025-09-23 12:23:08] DEBUG: Database transaction started
[2025-09-23 12:23:08] DEBUG: Records updated {"table":"pages","affected_rows":1,"where_conditions":["id"]}
[2025-09-23 12:23:08] DEBUG: Records updated {"table":"page_metadata","affected_rows":1,"where_conditions":["id"]}
[2025-09-23 12:23:08] DEBUG: Records updated {"table":"page_seo","affected_rows":1,"where_conditions":["id"]}
[2025-09-23 12:23:08] DEBUG: Records updated {"table":"page_settings","affected_rows":1,"where_conditions":["id"]}
[2025-09-23 12:23:08] DEBUG: Records deleted {"table":"page_access_roles","affected_rows":1,"where_conditions":["page_id"]}
[2025-09-23 12:23:08] DEBUG: Record inserted {"table":"page_access_roles","insert_id":16,"data_keys":["page_id","role","created_at","updated_at"]}
[2025-09-23 12:23:08] DEBUG: Records updated {"table":"page_social","affected_rows":1,"where_conditions":["id"]}
[2025-09-23 12:23:08] DEBUG: Records deleted {"table":"page_categories","affected_rows":3,"where_conditions":["page_id"]}
[2025-09-23 12:23:08] DEBUG: Record inserted {"table":"categories","insert_id":418,"data_keys":["name","slug","is_active","created_at","updated_at"]}
[2025-09-23 12:23:08] DEBUG: Record inserted {"table":"page_categories","insert_id":46,"data_keys":["page_id","category_id","created_at","updated_at"]}
[2025-09-23 12:23:08] DEBUG: Record inserted {"table":"categories","insert_id":419,"data_keys":["name","slug","is_active","created_at","updated_at"]}
[2025-09-23 12:23:08] DEBUG: Record inserted {"table":"page_categories","insert_id":47,"data_keys":["page_id","category_id","created_at","updated_at"]}
[2025-09-23 12:23:08] DEBUG: Record inserted {"table":"categories","insert_id":420,"data_keys":["name","slug","is_active","created_at","updated_at"]}
[2025-09-23 12:23:08] DEBUG: Record inserted {"table":"page_categories","insert_id":48,"data_keys":["page_id","category_id","created_at","updated_at"]}
[2025-09-23 12:23:08] DEBUG: Records deleted {"table":"page_tags","affected_rows":3,"where_conditions":["page_id"]}
[2025-09-23 12:23:08] DEBUG: Records updated {"table":"tags","affected_rows":1,"where_conditions":["id"]}
[2025-09-23 12:23:08] DEBUG: Records updated {"table":"tags","affected_rows":1,"where_conditions":["id"]}
[2025-09-23 12:23:08] DEBUG: Records updated {"table":"tags","affected_rows":1,"where_conditions":["id"]}
[2025-09-23 12:23:08] DEBUG: Record inserted {"table":"tags","insert_id":360,"data_keys":["name","slug","usage_count","created_at","updated_at"]}
[2025-09-23 12:23:08] DEBUG: Record inserted {"table":"page_tags","insert_id":46,"data_keys":["page_id","tag_id","created_at","updated_at"]}
[2025-09-23 12:23:08] DEBUG: Record inserted {"table":"tags","insert_id":361,"data_keys":["name","slug","usage_count","created_at","updated_at"]}
[2025-09-23 12:23:08] DEBUG: Record inserted {"table":"page_tags","insert_id":47,"data_keys":["page_id","tag_id","created_at","updated_at"]}
[2025-09-23 12:23:08] DEBUG: Record inserted {"table":"tags","insert_id":362,"data_keys":["name","slug","usage_count","created_at","updated_at"]}
[2025-09-23 12:23:08] DEBUG: Record inserted {"table":"page_tags","insert_id":48,"data_keys":["page_id","tag_id","created_at","updated_at"]}
[2025-09-23 12:24:55] INFO: Database connection established {"driver":"mysql","host":"db","database":"block_cms","connection_time":"0.88ms"}
[2025-09-23 12:24:55] DEBUG: Database transaction started
[2025-09-23 12:24:55] DEBUG: Records updated {"table":"pages","affected_rows":1,"where_conditions":["id"]}
[2025-09-23 12:24:55] DEBUG: Records updated {"table":"page_metadata","affected_rows":1,"where_conditions":["id"]}
[2025-09-23 12:24:55] DEBUG: Records updated {"table":"page_seo","affected_rows":1,"where_conditions":["id"]}
[2025-09-23 12:24:55] DEBUG: Records updated {"table":"page_settings","affected_rows":1,"where_conditions":["id"]}
[2025-09-23 12:24:55] DEBUG: Records deleted {"table":"page_access_roles","affected_rows":1,"where_conditions":["page_id"]}
[2025-09-23 12:24:55] DEBUG: Record inserted {"table":"page_access_roles","insert_id":17,"data_keys":["page_id","role","created_at","updated_at"]}
[2025-09-23 12:24:55] DEBUG: Records updated {"table":"page_social","affected_rows":1,"where_conditions":["id"]}
[2025-09-23 12:24:55] DEBUG: Records deleted {"table":"page_categories","affected_rows":3,"where_conditions":["page_id"]}
[2025-09-23 12:24:55] DEBUG: Record inserted {"table":"categories","insert_id":421,"data_keys":["name","slug","is_active","created_at","updated_at"]}
[2025-09-23 12:24:55] DEBUG: Record inserted {"table":"page_categories","insert_id":49,"data_keys":["page_id","category_id","created_at","updated_at"]}
[2025-09-23 12:24:55] DEBUG: Record inserted {"table":"categories","insert_id":422,"data_keys":["name","slug","is_active","created_at","updated_at"]}
[2025-09-23 12:24:55] DEBUG: Record inserted {"table":"page_categories","insert_id":50,"data_keys":["page_id","category_id","created_at","updated_at"]}
[2025-09-23 12:24:55] DEBUG: Record inserted {"table":"categories","insert_id":423,"data_keys":["name","slug","is_active","created_at","updated_at"]}
[2025-09-23 12:24:55] DEBUG: Record inserted {"table":"page_categories","insert_id":51,"data_keys":["page_id","category_id","created_at","updated_at"]}
[2025-09-23 12:24:55] DEBUG: Records deleted {"table":"page_tags","affected_rows":3,"where_conditions":["page_id"]}
[2025-09-23 12:24:55] DEBUG: Records updated {"table":"tags","affected_rows":1,"where_conditions":["id"]}
[2025-09-23 12:24:55] DEBUG: Records updated {"table":"tags","affected_rows":1,"where_conditions":["id"]}
[2025-09-23 12:24:55] DEBUG: Records updated {"table":"tags","affected_rows":1,"where_conditions":["id"]}
[2025-09-23 12:24:55] DEBUG: Record inserted {"table":"tags","insert_id":363,"data_keys":["name","slug","usage_count","created_at","updated_at"]}
[2025-09-23 12:24:55] DEBUG: Record inserted {"table":"page_tags","insert_id":49,"data_keys":["page_id","tag_id","created_at","updated_at"]}
[2025-09-23 12:24:55] DEBUG: Record inserted {"table":"tags","insert_id":364,"data_keys":["name","slug","usage_count","created_at","updated_at"]}
[2025-09-23 12:24:55] DEBUG: Record inserted {"table":"page_tags","insert_id":50,"data_keys":["page_id","tag_id","created_at","updated_at"]}
[2025-09-23 12:24:55] DEBUG: Record inserted {"table":"tags","insert_id":365,"data_keys":["name","slug","usage_count","created_at","updated_at"]}
[2025-09-23 12:24:55] DEBUG: Record inserted {"table":"page_tags","insert_id":51,"data_keys":["page_id","tag_id","created_at","updated_at"]}
[2025-09-23 12:25:43] INFO: Database connection established {"driver":"mysql","host":"db","database":"block_cms","connection_time":"1.16ms"}
[2025-09-23 12:25:43] DEBUG: Database transaction started
[2025-09-23 12:25:43] DEBUG: Records updated {"table":"pages","affected_rows":1,"where_conditions":["id"]}
[2025-09-23 12:25:43] DEBUG: Records updated {"table":"page_metadata","affected_rows":1,"where_conditions":["id"]}
[2025-09-23 12:25:43] DEBUG: Records updated {"table":"page_seo","affected_rows":1,"where_conditions":["id"]}
[2025-09-23 12:25:43] DEBUG: Records updated {"table":"page_settings","affected_rows":1,"where_conditions":["id"]}
[2025-09-23 12:25:43] DEBUG: Records deleted {"table":"page_access_roles","affected_rows":1,"where_conditions":["page_id"]}
[2025-09-23 12:25:43] DEBUG: Record inserted {"table":"page_access_roles","insert_id":18,"data_keys":["page_id","role","created_at","updated_at"]}
[2025-09-23 12:25:43] DEBUG: Records updated {"table":"page_social","affected_rows":1,"where_conditions":["id"]}
[2025-09-23 12:25:43] DEBUG: Records deleted {"table":"page_categories","affected_rows":3,"where_conditions":["page_id"]}
[2025-09-23 12:25:43] DEBUG: Record inserted {"table":"categories","insert_id":424,"data_keys":["name","slug","is_active","created_at","updated_at"]}
[2025-09-23 12:25:43] DEBUG: Record inserted {"table":"page_categories","insert_id":52,"data_keys":["page_id","category_id","created_at","updated_at"]}
[2025-09-23 12:25:43] DEBUG: Record inserted {"table":"categories","insert_id":425,"data_keys":["name","slug","is_active","created_at","updated_at"]}
[2025-09-23 12:25:43] DEBUG: Record inserted {"table":"page_categories","insert_id":53,"data_keys":["page_id","category_id","created_at","updated_at"]}
[2025-09-23 12:25:43] DEBUG: Record inserted {"table":"categories","insert_id":426,"data_keys":["name","slug","is_active","created_at","updated_at"]}
[2025-09-23 12:25:43] DEBUG: Record inserted {"table":"page_categories","insert_id":54,"data_keys":["page_id","category_id","created_at","updated_at"]}
[2025-09-23 12:25:43] DEBUG: Records deleted {"table":"page_tags","affected_rows":3,"where_conditions":["page_id"]}
[2025-09-23 12:25:43] DEBUG: Records updated {"table":"tags","affected_rows":1,"where_conditions":["id"]}
[2025-09-23 12:25:43] DEBUG: Records updated {"table":"tags","affected_rows":1,"where_conditions":["id"]}
[2025-09-23 12:25:43] DEBUG: Records updated {"table":"tags","affected_rows":1,"where_conditions":["id"]}
[2025-09-23 12:25:43] DEBUG: Record inserted {"table":"tags","insert_id":366,"data_keys":["name","slug","usage_count","created_at","updated_at"]}
[2025-09-23 12:25:43] DEBUG: Record inserted {"table":"page_tags","insert_id":52,"data_keys":["page_id","tag_id","created_at","updated_at"]}
[2025-09-23 12:25:43] DEBUG: Record inserted {"table":"tags","insert_id":367,"data_keys":["name","slug","usage_count","created_at","updated_at"]}
[2025-09-23 12:25:43] DEBUG: Record inserted {"table":"page_tags","insert_id":53,"data_keys":["page_id","tag_id","created_at","updated_at"]}
[2025-09-23 12:25:43] DEBUG: Record inserted {"table":"tags","insert_id":368,"data_keys":["name","slug","usage_count","created_at","updated_at"]}
[2025-09-23 12:25:43] DEBUG: Record inserted {"table":"page_tags","insert_id":54,"data_keys":["page_id","tag_id","created_at","updated_at"]}
[2025-09-23 12:26:57] INFO: Database connection established {"driver":"mysql","host":"db","database":"block_cms","connection_time":"0.99ms"}
[2025-09-23 12:26:57] DEBUG: Database transaction started
[2025-09-23 12:26:57] DEBUG: Records updated {"table":"pages","affected_rows":1,"where_conditions":["id"]}
[2025-09-23 12:26:57] DEBUG: Records updated {"table":"page_metadata","affected_rows":1,"where_conditions":["id"]}
[2025-09-23 12:26:57] DEBUG: Records updated {"table":"page_seo","affected_rows":1,"where_conditions":["id"]}
[2025-09-23 12:26:57] DEBUG: Records updated {"table":"page_settings","affected_rows":1,"where_conditions":["id"]}
[2025-09-23 12:26:57] DEBUG: Records deleted {"table":"page_access_roles","affected_rows":1,"where_conditions":["page_id"]}
[2025-09-23 12:26:57] DEBUG: Record inserted {"table":"page_access_roles","insert_id":19,"data_keys":["page_id","role","created_at","updated_at"]}
[2025-09-23 12:26:57] DEBUG: Records updated {"table":"page_social","affected_rows":1,"where_conditions":["id"]}
[2025-09-23 12:26:57] DEBUG: Records deleted {"table":"page_categories","affected_rows":3,"where_conditions":["page_id"]}
[2025-09-23 12:26:57] DEBUG: Record inserted {"table":"categories","insert_id":427,"data_keys":["name","slug","is_active","created_at","updated_at"]}
[2025-09-23 12:26:57] DEBUG: Record inserted {"table":"page_categories","insert_id":55,"data_keys":["page_id","category_id","created_at","updated_at"]}
[2025-09-23 12:26:57] DEBUG: Record inserted {"table":"categories","insert_id":428,"data_keys":["name","slug","is_active","created_at","updated_at"]}
[2025-09-23 12:26:57] DEBUG: Record inserted {"table":"page_categories","insert_id":56,"data_keys":["page_id","category_id","created_at","updated_at"]}
[2025-09-23 12:26:57] DEBUG: Record inserted {"table":"categories","insert_id":429,"data_keys":["name","slug","is_active","created_at","updated_at"]}
[2025-09-23 12:26:57] DEBUG: Record inserted {"table":"page_categories","insert_id":57,"data_keys":["page_id","category_id","created_at","updated_at"]}
[2025-09-23 12:26:57] DEBUG: Records deleted {"table":"page_tags","affected_rows":3,"where_conditions":["page_id"]}
[2025-09-23 12:26:57] DEBUG: Records updated {"table":"tags","affected_rows":1,"where_conditions":["id"]}
[2025-09-23 12:26:57] DEBUG: Records updated {"table":"tags","affected_rows":1,"where_conditions":["id"]}
[2025-09-23 12:26:57] DEBUG: Records updated {"table":"tags","affected_rows":1,"where_conditions":["id"]}
[2025-09-23 12:26:57] DEBUG: Record inserted {"table":"tags","insert_id":369,"data_keys":["name","slug","usage_count","created_at","updated_at"]}
[2025-09-23 12:26:57] DEBUG: Record inserted {"table":"page_tags","insert_id":55,"data_keys":["page_id","tag_id","created_at","updated_at"]}
[2025-09-23 12:26:57] DEBUG: Record inserted {"table":"tags","insert_id":370,"data_keys":["name","slug","usage_count","created_at","updated_at"]}
[2025-09-23 12:26:57] DEBUG: Record inserted {"table":"page_tags","insert_id":56,"data_keys":["page_id","tag_id","created_at","updated_at"]}
[2025-09-23 12:26:57] DEBUG: Record inserted {"table":"tags","insert_id":371,"data_keys":["name","slug","usage_count","created_at","updated_at"]}
[2025-09-23 12:26:57] DEBUG: Record inserted {"table":"page_tags","insert_id":57,"data_keys":["page_id","tag_id","created_at","updated_at"]}
[2025-09-23 12:27:38] INFO: Database connection established {"driver":"mysql","host":"db","database":"block_cms","connection_time":"1.12ms"}
[2025-09-23 12:27:38] DEBUG: Database transaction started
[2025-09-23 12:27:38] DEBUG: Records updated {"table":"pages","affected_rows":1,"where_conditions":["id"]}
[2025-09-23 12:27:38] DEBUG: Records updated {"table":"page_metadata","affected_rows":1,"where_conditions":["id"]}
[2025-09-23 12:27:38] DEBUG: Records updated {"table":"page_seo","affected_rows":1,"where_conditions":["id"]}
[2025-09-23 12:27:38] DEBUG: Records updated {"table":"page_settings","affected_rows":1,"where_conditions":["id"]}
[2025-09-23 12:27:38] DEBUG: Records deleted {"table":"page_access_roles","affected_rows":1,"where_conditions":["page_id"]}
[2025-09-23 12:27:38] DEBUG: Record inserted {"table":"page_access_roles","insert_id":20,"data_keys":["page_id","role","created_at","updated_at"]}
[2025-09-23 12:27:38] DEBUG: Records updated {"table":"page_social","affected_rows":1,"where_conditions":["id"]}
[2025-09-23 12:27:38] DEBUG: Records deleted {"table":"page_categories","affected_rows":3,"where_conditions":["page_id"]}
[2025-09-23 12:27:38] DEBUG: Record inserted {"table":"categories","insert_id":430,"data_keys":["name","slug","is_active","created_at","updated_at"]}
[2025-09-23 12:27:38] DEBUG: Record inserted {"table":"page_categories","insert_id":58,"data_keys":["page_id","category_id","created_at","updated_at"]}
[2025-09-23 12:27:38] DEBUG: Record inserted {"table":"categories","insert_id":431,"data_keys":["name","slug","is_active","created_at","updated_at"]}
[2025-09-23 12:27:38] DEBUG: Record inserted {"table":"page_categories","insert_id":59,"data_keys":["page_id","category_id","created_at","updated_at"]}
[2025-09-23 12:27:38] DEBUG: Record inserted {"table":"categories","insert_id":432,"data_keys":["name","slug","is_active","created_at","updated_at"]}
[2025-09-23 12:27:38] DEBUG: Record inserted {"table":"page_categories","insert_id":60,"data_keys":["page_id","category_id","created_at","updated_at"]}
[2025-09-23 12:27:38] DEBUG: Records deleted {"table":"page_tags","affected_rows":3,"where_conditions":["page_id"]}
[2025-09-23 12:27:38] DEBUG: Records updated {"table":"tags","affected_rows":1,"where_conditions":["id"]}
[2025-09-23 12:27:38] DEBUG: Records updated {"table":"tags","affected_rows":1,"where_conditions":["id"]}
[2025-09-23 12:27:38] DEBUG: Records updated {"table":"tags","affected_rows":1,"where_conditions":["id"]}
[2025-09-23 12:27:38] DEBUG: Record inserted {"table":"tags","insert_id":372,"data_keys":["name","slug","usage_count","created_at","updated_at"]}
[2025-09-23 12:27:38] DEBUG: Record inserted {"table":"page_tags","insert_id":58,"data_keys":["page_id","tag_id","created_at","updated_at"]}
[2025-09-23 12:27:38] DEBUG: Record inserted {"table":"tags","insert_id":373,"data_keys":["name","slug","usage_count","created_at","updated_at"]}
[2025-09-23 12:27:38] DEBUG: Record inserted {"table":"page_tags","insert_id":59,"data_keys":["page_id","tag_id","created_at","updated_at"]}
[2025-09-23 12:27:38] DEBUG: Record inserted {"table":"tags","insert_id":374,"data_keys":["name","slug","usage_count","created_at","updated_at"]}
[2025-09-23 12:27:38] DEBUG: Record inserted {"table":"page_tags","insert_id":60,"data_keys":["page_id","tag_id","created_at","updated_at"]}
[2025-09-23 12:28:19] INFO: Database connection established {"driver":"mysql","host":"db","database":"block_cms","connection_time":"1.26ms"}
[2025-09-23 12:28:19] DEBUG: Database transaction started
[2025-09-23 12:28:19] DEBUG: Records updated {"table":"pages","affected_rows":1,"where_conditions":["id"]}
[2025-09-23 12:28:19] DEBUG: Records updated {"table":"page_metadata","affected_rows":1,"where_conditions":["id"]}
[2025-09-23 12:28:19] DEBUG: Records updated {"table":"page_seo","affected_rows":1,"where_conditions":["id"]}
[2025-09-23 12:28:19] DEBUG: Records updated {"table":"page_settings","affected_rows":1,"where_conditions":["id"]}
[2025-09-23 12:28:19] DEBUG: Records deleted {"table":"page_access_roles","affected_rows":1,"where_conditions":["page_id"]}
[2025-09-23 12:28:19] DEBUG: Record inserted {"table":"page_access_roles","insert_id":21,"data_keys":["page_id","role","created_at","updated_at"]}
[2025-09-23 12:28:19] DEBUG: Records updated {"table":"page_social","affected_rows":1,"where_conditions":["id"]}
[2025-09-23 12:28:19] DEBUG: Records deleted {"table":"page_categories","affected_rows":3,"where_conditions":["page_id"]}
[2025-09-23 12:28:19] DEBUG: Record inserted {"table":"categories","insert_id":433,"data_keys":["name","slug","is_active","created_at","updated_at"]}
[2025-09-23 12:28:19] DEBUG: Record inserted {"table":"page_categories","insert_id":61,"data_keys":["page_id","category_id","created_at","updated_at"]}
[2025-09-23 12:28:19] DEBUG: Record inserted {"table":"categories","insert_id":434,"data_keys":["name","slug","is_active","created_at","updated_at"]}
[2025-09-23 12:28:19] DEBUG: Record inserted {"table":"page_categories","insert_id":62,"data_keys":["page_id","category_id","created_at","updated_at"]}
[2025-09-23 12:28:19] DEBUG: Record inserted {"table":"categories","insert_id":435,"data_keys":["name","slug","is_active","created_at","updated_at"]}
[2025-09-23 12:28:19] DEBUG: Record inserted {"table":"page_categories","insert_id":63,"data_keys":["page_id","category_id","created_at","updated_at"]}
[2025-09-23 12:28:19] DEBUG: Records deleted {"table":"page_tags","affected_rows":3,"where_conditions":["page_id"]}
[2025-09-23 12:28:19] DEBUG: Records updated {"table":"tags","affected_rows":1,"where_conditions":["id"]}
[2025-09-23 12:28:19] DEBUG: Records updated {"table":"tags","affected_rows":1,"where_conditions":["id"]}
[2025-09-23 12:28:19] DEBUG: Records updated {"table":"tags","affected_rows":1,"where_conditions":["id"]}
[2025-09-23 12:28:19] DEBUG: Record inserted {"table":"tags","insert_id":375,"data_keys":["name","slug","usage_count","created_at","updated_at"]}
[2025-09-23 12:28:19] DEBUG: Record inserted {"table":"page_tags","insert_id":61,"data_keys":["page_id","tag_id","created_at","updated_at"]}
[2025-09-23 12:28:19] DEBUG: Record inserted {"table":"tags","insert_id":376,"data_keys":["name","slug","usage_count","created_at","updated_at"]}
[2025-09-23 12:28:19] DEBUG: Record inserted {"table":"page_tags","insert_id":62,"data_keys":["page_id","tag_id","created_at","updated_at"]}
[2025-09-23 12:28:19] DEBUG: Record inserted {"table":"tags","insert_id":377,"data_keys":["name","slug","usage_count","created_at","updated_at"]}
[2025-09-23 12:28:19] DEBUG: Record inserted {"table":"page_tags","insert_id":63,"data_keys":["page_id","tag_id","created_at","updated_at"]}
[2025-09-23 12:32:06] INFO: Database connection established {"driver":"mysql","host":"db","database":"block_cms","connection_time":"1.05ms"}
[2025-09-23 12:32:06] DEBUG: Database transaction started
[2025-09-23 12:32:06] DEBUG: Records updated {"table":"pages","affected_rows":1,"where_conditions":["id"]}
[2025-09-23 12:32:06] DEBUG: Records updated {"table":"page_metadata","affected_rows":1,"where_conditions":["id"]}
[2025-09-23 12:32:06] DEBUG: Records updated {"table":"page_seo","affected_rows":1,"where_conditions":["id"]}
[2025-09-23 12:32:06] DEBUG: Records updated {"table":"page_settings","affected_rows":1,"where_conditions":["id"]}
[2025-09-23 12:32:06] DEBUG: Records deleted {"table":"page_access_roles","affected_rows":1,"where_conditions":["page_id"]}
[2025-09-23 12:32:06] DEBUG: Record inserted {"table":"page_access_roles","insert_id":22,"data_keys":["page_id","role","created_at","updated_at"]}
[2025-09-23 12:32:06] DEBUG: Records updated {"table":"page_social","affected_rows":1,"where_conditions":["id"]}
[2025-09-23 12:32:06] DEBUG: Records deleted {"table":"page_categories","affected_rows":3,"where_conditions":["page_id"]}
[2025-09-23 12:32:06] DEBUG: Record inserted {"table":"categories","insert_id":436,"data_keys":["name","slug","is_active","created_at","updated_at"]}
[2025-09-23 12:32:06] DEBUG: Record inserted {"table":"page_categories","insert_id":64,"data_keys":["page_id","category_id","created_at","updated_at"]}
[2025-09-23 12:32:06] DEBUG: Record inserted {"table":"categories","insert_id":437,"data_keys":["name","slug","is_active","created_at","updated_at"]}
[2025-09-23 12:32:06] DEBUG: Record inserted {"table":"page_categories","insert_id":65,"data_keys":["page_id","category_id","created_at","updated_at"]}
[2025-09-23 12:32:06] DEBUG: Record inserted {"table":"categories","insert_id":438,"data_keys":["name","slug","is_active","created_at","updated_at"]}
[2025-09-23 12:32:06] DEBUG: Record inserted {"table":"page_categories","insert_id":66,"data_keys":["page_id","category_id","created_at","updated_at"]}
[2025-09-23 12:32:06] DEBUG: Records deleted {"table":"page_tags","affected_rows":3,"where_conditions":["page_id"]}
[2025-09-23 12:32:06] DEBUG: Records updated {"table":"tags","affected_rows":1,"where_conditions":["id"]}
[2025-09-23 12:32:06] DEBUG: Records updated {"table":"tags","affected_rows":1,"where_conditions":["id"]}
[2025-09-23 12:32:06] DEBUG: Records updated {"table":"tags","affected_rows":1,"where_conditions":["id"]}
[2025-09-23 12:32:06] DEBUG: Record inserted {"table":"tags","insert_id":378,"data_keys":["name","slug","usage_count","created_at","updated_at"]}
[2025-09-23 12:32:06] DEBUG: Record inserted {"table":"page_tags","insert_id":64,"data_keys":["page_id","tag_id","created_at","updated_at"]}
[2025-09-23 12:32:06] DEBUG: Record inserted {"table":"tags","insert_id":379,"data_keys":["name","slug","usage_count","created_at","updated_at"]}
[2025-09-23 12:32:06] DEBUG: Record inserted {"table":"page_tags","insert_id":65,"data_keys":["page_id","tag_id","created_at","updated_at"]}
[2025-09-23 12:32:06] DEBUG: Record inserted {"table":"tags","insert_id":380,"data_keys":["name","slug","usage_count","created_at","updated_at"]}
[2025-09-23 12:32:06] DEBUG: Record inserted {"table":"page_tags","insert_id":66,"data_keys":["page_id","tag_id","created_at","updated_at"]}
[2025-09-23 12:32:06] DEBUG: Database savepoint created {"level":1}
[2025-09-23 12:32:06] DEBUG: Records deleted {"table":"blocks","affected_rows":21,"where_conditions":["page_id"]}
[2025-09-23 12:32:06] DEBUG: Database savepoint created {"level":2}
[2025-09-23 12:32:06] ERROR: Invalid block data structure {"block_type":"image","page_id":2}
[2025-09-23 12:32:06] DEBUG: Record inserted {"table":"blocks","insert_id":232,"data_keys":["page_id","type","data","order","created_at","updated_at"]}
[2025-09-23 12:32:06] DEBUG: Record inserted {"table":"blocks","insert_id":233,"data_keys":["page_id","type","data","order","created_at","updated_at"]}
[2025-09-23 12:32:06] ERROR: Invalid block data structure {"block_type":"text","page_id":2}
[2025-09-23 12:32:06] DEBUG: Record inserted {"table":"blocks","insert_id":234,"data_keys":["page_id","type","data","order","created_at","updated_at"]}
[2025-09-23 12:32:06] DEBUG: Record inserted {"table":"blocks","insert_id":235,"data_keys":["page_id","type","data","order","created_at","updated_at"]}
[2025-09-23 12:32:06] ERROR: Invalid block data structure {"block_type":"image","page_id":2}
[2025-09-23 12:32:06] DEBUG: Record inserted {"table":"blocks","insert_id":236,"data_keys":["page_id","type","data","order","created_at","updated_at"]}
[2025-09-23 12:32:06] DEBUG: Record inserted {"table":"blocks","insert_id":237,"data_keys":["page_id","type","data","order","created_at","updated_at"]}
[2025-09-23 12:32:06] DEBUG: Record inserted {"table":"blocks","insert_id":238,"data_keys":["page_id","type","data","order","created_at","updated_at"]}
[2025-09-23 12:32:06] DEBUG: Record inserted {"table":"blocks","insert_id":239,"data_keys":["page_id","type","data","order","created_at","updated_at"]}
[2025-09-23 12:32:06] DEBUG: Record inserted {"table":"blocks","insert_id":240,"data_keys":["page_id","type","data","order","created_at","updated_at"]}
[2025-09-23 12:32:06] DEBUG: Record inserted {"table":"blocks","insert_id":241,"data_keys":["page_id","type","data","order","created_at","updated_at"]}
[2025-09-23 12:32:06] DEBUG: Record inserted {"table":"blocks","insert_id":242,"data_keys":["page_id","type","data","order","created_at","updated_at"]}
[2025-09-23 12:32:06] DEBUG: Record inserted {"table":"blocks","insert_id":243,"data_keys":["page_id","type","data","order","created_at","updated_at"]}
[2025-09-23 12:32:06] DEBUG: Record inserted {"table":"blocks","insert_id":244,"data_keys":["page_id","type","data","order","created_at","updated_at"]}
[2025-09-23 12:32:06] DEBUG: Record inserted {"table":"blocks","insert_id":245,"data_keys":["page_id","type","data","order","created_at","updated_at"]}
[2025-09-23 12:32:06] DEBUG: Record inserted {"table":"blocks","insert_id":246,"data_keys":["page_id","type","data","order","created_at","updated_at"]}
[2025-09-23 12:32:06] DEBUG: Record inserted {"table":"blocks","insert_id":247,"data_keys":["page_id","type","data","order","created_at","updated_at"]}
[2025-09-23 12:32:06] DEBUG: Record inserted {"table":"blocks","insert_id":248,"data_keys":["page_id","type","data","order","created_at","updated_at"]}
[2025-09-23 12:32:06] DEBUG: Record inserted {"table":"blocks","insert_id":249,"data_keys":["page_id","type","data","order","created_at","updated_at"]}
[2025-09-23 12:32:06] DEBUG: Record inserted {"table":"blocks","insert_id":250,"data_keys":["page_id","type","data","order","created_at","updated_at"]}
[2025-09-23 12:32:06] DEBUG: Record inserted {"table":"blocks","insert_id":251,"data_keys":["page_id","type","data","order","created_at","updated_at"]}
[2025-09-23 12:32:06] DEBUG: Record inserted {"table":"blocks","insert_id":252,"data_keys":["page_id","type","data","order","created_at","updated_at"]}
[2025-09-23 12:32:06] DEBUG: Database savepoint released {"level":2}
[2025-09-23 12:32:06] DEBUG: Database savepoint released {"level":1}
[2025-09-23 12:32:06] DEBUG: Database transaction committed
[2025-09-23 12:35:47] INFO: Database connection established {"driver":"mysql","host":"db","database":"block_cms","connection_time":"1ms"}
[2025-09-23 12:35:47] DEBUG: Record inserted {"table":"categories","insert_id":439,"data_keys":["name","slug","is_active","created_at","updated_at"]}
[2025-09-23 12:36:31] INFO: Database connection established {"driver":"mysql","host":"db","database":"block_cms","connection_time":"1.32ms"}
[2025-09-23 12:36:37] INFO: Database connection established {"driver":"mysql","host":"db","database":"block_cms","connection_time":"1.04ms"}
[2025-09-23 12:36:37] DEBUG: Record inserted {"table":"categories","insert_id":440,"data_keys":["name","slug","is_active","created_at","updated_at"]}
[2025-09-23 12:36:57] INFO: Database connection established {"driver":"mysql","host":"db","database":"block_cms","connection_time":"1.28ms"}
[2025-09-23 12:37:29] INFO: Database connection established {"driver":"mysql","host":"db","database":"block_cms","connection_time":"0.73ms"}
[2025-09-23 12:37:51] INFO: Database connection established {"driver":"mysql","host":"db","database":"block_cms","connection_time":"0.84ms"}
[2025-09-23 12:38:49] INFO: Database connection established {"driver":"mysql","host":"db","database":"block_cms","connection_time":"1.04ms"}
[2025-09-23 12:39:45] INFO: Database connection established {"driver":"mysql","host":"db","database":"block_cms","connection_time":"1.44ms"}
[2025-09-23 12:39:59] INFO: Database connection established {"driver":"mysql","host":"db","database":"block_cms","connection_time":"0.84ms"}
[2025-09-23 12:40:36] INFO: Database connection established {"driver":"mysql","host":"db","database":"block_cms","connection_time":"0.88ms"}
[2025-09-23 12:44:01] INFO: Database connection established {"driver":"mysql","host":"db","database":"block_cms","connection_time":"1.07ms"}
[2025-09-23 12:45:08] INFO: Database connection established {"driver":"mysql","host":"db","database":"block_cms","connection_time":"1.84ms"}
[2025-09-23 12:45:28] INFO: Database connection established {"driver":"mysql","host":"db","database":"block_cms","connection_time":"2.35ms"}
[2025-09-23 12:45:45] INFO: Database connection established {"driver":"mysql","host":"db","database":"block_cms","connection_time":"1.69ms"}
[2025-09-23 12:46:43] INFO: Database connection established {"driver":"mysql","host":"db","database":"block_cms","connection_time":"1.74ms"}
[2025-09-23 12:47:01] INFO: Database connection established {"driver":"mysql","host":"db","database":"block_cms","connection_time":"1.24ms"}
[2025-09-23 12:47:22] INFO: Database connection established {"driver":"mysql","host":"db","database":"block_cms","connection_time":"2.53ms"}
[2025-09-23 12:47:52] INFO: Database connection established {"driver":"mysql","host":"db","database":"block_cms","connection_time":"0.58ms"}
[2025-09-23 12:48:35] INFO: Database connection established {"driver":"mysql","host":"db","database":"block_cms","connection_time":"1.26ms"}
[2025-09-23 12:49:30] INFO: Database connection established {"driver":"mysql","host":"db","database":"block_cms","connection_time":"0.99ms"}
[2025-09-23 12:49:42] INFO: Database connection established {"driver":"mysql","host":"db","database":"block_cms","connection_time":"1.41ms"}
[2025-09-23 12:49:59] INFO: Database connection established {"driver":"mysql","host":"db","database":"block_cms","connection_time":"1.04ms"}
[2025-09-23 12:50:01] INFO: Database connection established {"driver":"mysql","host":"db","database":"block_cms","connection_time":"1.97ms"}
[2025-09-23 12:50:11] INFO: Database connection established {"driver":"mysql","host":"db","database":"block_cms","connection_time":"1.03ms"}
[2025-09-23 12:55:03] INFO: Database connection established {"driver":"mysql","host":"db","database":"block_cms","connection_time":"1.44ms"}
[2025-09-23 12:55:34] INFO: Database connection established {"driver":"mysql","host":"db","database":"block_cms","connection_time":"0.84ms"}
[2025-09-23 12:55:38] INFO: Database connection established {"driver":"mysql","host":"db","database":"block_cms","connection_time":"1.07ms"}
[2025-09-23 12:55:38] DEBUG: Record inserted {"table":"categories","insert_id":441,"data_keys":["name","slug","is_active","created_at","updated_at"]}
[2025-09-23 12:56:47] INFO: Database connection established {"driver":"mysql","host":"db","database":"block_cms","connection_time":"2.36ms"}
[2025-09-23 13:04:58] INFO: Database connection established {"driver":"mysql","host":"db","database":"block_cms","connection_time":"0.93ms"}
[2025-09-23 13:05:05] INFO: Database connection established {"driver":"mysql","host":"db","database":"block_cms","connection_time":"1.9ms"}
[2025-09-23 13:05:40] INFO: Database connection established {"driver":"mysql","host":"db","database":"block_cms","connection_time":"0.76ms"}
[2025-09-23 13:06:18] INFO: Database connection established {"driver":"mysql","host":"db","database":"block_cms","connection_time":"1.56ms"}
[2025-09-23 13:06:37] INFO: Database connection established {"driver":"mysql","host":"db","database":"block_cms","connection_time":"1.81ms"}
[2025-09-23 13:08:47] INFO: Database connection established {"driver":"mysql","host":"db","database":"block_cms","connection_time":"1.16ms"}
[2025-09-23 13:12:07] INFO: Database connection established {"driver":"mysql","host":"db","database":"block_cms","connection_time":"0.89ms"}
[2025-09-23 13:12:25] INFO: Database connection established {"driver":"mysql","host":"db","database":"block_cms","connection_time":"1.25ms"}
[2025-09-23 13:12:38] INFO: Database connection established {"driver":"mysql","host":"db","database":"block_cms","connection_time":"1.13ms"}
[2025-09-23 13:12:40] INFO: Database connection established {"driver":"mysql","host":"db","database":"block_cms","connection_time":"1.08ms"}
[2025-09-23 13:12:49] INFO: Database connection established {"driver":"mysql","host":"db","database":"block_cms","connection_time":"1.69ms"}
[2025-09-23 13:13:15] INFO: Database connection established {"driver":"mysql","host":"db","database":"block_cms","connection_time":"0.76ms"}
[2025-09-23 13:13:55] INFO: Database connection established {"driver":"mysql","host":"db","database":"block_cms","connection_time":"1.18ms"}
[2025-09-23 13:14:53] INFO: Database connection established {"driver":"mysql","host":"db","database":"block_cms","connection_time":"1.57ms"}
[2025-09-23 13:15:18] INFO: Database connection established {"driver":"mysql","host":"db","database":"block_cms","connection_time":"0.96ms"}
[2025-09-23 13:16:00] INFO: Database connection established {"driver":"mysql","host":"db","database":"block_cms","connection_time":"1.82ms"}
[2025-09-23 13:16:13] INFO: Database connection established {"driver":"mysql","host":"db","database":"block_cms","connection_time":"0.77ms"}
[2025-09-23 13:17:19] INFO: Database connection established {"driver":"mysql","host":"db","database":"block_cms","connection_time":"1.12ms"}
[2025-09-23 13:17:50] INFO: Database connection established {"driver":"mysql","host":"db","database":"block_cms","connection_time":"0.93ms"}
[2025-09-23 13:20:10] INFO: Database connection established {"driver":"mysql","host":"db","database":"block_cms","connection_time":"0.8ms"}
[2025-09-23 13:20:28] INFO: Database connection established {"driver":"mysql","host":"db","database":"block_cms","connection_time":"1.03ms"}
[2025-09-23 13:20:54] INFO: Database connection established {"driver":"mysql","host":"db","database":"block_cms","connection_time":"0.87ms"}
[2025-09-23 13:21:07] INFO: Database connection established {"driver":"mysql","host":"db","database":"block_cms","connection_time":"1.59ms"}
[2025-09-23 13:21:50] INFO: Database connection established {"driver":"mysql","host":"db","database":"block_cms","connection_time":"1.7ms"}
[2025-09-23 13:25:30] INFO: Database connection established {"driver":"mysql","host":"db","database":"block_cms","connection_time":"1.28ms"}
[2025-09-23 13:25:47] INFO: Database connection established {"driver":"mysql","host":"db","database":"block_cms","connection_time":"0.78ms"}
[2025-09-23 13:25:56] INFO: Database connection established {"driver":"mysql","host":"db","database":"block_cms","connection_time":"1.54ms"}
[2025-09-23 13:26:27] INFO: Database connection established {"driver":"mysql","host":"db","database":"block_cms","connection_time":"1.78ms"}
[2025-09-23 13:27:54] INFO: Database connection established {"driver":"mysql","host":"db","database":"block_cms","connection_time":"1.41ms"}
[2025-09-23 13:30:25] INFO: Database connection established {"driver":"mysql","host":"db","database":"block_cms","connection_time":"1.24ms"}
[2025-09-23 13:30:45] INFO: Database connection established {"driver":"mysql","host":"db","database":"block_cms","connection_time":"1.15ms"}
[2025-09-23 13:33:22] INFO: Database connection established {"driver":"mysql","host":"db","database":"block_cms","connection_time":"1.01ms"}
[2025-09-23 13:34:22] INFO: Database connection established {"driver":"mysql","host":"db","database":"block_cms","connection_time":"1.59ms"}
[2025-09-23 13:36:28] INFO: Database connection established {"driver":"mysql","host":"db","database":"block_cms","connection_time":"1.7ms"}
[2025-09-23 13:37:08] INFO: Database connection established {"driver":"mysql","host":"db","database":"block_cms","connection_time":"1.4ms"}
[2025-09-23 13:37:18] INFO: Database connection established {"driver":"mysql","host":"db","database":"block_cms","connection_time":"1.61ms"}
[2025-09-23 13:37:20] INFO: Database connection established {"driver":"mysql","host":"db","database":"block_cms","connection_time":"1.13ms"}
[2025-09-23 13:37:45] INFO: Database connection established {"driver":"mysql","host":"db","database":"block_cms","connection_time":"1.02ms"}
[2025-09-23 14:51:40] INFO: Database connection established {"driver":"mysql","host":"db","database":"block_cms","connection_time":"0.89ms"}
[2025-09-23 15:23:24] INFO: Database connection established {"driver":"mysql","host":"db","database":"block_cms","connection_time":"1.71ms"}
[2025-09-23 15:23:56] INFO: Database connection established {"driver":"mysql","host":"db","database":"block_cms","connection_time":"1.72ms"}
[2025-09-23 15:26:46] INFO: Database connection established {"driver":"mysql","host":"db","database":"block_cms","connection_time":"2.54ms"}
[2025-09-23 15:29:04] INFO: Database connection established {"driver":"mysql","host":"db","database":"block_cms","connection_time":"1.96ms"}
[2025-09-23 15:29:31] INFO: Database connection established {"driver":"mysql","host":"db","database":"block_cms","connection_time":"1.99ms"}
[2025-09-23 15:29:58] INFO: Database connection established {"driver":"mysql","host":"db","database":"block_cms","connection_time":"1.63ms"}
[2025-09-23 15:30:25] INFO: Database connection established {"driver":"mysql","host":"db","database":"block_cms","connection_time":"1.77ms"}
[2025-09-23 15:30:47] INFO: Database connection established {"driver":"mysql","host":"db","database":"block_cms","connection_time":"1.76ms"}
[2025-09-23 15:32:26] INFO: Database connection established {"driver":"mysql","host":"db","database":"block_cms","connection_time":"1.54ms"}
[2025-09-23 15:32:37] INFO: Database connection established {"driver":"mysql","host":"db","database":"block_cms","connection_time":"1.64ms"}
[2025-09-23 15:32:58] INFO: Database connection established {"driver":"mysql","host":"db","database":"block_cms","connection_time":"1.67ms"}
[2025-09-23 15:33:29] INFO: Database connection established {"driver":"mysql","host":"db","database":"block_cms","connection_time":"1.81ms"}
[2025-09-23 15:33:52] INFO: Database connection established {"driver":"mysql","host":"db","database":"block_cms","connection_time":"2.29ms"}
[2025-09-23 15:34:31] INFO: Database connection established {"driver":"mysql","host":"db","database":"block_cms","connection_time":"1.61ms"}
[2025-09-23 15:34:34] INFO: Database connection established {"driver":"mysql","host":"db","database":"block_cms","connection_time":"1.75ms"}
[2025-09-23 15:36:28] INFO: Database connection established {"driver":"mysql","host":"db","database":"block_cms","connection_time":"1.9ms"}
[2025-09-23 15:36:28] INFO: Database connection established {"driver":"mysql","host":"db","database":"block_cms","connection_time":"1.77ms"}
[2025-09-23 15:36:28] INFO: Database connection established {"driver":"mysql","host":"db","database":"block_cms","connection_time":"1.9ms"}
[2025-09-23 15:36:28] INFO: Database connection established {"driver":"mysql","host":"db","database":"block_cms","connection_time":"1.6ms"}
[2025-09-23 15:36:29] INFO: Database connection established {"driver":"mysql","host":"db","database":"block_cms","connection_time":"1.87ms"}
[2025-09-23 15:36:29] INFO: Database connection established {"driver":"mysql","host":"db","database":"block_cms","connection_time":"1.81ms"}
[2025-09-23 15:38:00] INFO: Database connection established {"driver":"mysql","host":"db","database":"block_cms","connection_time":"0.91ms"}
[2025-09-23 15:38:24] INFO: Database connection established {"driver":"mysql","host":"db","database":"block_cms","connection_time":"1.58ms"}
[2025-09-23 15:38:57] INFO: Database connection established {"driver":"mysql","host":"db","database":"block_cms","connection_time":"1.5ms"}
[2025-09-23 15:39:15] INFO: Database connection established {"driver":"mysql","host":"db","database":"block_cms","connection_time":"1.05ms"}
[2025-09-23 15:41:04] INFO: Database connection established {"driver":"mysql","host":"db","database":"block_cms","connection_time":"1.64ms"}
[2025-09-23 15:41:25] INFO: Database connection established {"driver":"mysql","host":"db","database":"block_cms","connection_time":"1.01ms"}
[2025-09-23 15:42:03] INFO: Database connection established {"driver":"mysql","host":"db","database":"block_cms","connection_time":"1.9ms"}
[2025-09-23 15:43:16] INFO: Database connection established {"driver":"mysql","host":"db","database":"block_cms","connection_time":"1.6ms"}
[2025-09-23 15:43:29] INFO: Database connection established {"driver":"mysql","host":"db","database":"block_cms","connection_time":"0.91ms"}
[2025-09-23 15:43:29] INFO: Database connection established {"driver":"mysql","host":"db","database":"block_cms","connection_time":"1.62ms"}
[2025-09-23 15:43:30] INFO: Database connection established {"driver":"mysql","host":"db","database":"block_cms","connection_time":"0.8ms"}
[2025-09-23 15:43:30] INFO: Database connection established {"driver":"mysql","host":"db","database":"block_cms","connection_time":"1.33ms"}
[2025-09-23 15:44:22] INFO: Database connection established {"driver":"mysql","host":"db","database":"block_cms","connection_time":"1.55ms"}
[2025-09-23 15:46:29] INFO: Database connection established {"driver":"mysql","host":"db","database":"block_cms","connection_time":"1.31ms"}
[2025-09-23 15:46:29] INFO: Database connection established {"driver":"mysql","host":"db","database":"block_cms","connection_time":"0.57ms"}
[2025-09-23 15:46:36] INFO: Database connection established {"driver":"mysql","host":"db","database":"block_cms","connection_time":"0.94ms"}
[2025-09-23 15:54:29] INFO: Database connection established {"driver":"mysql","host":"db","database":"block_cms","connection_time":"1.82ms"}
[2025-09-23 15:54:30] INFO: Database connection established {"driver":"mysql","host":"db","database":"block_cms","connection_time":"1.08ms"}
[2025-09-23 15:54:48] INFO: Database connection established {"driver":"mysql","host":"db","database":"block_cms","connection_time":"1.96ms"}
[2025-09-23 15:54:51] INFO: Database connection established {"driver":"mysql","host":"db","database":"block_cms","connection_time":"3.45ms"}
[2025-09-23 15:55:24] INFO: Database connection established {"driver":"mysql","host":"db","database":"block_cms","connection_time":"1.61ms"}
[2025-09-23 15:55:24] INFO: Database connection established {"driver":"mysql","host":"db","database":"block_cms","connection_time":"1.67ms"}
[2025-09-23 15:55:25] INFO: Database connection established {"driver":"mysql","host":"db","database":"block_cms","connection_time":"1.12ms"}
[2025-09-23 15:55:25] INFO: Database connection established {"driver":"mysql","host":"db","database":"block_cms","connection_time":"1.46ms"}
[2025-09-23 15:55:31] INFO: Database connection established {"driver":"mysql","host":"db","database":"block_cms","connection_time":"1.71ms"}
[2025-09-23 15:55:31] INFO: Database connection established {"driver":"mysql","host":"db","database":"block_cms","connection_time":"1.78ms"}
[2025-09-23 15:55:31] INFO: Database connection established {"driver":"mysql","host":"db","database":"block_cms","connection_time":"2.91ms"}
[2025-09-23 15:55:32] INFO: Database connection established {"driver":"mysql","host":"db","database":"block_cms","connection_time":"1.13ms"}
[2025-09-23 15:55:32] INFO: Database connection established {"driver":"mysql","host":"db","database":"block_cms","connection_time":"2.1ms"}
[2025-09-23 15:56:01] INFO: Database connection established {"driver":"mysql","host":"db","database":"block_cms","connection_time":"0.98ms"}
[2025-09-23 15:56:02] INFO: Database connection established {"driver":"mysql","host":"db","database":"block_cms","connection_time":"1.67ms"}
[2025-09-23 15:56:02] INFO: Database connection established {"driver":"mysql","host":"db","database":"block_cms","connection_time":"1.16ms"}
[2025-09-23 15:56:02] INFO: Database connection established {"driver":"mysql","host":"db","database":"block_cms","connection_time":"1.15ms"}
[2025-09-23 15:56:02] INFO: Database connection established {"driver":"mysql","host":"db","database":"block_cms","connection_time":"1.03ms"}
[2025-09-23 15:56:12] INFO: Database connection established {"driver":"mysql","host":"db","database":"block_cms","connection_time":"1.67ms"}
[2025-09-23 15:57:21] INFO: Database connection established {"driver":"mysql","host":"db","database":"block_cms","connection_time":"1.36ms"}
[2025-09-23 15:57:30] INFO: Database connection established {"driver":"mysql","host":"db","database":"block_cms","connection_time":"1.63ms"}
[2025-09-23 15:57:34] INFO: Database connection established {"driver":"mysql","host":"db","database":"block_cms","connection_time":"2.45ms"}
[2025-09-23 16:02:49] INFO: Database connection established {"driver":"mysql","host":"db","database":"block_cms","connection_time":"1.36ms"}
[2025-09-23 16:02:50] INFO: Database connection established {"driver":"mysql","host":"db","database":"block_cms","connection_time":"0.99ms"}
[2025-09-23 16:04:06] INFO: Database connection established {"driver":"mysql","host":"db","database":"block_cms","connection_time":"1.61ms"}
[2025-09-23 16:04:44] INFO: Database connection established {"driver":"mysql","host":"db","database":"block_cms","connection_time":"1.69ms"}
[2025-09-23 16:05:10] INFO: Database connection established {"driver":"mysql","host":"db","database":"block_cms","connection_time":"0.9ms"}
[2025-09-23 16:06:24] INFO: Database connection established {"driver":"mysql","host":"db","database":"block_cms","connection_time":"2.31ms"}
[2025-09-23 16:24:24] INFO: Database connection established {"driver":"mysql","host":"db","database":"block_cms","connection_time":"1.86ms"}
[2025-09-23 16:24:26] INFO: Database connection established {"driver":"mysql","host":"db","database":"block_cms","connection_time":"1.5ms"}
[2025-09-23 16:26:13] INFO: Database connection established {"driver":"mysql","host":"db","database":"block_cms","connection_time":"1.72ms"}
[2025-09-23 16:28:15] INFO: Database connection established {"driver":"mysql","host":"db","database":"block_cms","connection_time":"1.13ms"}
[2025-09-23 16:28:22] INFO: Database connection established {"driver":"mysql","host":"db","database":"block_cms","connection_time":"1.6ms"}
[2025-09-23 16:28:44] INFO: Database connection established {"driver":"mysql","host":"db","database":"block_cms","connection_time":"2.08ms"}
[2025-09-23 16:28:47] INFO: Database connection established {"driver":"mysql","host":"db","database":"block_cms","connection_time":"1.43ms"}
[2025-09-23 16:28:51] INFO: Database connection established {"driver":"mysql","host":"db","database":"block_cms","connection_time":"1.23ms"}
[2025-09-23 16:29:13] INFO: Database connection established {"driver":"mysql","host":"db","database":"block_cms","connection_time":"2.01ms"}
[2025-09-23 16:30:02] INFO: Database connection established {"driver":"mysql","host":"db","database":"block_cms","connection_time":"1.38ms"}
[2025-09-23 16:33:28] INFO: Database connection established {"driver":"mysql","host":"db","database":"block_cms","connection_time":"2.43ms"}
[2025-09-23 16:33:53] INFO: Database connection established {"driver":"mysql","host":"db","database":"block_cms","connection_time":"1.85ms"}
[2025-09-23 16:34:16] INFO: Database connection established {"driver":"mysql","host":"db","database":"block_cms","connection_time":"1.87ms"}
[2025-09-23 16:34:54] INFO: Database connection established {"driver":"mysql","host":"db","database":"block_cms","connection_time":"1.42ms"}
[2025-09-23 16:35:59] INFO: Database connection established {"driver":"mysql","host":"db","database":"block_cms","connection_time":"1.05ms"}
[2025-09-23 16:36:23] INFO: Database connection established {"driver":"mysql","host":"db","database":"block_cms","connection_time":"1.98ms"}
[2025-09-23 16:36:33] INFO: Database connection established {"driver":"mysql","host":"db","database":"block_cms","connection_time":"1.74ms"}
[2025-09-23 16:36:58] INFO: Database connection established {"driver":"mysql","host":"db","database":"block_cms","connection_time":"1.68ms"}
[2025-09-23 16:44:38] INFO: Database connection established {"driver":"mysql","host":"db","database":"block_cms","connection_time":"1.94ms"}
[2025-09-23 16:50:14] INFO: Database connection established {"driver":"mysql","host":"db","database":"block_cms","connection_time":"0.92ms"}
