[2025-09-24 07:28:52] INFO: Database connection established {"driver":"mysql","host":"db","database":"block_cms","connection_time":"5.51ms"}
[2025-09-24 07:28:52] INFO: Database connection established {"driver":"mysql","host":"db","database":"block_cms","connection_time":"0.63ms"}
[2025-09-24 07:29:47] INFO: Database connection established {"driver":"mysql","host":"db","database":"block_cms","connection_time":"1.66ms"}
[2025-09-24 07:29:47] INFO: Database connection established {"driver":"mysql","host":"db","database":"block_cms","connection_time":"0.61ms"}
[2025-09-24 07:30:26] INFO: Database connection established {"driver":"mysql","host":"db","database":"block_cms","connection_time":"1.77ms"}
[2025-09-24 07:30:47] INFO: Database connection established {"driver":"mysql","host":"db","database":"block_cms","connection_time":"1.85ms"}
[2025-09-24 07:31:06] INFO: Database connection established {"driver":"mysql","host":"db","database":"block_cms","connection_time":"1.72ms"}
[2025-09-24 07:31:15] INFO: Database connection established {"driver":"mysql","host":"db","database":"block_cms","connection_time":"1.95ms"}
[2025-09-24 07:31:46] INFO: Database connection established {"driver":"mysql","host":"db","database":"block_cms","connection_time":"1.65ms"}
[2025-09-24 07:32:19] INFO: Database connection established {"driver":"mysql","host":"db","database":"block_cms","connection_time":"1.66ms"}
[2025-09-24 07:32:20] INFO: Database connection established {"driver":"mysql","host":"db","database":"block_cms","connection_time":"1.74ms"}
[2025-09-24 07:32:20] INFO: Database connection established {"driver":"mysql","host":"db","database":"block_cms","connection_time":"1.78ms"}
[2025-09-24 07:32:20] INFO: Database connection established {"driver":"mysql","host":"db","database":"block_cms","connection_time":"1.73ms"}
[2025-09-24 07:32:20] INFO: Database connection established {"driver":"mysql","host":"db","database":"block_cms","connection_time":"1.77ms"}
[2025-09-24 07:32:21] INFO: Database connection established {"driver":"mysql","host":"db","database":"block_cms","connection_time":"1.86ms"}
[2025-09-24 07:32:27] INFO: Database connection established {"driver":"mysql","host":"db","database":"block_cms","connection_time":"3.13ms"}
[2025-09-24 07:32:27] INFO: Database connection established {"driver":"mysql","host":"db","database":"block_cms","connection_time":"1.44ms"}
[2025-09-24 07:32:27] INFO: Database connection established {"driver":"mysql","host":"db","database":"block_cms","connection_time":"1.77ms"}
[2025-09-24 07:32:27] INFO: Database connection established {"driver":"mysql","host":"db","database":"block_cms","connection_time":"1.76ms"}
[2025-09-24 07:32:28] INFO: Database connection established {"driver":"mysql","host":"db","database":"block_cms","connection_time":"1.86ms"}
[2025-09-24 07:32:28] INFO: Database connection established {"driver":"mysql","host":"db","database":"block_cms","connection_time":"1.99ms"}
[2025-09-24 07:32:28] INFO: Database connection established {"driver":"mysql","host":"db","database":"block_cms","connection_time":"1.86ms"}
[2025-09-24 07:32:28] INFO: Database connection established {"driver":"mysql","host":"db","database":"block_cms","connection_time":"3.08ms"}
[2025-09-24 07:32:44] INFO: Database connection established {"driver":"mysql","host":"db","database":"block_cms","connection_time":"1.8ms"}
[2025-09-24 07:32:45] INFO: Database connection established {"driver":"mysql","host":"db","database":"block_cms","connection_time":"1.71ms"}
[2025-09-24 07:32:45] INFO: Database connection established {"driver":"mysql","host":"db","database":"block_cms","connection_time":"1.85ms"}
[2025-09-24 07:32:45] INFO: Database connection established {"driver":"mysql","host":"db","database":"block_cms","connection_time":"0.83ms"}
[2025-09-24 07:32:46] INFO: Database connection established {"driver":"mysql","host":"db","database":"block_cms","connection_time":"0.77ms"}
[2025-09-24 07:32:46] INFO: Database connection established {"driver":"mysql","host":"db","database":"block_cms","connection_time":"1.23ms"}
[2025-09-24 07:32:46] INFO: Database connection established {"driver":"mysql","host":"db","database":"block_cms","connection_time":"1.86ms"}
[2025-09-24 07:33:08] INFO: Database connection established {"driver":"mysql","host":"db","database":"block_cms","connection_time":"0.72ms"}
[2025-09-24 07:33:20] INFO: Database connection established {"driver":"mysql","host":"db","database":"block_cms","connection_time":"1.91ms"}
[2025-09-24 07:33:38] INFO: Database connection established {"driver":"mysql","host":"db","database":"block_cms","connection_time":"1.14ms"}
[2025-09-24 07:33:51] INFO: Database connection established {"driver":"mysql","host":"db","database":"block_cms","connection_time":"1.6ms"}
[2025-09-24 07:34:00] INFO: Database connection established {"driver":"mysql","host":"db","database":"block_cms","connection_time":"1.58ms"}
[2025-09-24 07:34:11] INFO: Database connection established {"driver":"mysql","host":"db","database":"block_cms","connection_time":"1.52ms"}
[2025-09-24 07:34:12] INFO: Database connection established {"driver":"mysql","host":"db","database":"block_cms","connection_time":"1.79ms"}
[2025-09-24 07:34:19] INFO: Database connection established {"driver":"mysql","host":"db","database":"block_cms","connection_time":"1.65ms"}
[2025-09-24 07:34:41] INFO: Database connection established {"driver":"mysql","host":"db","database":"block_cms","connection_time":"1.6ms"}
[2025-09-24 07:35:27] INFO: Database connection established {"driver":"mysql","host":"db","database":"block_cms","connection_time":"1.23ms"}
[2025-09-24 07:37:26] INFO: Database connection established {"driver":"mysql","host":"db","database":"block_cms","connection_time":"1.82ms"}
[2025-09-24 07:37:45] INFO: Database connection established {"driver":"mysql","host":"db","database":"block_cms","connection_time":"1.71ms"}
[2025-09-24 07:38:06] INFO: Database connection established {"driver":"mysql","host":"db","database":"block_cms","connection_time":"1.74ms"}
[2025-09-24 07:38:29] INFO: Database connection established {"driver":"mysql","host":"db","database":"block_cms","connection_time":"1.64ms"}
[2025-09-24 07:38:47] INFO: Database connection established {"driver":"mysql","host":"db","database":"block_cms","connection_time":"1.77ms"}
[2025-09-24 07:38:57] INFO: Database connection established {"driver":"mysql","host":"db","database":"block_cms","connection_time":"1.8ms"}
[2025-09-24 07:38:58] INFO: Database connection established {"driver":"mysql","host":"db","database":"block_cms","connection_time":"1.43ms"}
[2025-09-24 07:39:09] INFO: Database connection established {"driver":"mysql","host":"db","database":"block_cms","connection_time":"1.58ms"}
[2025-09-24 07:40:05] INFO: Database connection established {"driver":"mysql","host":"db","database":"block_cms","connection_time":"1.64ms"}
[2025-09-24 07:40:12] INFO: Database connection established {"driver":"mysql","host":"db","database":"block_cms","connection_time":"1.52ms"}
[2025-09-24 07:40:13] INFO: Database connection established {"driver":"mysql","host":"db","database":"block_cms","connection_time":"1.68ms"}
[2025-09-24 07:40:42] INFO: Database connection established {"driver":"mysql","host":"db","database":"block_cms","connection_time":"1.52ms"}
[2025-09-24 07:40:58] INFO: Database connection established {"driver":"mysql","host":"db","database":"block_cms","connection_time":"1.59ms"}
[2025-09-24 07:41:13] INFO: Database connection established {"driver":"mysql","host":"db","database":"block_cms","connection_time":"1.61ms"}
[2025-09-24 07:41:23] INFO: Database connection established {"driver":"mysql","host":"db","database":"block_cms","connection_time":"1.66ms"}
[2025-09-24 07:41:23] INFO: Database connection established {"driver":"mysql","host":"db","database":"block_cms","connection_time":"1.74ms"}
[2025-09-24 07:42:16] INFO: Database connection established {"driver":"mysql","host":"db","database":"block_cms","connection_time":"1.77ms"}
[2025-09-24 07:42:16] INFO: Database connection established {"driver":"mysql","host":"db","database":"block_cms","connection_time":"1.89ms"}
[2025-09-24 07:42:25] INFO: Database connection established {"driver":"mysql","host":"db","database":"block_cms","connection_time":"1.53ms"}
[2025-09-24 07:42:35] INFO: Database connection established {"driver":"mysql","host":"db","database":"block_cms","connection_time":"1.78ms"}
[2025-09-24 07:42:59] INFO: Database connection established {"driver":"mysql","host":"db","database":"block_cms","connection_time":"1.71ms"}
[2025-09-24 07:44:19] INFO: Database connection established {"driver":"mysql","host":"db","database":"block_cms","connection_time":"1.77ms"}
[2025-09-24 07:46:07] INFO: Database connection established {"driver":"mysql","host":"db","database":"block_cms","connection_time":"1.68ms"}
[2025-09-24 07:46:30] INFO: Database connection established {"driver":"mysql","host":"db","database":"block_cms","connection_time":"0.58ms"}
[2025-09-24 07:47:05] INFO: Database connection established {"driver":"mysql","host":"db","database":"block_cms","connection_time":"1.69ms"}
[2025-09-24 07:47:26] INFO: Database connection established {"driver":"mysql","host":"db","database":"block_cms","connection_time":"1.03ms"}
[2025-09-24 07:49:23] INFO: Database connection established {"driver":"mysql","host":"db","database":"block_cms","connection_time":"1.75ms"}
[2025-09-24 07:49:37] INFO: Database connection established {"driver":"mysql","host":"db","database":"block_cms","connection_time":"1.58ms"}
[2025-09-24 07:49:55] INFO: Database connection established {"driver":"mysql","host":"db","database":"block_cms","connection_time":"1.42ms"}
[2025-09-24 07:51:43] INFO: Database connection established {"driver":"mysql","host":"db","database":"block_cms","connection_time":"0.68ms"}
[2025-09-24 07:52:02] INFO: Database connection established {"driver":"mysql","host":"db","database":"block_cms","connection_time":"1.64ms"}
[2025-09-24 07:52:16] INFO: Database connection established {"driver":"mysql","host":"db","database":"block_cms","connection_time":"1.25ms"}
[2025-09-24 07:52:36] INFO: Database connection established {"driver":"mysql","host":"db","database":"block_cms","connection_time":"0.77ms"}
[2025-09-24 07:52:51] INFO: Database connection established {"driver":"mysql","host":"db","database":"block_cms","connection_time":"1.05ms"}
[2025-09-24 07:52:52] INFO: Database connection established {"driver":"mysql","host":"db","database":"block_cms","connection_time":"2.15ms"}
[2025-09-24 08:11:39] INFO: Database connection established {"driver":"mysql","host":"db","database":"block_cms","connection_time":"1.72ms"}
[2025-09-24 08:12:10] INFO: Database connection established {"driver":"mysql","host":"db","database":"block_cms","connection_time":"1.54ms"}
[2025-09-24 08:13:05] INFO: Database connection established {"driver":"mysql","host":"db","database":"block_cms","connection_time":"1.71ms"}
[2025-09-24 08:13:06] INFO: Database connection established {"driver":"mysql","host":"db","database":"block_cms","connection_time":"1.69ms"}
[2025-09-24 08:13:28] INFO: Database connection established {"driver":"mysql","host":"db","database":"block_cms","connection_time":"1.8ms"}
[2025-09-24 08:20:07] INFO: Database connection established {"driver":"mysql","host":"db","database":"block_cms","connection_time":"1.65ms"}
[2025-09-24 08:20:08] INFO: Database connection established {"driver":"mysql","host":"db","database":"block_cms","connection_time":"1.87ms"}
[2025-09-24 08:20:08] INFO: Database connection established {"driver":"mysql","host":"db","database":"block_cms","connection_time":"1.69ms"}
[2025-09-24 08:20:08] INFO: Database connection established {"driver":"mysql","host":"db","database":"block_cms","connection_time":"1.57ms"}
[2025-09-24 08:20:08] INFO: Database connection established {"driver":"mysql","host":"db","database":"block_cms","connection_time":"1.29ms"}
[2025-09-24 08:20:09] INFO: Database connection established {"driver":"mysql","host":"db","database":"block_cms","connection_time":"1.26ms"}
[2025-09-24 08:29:48] INFO: Database connection established {"driver":"mysql","host":"db","database":"block_cms","connection_time":"1.88ms"}
[2025-09-24 08:34:06] INFO: Database connection established {"driver":"mysql","host":"db","database":"block_cms","connection_time":"1.67ms"}
[2025-09-24 08:34:48] INFO: Database connection established {"driver":"mysql","host":"db","database":"block_cms","connection_time":"1.67ms"}
[2025-09-24 08:36:02] INFO: Database connection established {"driver":"mysql","host":"db","database":"block_cms","connection_time":"1.6ms"}
[2025-09-24 08:37:59] INFO: Database connection established {"driver":"mysql","host":"db","database":"block_cms","connection_time":"1.58ms"}
[2025-09-24 08:38:17] INFO: Database connection established {"driver":"mysql","host":"db","database":"block_cms","connection_time":"1.38ms"}
[2025-09-24 08:38:17] INFO: Database connection established {"driver":"mysql","host":"db","database":"block_cms","connection_time":"0.77ms"}
[2025-09-24 08:39:24] INFO: Database connection established {"driver":"mysql","host":"db","database":"block_cms","connection_time":"0.49ms"}
[2025-09-24 08:39:40] INFO: Database connection established {"driver":"mysql","host":"db","database":"block_cms","connection_time":"1.76ms"}
[2025-09-24 08:43:24] INFO: Database connection established {"driver":"mysql","host":"db","database":"block_cms","connection_time":"1.25ms"}
[2025-09-24 08:48:22] INFO: Database connection established {"driver":"mysql","host":"db","database":"block_cms","connection_time":"1.63ms"}
[2025-09-24 08:48:36] INFO: Database connection established {"driver":"mysql","host":"db","database":"block_cms","connection_time":"1.51ms"}
[2025-09-24 08:55:37] INFO: Database connection established {"driver":"mysql","host":"db","database":"block_cms","connection_time":"0.67ms"}
[2025-09-24 08:55:37] DEBUG: Record inserted {"table":"page_categories","insert_id":2,"data_keys":["page_id","category_id"]}
[2025-09-24 08:56:22] INFO: Database connection established {"driver":"mysql","host":"db","database":"block_cms","connection_time":"1.9ms"}
[2025-09-24 08:56:22] DEBUG: Record inserted {"table":"page_categories","insert_id":3,"data_keys":["page_id","category_id"]}
[2025-09-24 08:58:58] INFO: Database connection established {"driver":"mysql","host":"db","database":"block_cms","connection_time":"1.23ms"}
[2025-09-24 08:59:07] INFO: Database connection established {"driver":"mysql","host":"db","database":"block_cms","connection_time":"0.58ms"}
[2025-09-24 09:00:59] INFO: Database connection established {"driver":"mysql","host":"127.0.0.1","database":"block_cms","connection_time":"2.99ms"}
[2025-09-24 09:00:59] DEBUG: Record inserted {"table":"migrations","insert_id":1,"data_keys":["migration","batch"]}
[2025-09-24 09:00:59] DEBUG: Record inserted {"table":"migrations","insert_id":2,"data_keys":["migration","batch"]}
[2025-09-24 09:00:59] DEBUG: Record inserted {"table":"migrations","insert_id":3,"data_keys":["migration","batch"]}
[2025-09-24 09:00:59] DEBUG: Record inserted {"table":"migrations","insert_id":4,"data_keys":["migration","batch"]}
[2025-09-24 09:00:59] DEBUG: Record inserted {"table":"migrations","insert_id":5,"data_keys":["migration","batch"]}
[2025-09-24 09:00:59] DEBUG: Record inserted {"table":"migrations","insert_id":6,"data_keys":["migration","batch"]}
[2025-09-24 09:00:59] DEBUG: Record inserted {"table":"migrations","insert_id":7,"data_keys":["migration","batch"]}
[2025-09-24 09:00:59] DEBUG: Record inserted {"table":"migrations","insert_id":8,"data_keys":["migration","batch"]}
[2025-09-24 09:00:59] DEBUG: Record inserted {"table":"migrations","insert_id":9,"data_keys":["migration","batch"]}
[2025-09-24 09:00:59] DEBUG: Record inserted {"table":"migrations","insert_id":10,"data_keys":["migration","batch"]}
[2025-09-24 09:03:02] INFO: Database connection established {"driver":"mysql","host":"127.0.0.1","database":"block_cms","connection_time":"3.81ms"}
[2025-09-24 09:03:02] DEBUG: Record inserted {"table":"migrations","insert_id":1,"data_keys":["migration","batch"]}
[2025-09-24 09:03:02] DEBUG: Record inserted {"table":"migrations","insert_id":2,"data_keys":["migration","batch"]}
[2025-09-24 09:03:02] DEBUG: Record inserted {"table":"migrations","insert_id":3,"data_keys":["migration","batch"]}
[2025-09-24 09:03:02] DEBUG: Record inserted {"table":"migrations","insert_id":4,"data_keys":["migration","batch"]}
[2025-09-24 09:03:02] DEBUG: Record inserted {"table":"migrations","insert_id":5,"data_keys":["migration","batch"]}
[2025-09-24 09:04:40] INFO: Database connection established {"driver":"mysql","host":"127.0.0.1","database":"block_cms","connection_time":"2.74ms"}
[2025-09-24 09:04:40] DEBUG: Record inserted {"table":"migrations","insert_id":1,"data_keys":["migration","batch"]}
[2025-09-24 09:04:40] DEBUG: Record inserted {"table":"migrations","insert_id":2,"data_keys":["migration","batch"]}
[2025-09-24 09:04:40] DEBUG: Record inserted {"table":"migrations","insert_id":3,"data_keys":["migration","batch"]}
[2025-09-24 09:04:40] DEBUG: Record inserted {"table":"migrations","insert_id":4,"data_keys":["migration","batch"]}
[2025-09-24 09:04:40] DEBUG: Record inserted {"table":"migrations","insert_id":5,"data_keys":["migration","batch"]}
[2025-09-24 09:04:40] DEBUG: Record inserted {"table":"migrations","insert_id":6,"data_keys":["migration","batch"]}
[2025-09-24 09:04:40] DEBUG: Record inserted {"table":"migrations","insert_id":7,"data_keys":["migration","batch"]}
[2025-09-24 09:04:40] DEBUG: Record inserted {"table":"migrations","insert_id":8,"data_keys":["migration","batch"]}
[2025-09-24 09:04:40] DEBUG: Record inserted {"table":"migrations","insert_id":9,"data_keys":["migration","batch"]}
[2025-09-24 09:04:40] DEBUG: Record inserted {"table":"migrations","insert_id":10,"data_keys":["migration","batch"]}
[2025-09-24 09:04:40] DEBUG: Record inserted {"table":"migrations","insert_id":11,"data_keys":["migration","batch"]}
[2025-09-24 09:06:26] INFO: Database connection established {"driver":"mysql","host":"127.0.0.1","database":"block_cms","connection_time":"3.79ms"}
[2025-09-24 09:06:26] DEBUG: Record inserted {"table":"migrations","insert_id":1,"data_keys":["migration","batch"]}
[2025-09-24 09:06:26] DEBUG: Record inserted {"table":"migrations","insert_id":2,"data_keys":["migration","batch"]}
[2025-09-24 09:06:26] DEBUG: Record inserted {"table":"migrations","insert_id":3,"data_keys":["migration","batch"]}
[2025-09-24 09:06:26] DEBUG: Record inserted {"table":"migrations","insert_id":4,"data_keys":["migration","batch"]}
[2025-09-24 09:06:26] DEBUG: Record inserted {"table":"migrations","insert_id":5,"data_keys":["migration","batch"]}
[2025-09-24 09:06:26] DEBUG: Record inserted {"table":"migrations","insert_id":6,"data_keys":["migration","batch"]}
[2025-09-24 09:06:26] DEBUG: Record inserted {"table":"migrations","insert_id":7,"data_keys":["migration","batch"]}
[2025-09-24 09:06:26] DEBUG: Record inserted {"table":"migrations","insert_id":8,"data_keys":["migration","batch"]}
[2025-09-24 09:06:26] DEBUG: Record inserted {"table":"migrations","insert_id":9,"data_keys":["migration","batch"]}
[2025-09-24 09:06:26] DEBUG: Record inserted {"table":"migrations","insert_id":10,"data_keys":["migration","batch"]}
[2025-09-24 09:06:26] DEBUG: Record inserted {"table":"migrations","insert_id":11,"data_keys":["migration","batch"]}
[2025-09-24 09:06:26] DEBUG: Record inserted {"table":"migrations","insert_id":12,"data_keys":["migration","batch"]}
[2025-09-24 09:06:26] DEBUG: Record inserted {"table":"migrations","insert_id":13,"data_keys":["migration","batch"]}
[2025-09-24 09:06:26] DEBUG: Record inserted {"table":"migrations","insert_id":14,"data_keys":["migration","batch"]}
[2025-09-24 09:06:26] DEBUG: Record inserted {"table":"migrations","insert_id":15,"data_keys":["migration","batch"]}
[2025-09-24 09:06:26] DEBUG: Record inserted {"table":"migrations","insert_id":16,"data_keys":["migration","batch"]}
[2025-09-24 09:06:26] DEBUG: Record inserted {"table":"migrations","insert_id":17,"data_keys":["migration","batch"]}
[2025-09-24 09:07:15] INFO: Database connection established {"driver":"mysql","host":"db","database":"block_cms","connection_time":"1.77ms"}
[2025-09-24 09:07:18] INFO: Database connection established {"driver":"mysql","host":"db","database":"block_cms","connection_time":"1.7ms"}
[2025-09-24 09:13:46] INFO: Database connection established {"driver":"mysql","host":"db","database":"block_cms","connection_time":"1.04ms"}
[2025-09-24 09:15:17] INFO: Database connection established {"driver":"mysql","host":"127.0.0.1","database":"block_cms","connection_time":"2.27ms"}
[2025-09-24 09:15:58] INFO: Database connection established {"driver":"mysql","host":"127.0.0.1","database":"block_cms","connection_time":"1.63ms"}
[2025-09-24 09:18:23] INFO: Database connection established {"driver":"mysql","host":"127.0.0.1","database":"block_cms","connection_time":"3.88ms"}
[2025-09-24 09:18:23] DEBUG: Record inserted {"table":"migrations","insert_id":18,"data_keys":["migration","batch"]}
[2025-09-24 09:26:31] INFO: Database connection established {"driver":"mysql","host":"db","database":"block_cms","connection_time":"1.91ms"}
[2025-09-24 09:33:16] INFO: Database connection established {"driver":"mysql","host":"127.0.0.1","database":"block_cms","connection_time":"3.22ms"}
[2025-09-24 09:36:35] INFO: Database connection established {"driver":"mysql","host":"127.0.0.1","database":"block_cms","connection_time":"4.49ms"}
[2025-09-24 09:37:07] INFO: Database connection established {"driver":"mysql","host":"127.0.0.1","database":"block_cms","connection_time":"3.44ms"}
[2025-09-24 09:38:06] INFO: Database connection established {"driver":"mysql","host":"127.0.0.1","database":"block_cms","connection_time":"9.83ms"}
[2025-09-24 09:39:16] INFO: Database connection established {"driver":"mysql","host":"127.0.0.1","database":"block_cms","connection_time":"8.59ms"}
[2025-09-24 09:39:35] INFO: Database connection established {"driver":"mysql","host":"127.0.0.1","database":"block_cms","connection_time":"6.48ms"}
[2025-09-24 09:46:59] INFO: Database connection established {"driver":"mysql","host":"127.0.0.1","database":"block_cms","connection_time":"3.87ms"}
[2025-09-24 09:46:59] INFO: Database connection established {"driver":"mysql","host":"127.0.0.1","database":"block_cms","connection_time":"1.92ms"}
[2025-09-24 09:47:26] INFO: Database connection established {"driver":"mysql","host":"127.0.0.1","database":"block_cms","connection_time":"3.46ms"}
[2025-09-24 09:47:26] INFO: Database connection established {"driver":"mysql","host":"127.0.0.1","database":"block_cms","connection_time":"1.89ms"}
[2025-09-24 09:47:26] DEBUG: Record inserted {"table":"tags","insert_id":1,"data_keys":["name","slug","usage_count","created_at","updated_at"]}
[2025-09-24 09:47:26] DEBUG: Record inserted {"table":"tags","insert_id":2,"data_keys":["name","slug","usage_count","created_at","updated_at"]}
[2025-09-24 09:47:26] DEBUG: Record inserted {"table":"tags","insert_id":3,"data_keys":["name","slug","usage_count","created_at","updated_at"]}
[2025-09-24 09:47:26] DEBUG: Record inserted {"table":"tags","insert_id":4,"data_keys":["name","slug","usage_count","created_at","updated_at"]}
[2025-09-24 09:47:26] DEBUG: Record inserted {"table":"tags","insert_id":5,"data_keys":["name","slug","usage_count","created_at","updated_at"]}
[2025-09-24 09:47:26] DEBUG: Record inserted {"table":"tags","insert_id":6,"data_keys":["name","slug","usage_count","created_at","updated_at"]}
[2025-09-24 09:47:26] DEBUG: Record inserted {"table":"tags","insert_id":7,"data_keys":["name","slug","usage_count","created_at","updated_at"]}
[2025-09-24 09:47:26] DEBUG: Record inserted {"table":"tags","insert_id":8,"data_keys":["name","slug","usage_count","created_at","updated_at"]}
[2025-09-24 09:47:26] DEBUG: Record inserted {"table":"tags","insert_id":9,"data_keys":["name","slug","usage_count","created_at","updated_at"]}
[2025-09-24 09:47:26] DEBUG: Record inserted {"table":"tags","insert_id":10,"data_keys":["name","slug","usage_count","created_at","updated_at"]}
[2025-09-24 09:47:26] DEBUG: Record inserted {"table":"tags","insert_id":11,"data_keys":["name","slug","usage_count","created_at","updated_at"]}
[2025-09-24 09:47:26] DEBUG: Record inserted {"table":"tags","insert_id":12,"data_keys":["name","slug","usage_count","created_at","updated_at"]}
[2025-09-24 09:47:26] DEBUG: Record inserted {"table":"tags","insert_id":13,"data_keys":["name","slug","usage_count","created_at","updated_at"]}
[2025-09-24 09:47:26] DEBUG: Record inserted {"table":"tags","insert_id":14,"data_keys":["name","slug","usage_count","created_at","updated_at"]}
[2025-09-24 09:47:26] DEBUG: Record inserted {"table":"tags","insert_id":15,"data_keys":["name","slug","usage_count","created_at","updated_at"]}
[2025-09-24 09:47:26] DEBUG: Record inserted {"table":"tags","insert_id":16,"data_keys":["name","slug","usage_count","created_at","updated_at"]}
[2025-09-24 09:47:26] DEBUG: Record inserted {"table":"tags","insert_id":17,"data_keys":["name","slug","usage_count","created_at","updated_at"]}
[2025-09-24 09:47:26] DEBUG: Record inserted {"table":"tags","insert_id":18,"data_keys":["name","slug","usage_count","created_at","updated_at"]}
[2025-09-24 09:47:26] DEBUG: Record inserted {"table":"tags","insert_id":19,"data_keys":["name","slug","usage_count","created_at","updated_at"]}
[2025-09-24 09:47:26] DEBUG: Record inserted {"table":"tags","insert_id":20,"data_keys":["name","slug","usage_count","created_at","updated_at"]}
[2025-09-24 09:47:26] DEBUG: Record inserted {"table":"tags","insert_id":21,"data_keys":["name","slug","usage_count","created_at","updated_at"]}
[2025-09-24 09:47:26] DEBUG: Record inserted {"table":"tags","insert_id":22,"data_keys":["name","slug","usage_count","created_at","updated_at"]}
[2025-09-24 09:47:26] DEBUG: Record inserted {"table":"tags","insert_id":23,"data_keys":["name","slug","usage_count","created_at","updated_at"]}
[2025-09-24 09:47:26] DEBUG: Record inserted {"table":"tags","insert_id":24,"data_keys":["name","slug","usage_count","created_at","updated_at"]}
[2025-09-24 09:47:26] DEBUG: Record inserted {"table":"tags","insert_id":25,"data_keys":["name","slug","usage_count","created_at","updated_at"]}
[2025-09-24 09:47:26] DEBUG: Record inserted {"table":"tags","insert_id":26,"data_keys":["name","slug","usage_count","created_at","updated_at"]}
[2025-09-24 09:47:26] DEBUG: Record inserted {"table":"tags","insert_id":27,"data_keys":["name","slug","usage_count","created_at","updated_at"]}
[2025-09-24 09:47:26] DEBUG: Record inserted {"table":"tags","insert_id":28,"data_keys":["name","slug","usage_count","created_at","updated_at"]}
[2025-09-24 09:47:26] DEBUG: Record inserted {"table":"tags","insert_id":29,"data_keys":["name","slug","usage_count","created_at","updated_at"]}
[2025-09-24 09:47:26] DEBUG: Record inserted {"table":"tags","insert_id":30,"data_keys":["name","slug","usage_count","created_at","updated_at"]}
[2025-09-24 09:47:26] DEBUG: Record inserted {"table":"tags","insert_id":31,"data_keys":["name","slug","usage_count","created_at","updated_at"]}
[2025-09-24 09:47:26] DEBUG: Record inserted {"table":"tags","insert_id":32,"data_keys":["name","slug","usage_count","created_at","updated_at"]}
[2025-09-24 09:47:26] DEBUG: Record inserted {"table":"tags","insert_id":33,"data_keys":["name","slug","usage_count","created_at","updated_at"]}
[2025-09-24 09:47:26] DEBUG: Record inserted {"table":"tags","insert_id":34,"data_keys":["name","slug","usage_count","created_at","updated_at"]}
[2025-09-24 09:47:26] DEBUG: Record inserted {"table":"tags","insert_id":35,"data_keys":["name","slug","usage_count","created_at","updated_at"]}
[2025-09-24 09:47:26] DEBUG: Record inserted {"table":"tags","insert_id":36,"data_keys":["name","slug","usage_count","created_at","updated_at"]}
[2025-09-24 09:47:26] DEBUG: Record inserted {"table":"tags","insert_id":37,"data_keys":["name","slug","usage_count","created_at","updated_at"]}
[2025-09-24 09:47:26] DEBUG: Record inserted {"table":"tags","insert_id":38,"data_keys":["name","slug","usage_count","created_at","updated_at"]}
[2025-09-24 09:47:26] DEBUG: Record inserted {"table":"tags","insert_id":39,"data_keys":["name","slug","usage_count","created_at","updated_at"]}
[2025-09-24 09:47:26] DEBUG: Record inserted {"table":"tags","insert_id":40,"data_keys":["name","slug","usage_count","created_at","updated_at"]}
[2025-09-24 09:47:26] DEBUG: Record inserted {"table":"tags","insert_id":41,"data_keys":["name","slug","usage_count","created_at","updated_at"]}
[2025-09-24 09:47:46] INFO: Database connection established {"driver":"mysql","host":"127.0.0.1","database":"block_cms","connection_time":"1.3ms"}
[2025-09-24 09:47:46] INFO: Database connection established {"driver":"mysql","host":"127.0.0.1","database":"block_cms","connection_time":"1.39ms"}
[2025-09-24 09:47:46] DEBUG: Record inserted {"table":"categories","insert_id":1,"data_keys":["name","slug","is_active","created_at","updated_at"]}
[2025-09-24 09:47:46] DEBUG: Record inserted {"table":"categories","insert_id":2,"data_keys":["name","slug","is_active","created_at","updated_at"]}
[2025-09-24 09:47:46] DEBUG: Records updated {"table":"categories","affected_rows":1,"where_conditions":["id"]}
[2025-09-24 09:47:46] DEBUG: Record inserted {"table":"categories","insert_id":3,"data_keys":["name","slug","is_active","created_at","updated_at"]}
[2025-09-24 09:47:46] DEBUG: Records updated {"table":"categories","affected_rows":1,"where_conditions":["id"]}
[2025-09-24 09:47:46] DEBUG: Record inserted {"table":"categories","insert_id":4,"data_keys":["name","slug","is_active","created_at","updated_at"]}
[2025-09-24 09:47:46] DEBUG: Records updated {"table":"categories","affected_rows":1,"where_conditions":["id"]}
[2025-09-24 09:47:46] DEBUG: Record inserted {"table":"categories","insert_id":5,"data_keys":["name","slug","is_active","created_at","updated_at"]}
[2025-09-24 09:47:46] DEBUG: Records updated {"table":"categories","affected_rows":1,"where_conditions":["id"]}
[2025-09-24 09:47:46] DEBUG: Record inserted {"table":"categories","insert_id":6,"data_keys":["name","slug","is_active","created_at","updated_at"]}
[2025-09-24 09:47:46] DEBUG: Records updated {"table":"categories","affected_rows":1,"where_conditions":["id"]}
[2025-09-24 09:47:46] DEBUG: Record inserted {"table":"categories","insert_id":7,"data_keys":["name","slug","is_active","created_at","updated_at"]}
[2025-09-24 09:47:46] DEBUG: Records updated {"table":"categories","affected_rows":1,"where_conditions":["id"]}
[2025-09-24 09:47:46] DEBUG: Record inserted {"table":"categories","insert_id":8,"data_keys":["name","slug","is_active","created_at","updated_at"]}
[2025-09-24 09:47:46] DEBUG: Records updated {"table":"categories","affected_rows":1,"where_conditions":["id"]}
[2025-09-24 09:47:46] DEBUG: Record inserted {"table":"categories","insert_id":9,"data_keys":["name","slug","is_active","created_at","updated_at"]}
[2025-09-24 09:47:46] DEBUG: Records updated {"table":"categories","affected_rows":1,"where_conditions":["id"]}
[2025-09-24 09:47:46] DEBUG: Record inserted {"table":"categories","insert_id":10,"data_keys":["name","slug","is_active","created_at","updated_at"]}
[2025-09-24 09:47:46] DEBUG: Records updated {"table":"categories","affected_rows":1,"where_conditions":["id"]}
[2025-09-24 09:47:46] DEBUG: Record inserted {"table":"categories","insert_id":11,"data_keys":["name","slug","is_active","created_at","updated_at"]}
[2025-09-24 09:47:46] DEBUG: Records updated {"table":"categories","affected_rows":1,"where_conditions":["id"]}
[2025-09-24 09:47:46] DEBUG: Record inserted {"table":"categories","insert_id":12,"data_keys":["name","slug","is_active","created_at","updated_at"]}
[2025-09-24 09:47:46] DEBUG: Records updated {"table":"categories","affected_rows":1,"where_conditions":["id"]}
[2025-09-24 09:47:46] DEBUG: Record inserted {"table":"categories","insert_id":13,"data_keys":["name","slug","is_active","created_at","updated_at"]}
[2025-09-24 09:47:46] DEBUG: Records updated {"table":"categories","affected_rows":1,"where_conditions":["id"]}
[2025-09-24 09:47:46] DEBUG: Record inserted {"table":"categories","insert_id":14,"data_keys":["name","slug","is_active","created_at","updated_at"]}
[2025-09-24 09:47:46] DEBUG: Record inserted {"table":"categories","insert_id":15,"data_keys":["name","slug","is_active","created_at","updated_at"]}
[2025-09-24 09:47:46] DEBUG: Records updated {"table":"categories","affected_rows":1,"where_conditions":["id"]}
[2025-09-24 09:47:46] DEBUG: Record inserted {"table":"categories","insert_id":16,"data_keys":["name","slug","is_active","created_at","updated_at"]}
[2025-09-24 09:47:46] DEBUG: Records updated {"table":"categories","affected_rows":1,"where_conditions":["id"]}
[2025-09-24 09:47:46] DEBUG: Record inserted {"table":"categories","insert_id":17,"data_keys":["name","slug","is_active","created_at","updated_at"]}
[2025-09-24 09:47:46] DEBUG: Records updated {"table":"categories","affected_rows":1,"where_conditions":["id"]}
[2025-09-24 09:47:46] DEBUG: Record inserted {"table":"categories","insert_id":18,"data_keys":["name","slug","is_active","created_at","updated_at"]}
[2025-09-24 09:47:46] DEBUG: Records updated {"table":"categories","affected_rows":1,"where_conditions":["id"]}
[2025-09-24 09:47:46] DEBUG: Record inserted {"table":"categories","insert_id":19,"data_keys":["name","slug","is_active","created_at","updated_at"]}
[2025-09-24 09:47:46] DEBUG: Records updated {"table":"categories","affected_rows":1,"where_conditions":["id"]}
[2025-09-24 09:47:46] DEBUG: Record inserted {"table":"categories","insert_id":20,"data_keys":["name","slug","is_active","created_at","updated_at"]}
[2025-09-24 09:47:46] DEBUG: Records updated {"table":"categories","affected_rows":1,"where_conditions":["id"]}
[2025-09-24 09:47:46] DEBUG: Record inserted {"table":"categories","insert_id":21,"data_keys":["name","slug","is_active","created_at","updated_at"]}
[2025-09-24 09:47:46] DEBUG: Records updated {"table":"categories","affected_rows":1,"where_conditions":["id"]}
[2025-09-24 09:47:46] DEBUG: Record inserted {"table":"categories","insert_id":22,"data_keys":["name","slug","is_active","created_at","updated_at"]}
[2025-09-24 09:47:46] DEBUG: Records updated {"table":"categories","affected_rows":1,"where_conditions":["id"]}
[2025-09-24 09:47:46] DEBUG: Record inserted {"table":"categories","insert_id":23,"data_keys":["name","slug","is_active","created_at","updated_at"]}
[2025-09-24 09:47:46] DEBUG: Records updated {"table":"categories","affected_rows":1,"where_conditions":["id"]}
[2025-09-24 09:47:46] DEBUG: Record inserted {"table":"categories","insert_id":24,"data_keys":["name","slug","is_active","created_at","updated_at"]}
[2025-09-24 09:47:46] DEBUG: Records updated {"table":"categories","affected_rows":1,"where_conditions":["id"]}
[2025-09-24 09:47:46] DEBUG: Record inserted {"table":"categories","insert_id":25,"data_keys":["name","slug","is_active","created_at","updated_at"]}
[2025-09-24 09:47:46] DEBUG: Records updated {"table":"categories","affected_rows":1,"where_conditions":["id"]}
[2025-09-24 09:47:46] DEBUG: Record inserted {"table":"categories","insert_id":26,"data_keys":["name","slug","is_active","created_at","updated_at"]}
[2025-09-24 09:47:46] DEBUG: Records updated {"table":"categories","affected_rows":1,"where_conditions":["id"]}
[2025-09-24 09:47:46] DEBUG: Record inserted {"table":"categories","insert_id":27,"data_keys":["name","slug","is_active","created_at","updated_at"]}
[2025-09-24 09:47:46] DEBUG: Record inserted {"table":"categories","insert_id":28,"data_keys":["name","slug","is_active","created_at","updated_at"]}
[2025-09-24 09:47:46] DEBUG: Records updated {"table":"categories","affected_rows":1,"where_conditions":["id"]}
[2025-09-24 09:47:46] DEBUG: Record inserted {"table":"categories","insert_id":29,"data_keys":["name","slug","is_active","created_at","updated_at"]}
[2025-09-24 09:47:46] DEBUG: Records updated {"table":"categories","affected_rows":1,"where_conditions":["id"]}
[2025-09-24 09:47:46] DEBUG: Record inserted {"table":"categories","insert_id":30,"data_keys":["name","slug","is_active","created_at","updated_at"]}
[2025-09-24 09:47:46] DEBUG: Records updated {"table":"categories","affected_rows":1,"where_conditions":["id"]}
[2025-09-24 09:47:46] DEBUG: Record inserted {"table":"categories","insert_id":31,"data_keys":["name","slug","is_active","created_at","updated_at"]}
[2025-09-24 09:47:46] DEBUG: Records updated {"table":"categories","affected_rows":1,"where_conditions":["id"]}
[2025-09-24 09:47:46] DEBUG: Record inserted {"table":"categories","insert_id":32,"data_keys":["name","slug","is_active","created_at","updated_at"]}
[2025-09-24 09:47:46] DEBUG: Record inserted {"table":"categories","insert_id":33,"data_keys":["name","slug","is_active","created_at","updated_at"]}
[2025-09-24 09:47:46] DEBUG: Records updated {"table":"categories","affected_rows":1,"where_conditions":["id"]}
[2025-09-24 09:47:46] DEBUG: Record inserted {"table":"categories","insert_id":34,"data_keys":["name","slug","is_active","created_at","updated_at"]}
[2025-09-24 09:47:46] DEBUG: Records updated {"table":"categories","affected_rows":1,"where_conditions":["id"]}
[2025-09-24 09:47:46] DEBUG: Record inserted {"table":"categories","insert_id":35,"data_keys":["name","slug","is_active","created_at","updated_at"]}
[2025-09-24 09:47:46] DEBUG: Records updated {"table":"categories","affected_rows":1,"where_conditions":["id"]}
[2025-09-24 09:48:03] INFO: Database connection established {"driver":"mysql","host":"127.0.0.1","database":"block_cms","connection_time":"4.01ms"}
[2025-09-24 09:48:03] INFO: Database connection established {"driver":"mysql","host":"127.0.0.1","database":"block_cms","connection_time":"1.91ms"}
[2025-09-24 09:48:03] DEBUG: Record inserted {"table":"custom_field_definitions","insert_id":1,"data_keys":["key","name","type","is_active","sort_order","created_at","updated_at"]}
[2025-09-24 09:48:03] DEBUG: Record inserted {"table":"custom_field_definitions","insert_id":2,"data_keys":["key","name","type","is_active","sort_order","created_at","updated_at"]}
[2025-09-24 09:48:04] DEBUG: Record inserted {"table":"custom_field_definitions","insert_id":3,"data_keys":["key","name","type","is_active","sort_order","created_at","updated_at"]}
[2025-09-24 09:48:04] DEBUG: Record inserted {"table":"custom_field_definitions","insert_id":4,"data_keys":["key","name","type","is_active","sort_order","created_at","updated_at"]}
[2025-09-24 09:48:04] DEBUG: Record inserted {"table":"custom_field_definitions","insert_id":5,"data_keys":["key","name","type","is_active","sort_order","created_at","updated_at"]}
[2025-09-24 09:48:04] DEBUG: Record inserted {"table":"custom_field_definitions","insert_id":6,"data_keys":["key","name","type","is_active","sort_order","created_at","updated_at"]}
[2025-09-24 09:48:04] DEBUG: Record inserted {"table":"custom_field_definitions","insert_id":7,"data_keys":["key","name","type","is_active","sort_order","created_at","updated_at"]}
[2025-09-24 09:48:04] DEBUG: Record inserted {"table":"custom_field_definitions","insert_id":8,"data_keys":["key","name","type","is_active","sort_order","created_at","updated_at"]}
[2025-09-24 09:48:04] DEBUG: Record inserted {"table":"custom_field_definitions","insert_id":9,"data_keys":["key","name","type","is_active","sort_order","created_at","updated_at"]}
[2025-09-24 09:48:04] DEBUG: Record inserted {"table":"custom_field_definitions","insert_id":10,"data_keys":["key","name","type","is_active","sort_order","created_at","updated_at"]}
[2025-09-24 09:48:04] DEBUG: Record inserted {"table":"custom_field_definitions","insert_id":11,"data_keys":["key","name","type","is_active","sort_order","created_at","updated_at"]}
[2025-09-24 09:48:04] DEBUG: Record inserted {"table":"custom_field_definitions","insert_id":12,"data_keys":["key","name","type","is_active","sort_order","created_at","updated_at"]}
[2025-09-24 09:48:04] DEBUG: Record inserted {"table":"custom_field_definitions","insert_id":13,"data_keys":["key","name","type","is_active","sort_order","created_at","updated_at"]}
[2025-09-24 09:48:04] DEBUG: Record inserted {"table":"custom_field_definitions","insert_id":14,"data_keys":["key","name","type","is_active","sort_order","created_at","updated_at"]}
[2025-09-24 09:48:04] DEBUG: Record inserted {"table":"custom_field_definitions","insert_id":15,"data_keys":["key","name","type","is_active","sort_order","created_at","updated_at"]}
[2025-09-24 09:48:27] INFO: Database connection established {"driver":"mysql","host":"127.0.0.1","database":"block_cms","connection_time":"3.58ms"}
[2025-09-24 09:48:27] INFO: Database connection established {"driver":"mysql","host":"127.0.0.1","database":"block_cms","connection_time":"2.16ms"}
[2025-09-24 09:48:27] INFO: Creating new page {"title":"Premier Properties - Your Dream Home Awaits"}
[2025-09-24 09:48:27] DEBUG: Record inserted {"table":"pages","insert_id":1,"data_keys":["title","slug","status","meta_title","meta_description","created_at","updated_at"]}
[2025-09-24 09:48:27] INFO: Page created successfully {"page_id":1}
[2025-09-24 09:48:27] DEBUG: Record inserted {"table":"tags","insert_id":42,"data_keys":["name","slug","usage_count","created_at","updated_at"]}
[2025-09-24 09:49:48] INFO: Database connection established {"driver":"mysql","host":"127.0.0.1","database":"block_cms","connection_time":"3.49ms"}
[2025-09-24 09:49:48] INFO: Database connection established {"driver":"mysql","host":"127.0.0.1","database":"block_cms","connection_time":"2.28ms"}
[2025-09-24 09:49:48] INFO: Creating new page {"title":"Premier Properties - Your Dream Home Awaits"}
[2025-09-24 09:49:48] DEBUG: Record inserted {"table":"pages","insert_id":2,"data_keys":["title","slug","status","meta_title","meta_description","created_at","updated_at"]}
[2025-09-24 09:49:48] INFO: Page created successfully {"page_id":2}
[2025-09-24 09:49:48] DEBUG: Record inserted {"table":"tags","insert_id":43,"data_keys":["name","slug","usage_count","created_at","updated_at"]}
[2025-09-24 09:49:48] DEBUG: Record inserted {"table":"page_tags","insert_id":1,"data_keys":["page_id","tag_id"]}
[2025-09-24 09:49:48] DEBUG: Record inserted {"table":"blocks","insert_id":1,"data_keys":["page_id","type","data","order","created_at","updated_at"]}
[2025-09-24 09:49:48] DEBUG: Record inserted {"table":"blocks","insert_id":2,"data_keys":["page_id","type","data","order","created_at","updated_at"]}
[2025-09-24 09:49:48] DEBUG: Record inserted {"table":"blocks","insert_id":3,"data_keys":["page_id","type","data","order","created_at","updated_at"]}
[2025-09-24 09:49:48] DEBUG: Record inserted {"table":"blocks","insert_id":4,"data_keys":["page_id","type","data","order","created_at","updated_at"]}
[2025-09-24 09:49:48] DEBUG: Record inserted {"table":"blocks","insert_id":5,"data_keys":["page_id","type","data","order","created_at","updated_at"]}
[2025-09-24 09:50:37] INFO: Database connection established {"driver":"mysql","host":"127.0.0.1","database":"block_cms","connection_time":"3.83ms"}
[2025-09-24 09:50:37] INFO: Database connection established {"driver":"mysql","host":"127.0.0.1","database":"block_cms","connection_time":"2.1ms"}
[2025-09-24 09:50:37] INFO: Creating new page {"title":"About Premier Properties"}
[2025-09-24 09:50:37] DEBUG: Record inserted {"table":"pages","insert_id":3,"data_keys":["title","slug","status","meta_title","meta_description","created_at","updated_at"]}
[2025-09-24 09:50:37] INFO: Page created successfully {"page_id":3}
[2025-09-24 09:50:37] DEBUG: Record inserted {"table":"blocks","insert_id":6,"data_keys":["page_id","type","data","order","created_at","updated_at"]}
[2025-09-24 09:50:37] ERROR: Invalid block data structure {"block_type":"text","page_id":3}
[2025-09-24 09:50:37] DEBUG: Record inserted {"table":"blocks","insert_id":7,"data_keys":["page_id","type","data","order","created_at","updated_at"]}
[2025-09-24 09:50:37] DEBUG: Record inserted {"table":"blocks","insert_id":8,"data_keys":["page_id","type","data","order","created_at","updated_at"]}
[2025-09-24 09:50:37] DEBUG: Record inserted {"table":"blocks","insert_id":9,"data_keys":["page_id","type","data","order","created_at","updated_at"]}
[2025-09-24 09:50:59] INFO: Database connection established {"driver":"mysql","host":"127.0.0.1","database":"block_cms","connection_time":"1.6ms"}
[2025-09-24 09:50:59] INFO: Database connection established {"driver":"mysql","host":"127.0.0.1","database":"block_cms","connection_time":"1.12ms"}
[2025-09-24 09:50:59] INFO: Creating new page {"title":"Contact Premier Properties"}
[2025-09-24 09:50:59] DEBUG: Record inserted {"table":"pages","insert_id":4,"data_keys":["title","slug","status","meta_title","meta_description","created_at","updated_at"]}
[2025-09-24 09:50:59] INFO: Page created successfully {"page_id":4}
[2025-09-24 09:50:59] DEBUG: Record inserted {"table":"blocks","insert_id":10,"data_keys":["page_id","type","data","order","created_at","updated_at"]}
[2025-09-24 09:50:59] DEBUG: Record inserted {"table":"blocks","insert_id":11,"data_keys":["page_id","type","data","order","created_at","updated_at"]}
[2025-09-24 09:50:59] ERROR: Invalid block data structure {"block_type":"text","page_id":4}
[2025-09-24 09:50:59] DEBUG: Record inserted {"table":"blocks","insert_id":12,"data_keys":["page_id","type","data","order","created_at","updated_at"]}
[2025-09-24 09:51:10] INFO: Database connection established {"driver":"mysql","host":"127.0.0.1","database":"block_cms","connection_time":"4.65ms"}
[2025-09-24 09:51:10] INFO: Database connection established {"driver":"mysql","host":"127.0.0.1","database":"block_cms","connection_time":"1.88ms"}
[2025-09-24 09:51:10] INFO: Creating new page {"title":"Modern Victorian Townhouse in Kensington"}
[2025-09-24 09:51:10] DEBUG: Record inserted {"table":"pages","insert_id":5,"data_keys":["title","slug","status","meta_title","meta_description","created_at","updated_at"]}
[2025-09-24 09:51:10] INFO: Page created successfully {"page_id":5}
[2025-09-24 09:51:10] DEBUG: Record inserted {"table":"tags","insert_id":44,"data_keys":["name","slug","usage_count","created_at","updated_at"]}
[2025-09-24 09:51:10] DEBUG: Record inserted {"table":"page_tags","insert_id":2,"data_keys":["page_id","tag_id"]}
[2025-09-24 09:51:10] DEBUG: Record inserted {"table":"tags","insert_id":45,"data_keys":["name","slug","usage_count","created_at","updated_at"]}
[2025-09-24 09:51:10] DEBUG: Record inserted {"table":"page_tags","insert_id":3,"data_keys":["page_id","tag_id"]}
[2025-09-24 09:51:10] DEBUG: Record inserted {"table":"tags","insert_id":46,"data_keys":["name","slug","usage_count","created_at","updated_at"]}
[2025-09-24 09:51:10] DEBUG: Record inserted {"table":"page_tags","insert_id":4,"data_keys":["page_id","tag_id"]}
[2025-09-24 09:51:10] DEBUG: Record inserted {"table":"tags","insert_id":47,"data_keys":["name","slug","usage_count","created_at","updated_at"]}
[2025-09-24 09:51:10] DEBUG: Record inserted {"table":"page_tags","insert_id":5,"data_keys":["page_id","tag_id"]}
[2025-09-24 09:51:10] DEBUG: Record inserted {"table":"tags","insert_id":48,"data_keys":["name","slug","usage_count","created_at","updated_at"]}
[2025-09-24 09:51:10] DEBUG: Record inserted {"table":"page_tags","insert_id":6,"data_keys":["page_id","tag_id"]}
[2025-09-24 09:51:10] DEBUG: Record inserted {"table":"tags","insert_id":49,"data_keys":["name","slug","usage_count","created_at","updated_at"]}
[2025-09-24 09:51:10] DEBUG: Record inserted {"table":"page_tags","insert_id":7,"data_keys":["page_id","tag_id"]}
[2025-09-24 09:51:10] DEBUG: Record inserted {"table":"tags","insert_id":50,"data_keys":["name","slug","usage_count","created_at","updated_at"]}
[2025-09-24 09:51:10] DEBUG: Record inserted {"table":"page_tags","insert_id":8,"data_keys":["page_id","tag_id"]}
[2025-09-24 09:51:10] DEBUG: Record inserted {"table":"categories","insert_id":36,"data_keys":["name","slug","is_active","created_at","updated_at"]}
[2025-09-24 09:51:10] DEBUG: Record inserted {"table":"page_categories","insert_id":1,"data_keys":["page_id","category_id"]}
[2025-09-24 09:51:10] DEBUG: Record inserted {"table":"categories","insert_id":37,"data_keys":["name","slug","is_active","created_at","updated_at"]}
[2025-09-24 09:51:10] DEBUG: Record inserted {"table":"page_categories","insert_id":2,"data_keys":["page_id","category_id"]}
[2025-09-24 09:51:10] DEBUG: Record inserted {"table":"categories","insert_id":38,"data_keys":["name","slug","is_active","created_at","updated_at"]}
[2025-09-24 09:51:10] DEBUG: Record inserted {"table":"page_categories","insert_id":3,"data_keys":["page_id","category_id"]}
[2025-09-24 09:53:50] INFO: Database connection established {"driver":"mysql","host":"127.0.0.1","database":"block_cms","connection_time":"3.68ms"}
[2025-09-24 09:53:50] INFO: Database connection established {"driver":"mysql","host":"127.0.0.1","database":"block_cms","connection_time":"1.21ms"}
[2025-09-24 09:53:50] INFO: Creating new page {"title":"Modern Victorian Townhouse in Kensington"}
[2025-09-24 09:53:50] DEBUG: Record inserted {"table":"pages","insert_id":6,"data_keys":["title","slug","status","meta_title","meta_description","created_at","updated_at"]}
[2025-09-24 09:53:50] INFO: Page created successfully {"page_id":6}
[2025-09-24 09:53:50] DEBUG: Record inserted {"table":"tags","insert_id":51,"data_keys":["name","slug","usage_count","created_at","updated_at"]}
[2025-09-24 09:53:50] DEBUG: Record inserted {"table":"page_tags","insert_id":9,"data_keys":["page_id","tag_id"]}
[2025-09-24 09:53:50] DEBUG: Record inserted {"table":"tags","insert_id":52,"data_keys":["name","slug","usage_count","created_at","updated_at"]}
[2025-09-24 09:53:50] DEBUG: Record inserted {"table":"page_tags","insert_id":10,"data_keys":["page_id","tag_id"]}
[2025-09-24 09:53:50] DEBUG: Record inserted {"table":"tags","insert_id":53,"data_keys":["name","slug","usage_count","created_at","updated_at"]}
[2025-09-24 09:53:50] DEBUG: Record inserted {"table":"page_tags","insert_id":11,"data_keys":["page_id","tag_id"]}
[2025-09-24 09:53:50] DEBUG: Record inserted {"table":"tags","insert_id":54,"data_keys":["name","slug","usage_count","created_at","updated_at"]}
[2025-09-24 09:53:50] DEBUG: Record inserted {"table":"page_tags","insert_id":12,"data_keys":["page_id","tag_id"]}
[2025-09-24 09:53:50] DEBUG: Record inserted {"table":"tags","insert_id":55,"data_keys":["name","slug","usage_count","created_at","updated_at"]}
[2025-09-24 09:53:50] DEBUG: Record inserted {"table":"page_tags","insert_id":13,"data_keys":["page_id","tag_id"]}
[2025-09-24 09:53:50] DEBUG: Record inserted {"table":"tags","insert_id":56,"data_keys":["name","slug","usage_count","created_at","updated_at"]}
[2025-09-24 09:53:50] DEBUG: Record inserted {"table":"page_tags","insert_id":14,"data_keys":["page_id","tag_id"]}
[2025-09-24 09:53:50] DEBUG: Record inserted {"table":"tags","insert_id":57,"data_keys":["name","slug","usage_count","created_at","updated_at"]}
[2025-09-24 09:53:50] DEBUG: Record inserted {"table":"page_tags","insert_id":15,"data_keys":["page_id","tag_id"]}
[2025-09-24 09:53:50] DEBUG: Record inserted {"table":"categories","insert_id":39,"data_keys":["name","slug","is_active","created_at","updated_at"]}
[2025-09-24 09:53:50] DEBUG: Record inserted {"table":"page_categories","insert_id":4,"data_keys":["page_id","category_id"]}
[2025-09-24 09:53:50] DEBUG: Record inserted {"table":"categories","insert_id":40,"data_keys":["name","slug","is_active","created_at","updated_at"]}
[2025-09-24 09:53:50] DEBUG: Record inserted {"table":"page_categories","insert_id":5,"data_keys":["page_id","category_id"]}
[2025-09-24 09:53:50] DEBUG: Record inserted {"table":"categories","insert_id":41,"data_keys":["name","slug","is_active","created_at","updated_at"]}
[2025-09-24 09:53:50] DEBUG: Record inserted {"table":"page_categories","insert_id":6,"data_keys":["page_id","category_id"]}
[2025-09-24 09:54:31] INFO: Database connection established {"driver":"mysql","host":"127.0.0.1","database":"block_cms","connection_time":"4.01ms"}
[2025-09-24 09:54:31] INFO: Database connection established {"driver":"mysql","host":"127.0.0.1","database":"block_cms","connection_time":"1.78ms"}
[2025-09-24 09:54:31] INFO: Creating new page {"title":"Modern Victorian Townhouse in Kensington"}
[2025-09-24 09:54:31] DEBUG: Record inserted {"table":"pages","insert_id":7,"data_keys":["title","slug","status","meta_title","meta_description","created_at","updated_at"]}
[2025-09-24 09:54:31] INFO: Page created successfully {"page_id":7}
[2025-09-24 09:54:31] DEBUG: Record inserted {"table":"tags","insert_id":58,"data_keys":["name","slug","usage_count","created_at","updated_at"]}
[2025-09-24 09:54:31] DEBUG: Record inserted {"table":"page_tags","insert_id":16,"data_keys":["page_id","tag_id"]}
[2025-09-24 09:54:31] DEBUG: Record inserted {"table":"tags","insert_id":59,"data_keys":["name","slug","usage_count","created_at","updated_at"]}
[2025-09-24 09:54:31] DEBUG: Record inserted {"table":"page_tags","insert_id":17,"data_keys":["page_id","tag_id"]}
[2025-09-24 09:54:31] DEBUG: Record inserted {"table":"tags","insert_id":60,"data_keys":["name","slug","usage_count","created_at","updated_at"]}
[2025-09-24 09:54:31] DEBUG: Record inserted {"table":"page_tags","insert_id":18,"data_keys":["page_id","tag_id"]}
[2025-09-24 09:54:31] DEBUG: Record inserted {"table":"tags","insert_id":61,"data_keys":["name","slug","usage_count","created_at","updated_at"]}
[2025-09-24 09:54:31] DEBUG: Record inserted {"table":"page_tags","insert_id":19,"data_keys":["page_id","tag_id"]}
[2025-09-24 09:54:31] DEBUG: Record inserted {"table":"tags","insert_id":62,"data_keys":["name","slug","usage_count","created_at","updated_at"]}
[2025-09-24 09:54:31] DEBUG: Record inserted {"table":"page_tags","insert_id":20,"data_keys":["page_id","tag_id"]}
[2025-09-24 09:54:31] DEBUG: Record inserted {"table":"tags","insert_id":63,"data_keys":["name","slug","usage_count","created_at","updated_at"]}
[2025-09-24 09:54:31] DEBUG: Record inserted {"table":"page_tags","insert_id":21,"data_keys":["page_id","tag_id"]}
[2025-09-24 09:54:31] DEBUG: Record inserted {"table":"tags","insert_id":64,"data_keys":["name","slug","usage_count","created_at","updated_at"]}
[2025-09-24 09:54:31] DEBUG: Record inserted {"table":"page_tags","insert_id":22,"data_keys":["page_id","tag_id"]}
[2025-09-24 09:54:31] DEBUG: Record inserted {"table":"categories","insert_id":42,"data_keys":["name","slug","is_active","created_at","updated_at"]}
[2025-09-24 09:54:31] DEBUG: Record inserted {"table":"page_categories","insert_id":7,"data_keys":["page_id","category_id"]}
[2025-09-24 09:54:31] DEBUG: Record inserted {"table":"categories","insert_id":43,"data_keys":["name","slug","is_active","created_at","updated_at"]}
[2025-09-24 09:54:31] DEBUG: Record inserted {"table":"page_categories","insert_id":8,"data_keys":["page_id","category_id"]}
[2025-09-24 09:54:31] DEBUG: Record inserted {"table":"categories","insert_id":44,"data_keys":["name","slug","is_active","created_at","updated_at"]}
[2025-09-24 09:54:31] DEBUG: Record inserted {"table":"page_categories","insert_id":9,"data_keys":["page_id","category_id"]}
[2025-09-24 09:54:31] DEBUG: Record inserted {"table":"page_custom_fields","insert_id":1,"data_keys":["custom_field_definition_id","field_value","page_id","created_at","updated_at"]}
[2025-09-24 09:54:31] DEBUG: Record inserted {"table":"page_custom_fields","insert_id":2,"data_keys":["custom_field_definition_id","field_value","page_id","created_at","updated_at"]}
[2025-09-24 09:54:31] DEBUG: Record inserted {"table":"page_custom_fields","insert_id":3,"data_keys":["custom_field_definition_id","field_value","page_id","created_at","updated_at"]}
[2025-09-24 09:54:31] DEBUG: Record inserted {"table":"page_custom_fields","insert_id":4,"data_keys":["custom_field_definition_id","field_value","page_id","created_at","updated_at"]}
[2025-09-24 09:54:31] DEBUG: Record inserted {"table":"page_custom_fields","insert_id":5,"data_keys":["custom_field_definition_id","field_value","page_id","created_at","updated_at"]}
[2025-09-24 09:54:31] DEBUG: Record inserted {"table":"page_custom_fields","insert_id":6,"data_keys":["custom_field_definition_id","field_value","page_id","created_at","updated_at"]}
[2025-09-24 09:54:31] DEBUG: Record inserted {"table":"page_custom_fields","insert_id":7,"data_keys":["custom_field_definition_id","field_value","page_id","created_at","updated_at"]}
[2025-09-24 09:54:31] DEBUG: Record inserted {"table":"page_custom_fields","insert_id":8,"data_keys":["custom_field_definition_id","field_value","page_id","created_at","updated_at"]}
[2025-09-24 09:54:31] DEBUG: Record inserted {"table":"page_custom_fields","insert_id":9,"data_keys":["custom_field_definition_id","field_value","page_id","created_at","updated_at"]}
[2025-09-24 09:54:31] DEBUG: Record inserted {"table":"page_custom_fields","insert_id":10,"data_keys":["custom_field_definition_id","field_value","page_id","created_at","updated_at"]}
[2025-09-24 09:54:31] DEBUG: Record inserted {"table":"page_custom_fields","insert_id":11,"data_keys":["custom_field_definition_id","field_value","page_id","created_at","updated_at"]}
[2025-09-24 09:54:31] DEBUG: Record inserted {"table":"blocks","insert_id":13,"data_keys":["page_id","type","data","order","created_at","updated_at"]}
[2025-09-24 09:54:31] ERROR: Invalid block data structure {"block_type":"text","page_id":7}
[2025-09-24 09:54:31] DEBUG: Record inserted {"table":"blocks","insert_id":14,"data_keys":["page_id","type","data","order","created_at","updated_at"]}
[2025-09-24 09:54:31] DEBUG: Record inserted {"table":"blocks","insert_id":15,"data_keys":["page_id","type","data","order","created_at","updated_at"]}
[2025-09-24 09:54:31] DEBUG: Record inserted {"table":"blocks","insert_id":16,"data_keys":["page_id","type","data","order","created_at","updated_at"]}
[2025-09-24 09:54:31] DEBUG: Record inserted {"table":"blocks","insert_id":17,"data_keys":["page_id","type","data","order","created_at","updated_at"]}
[2025-09-24 09:54:31] ERROR: Invalid block data structure {"block_type":"text","page_id":7}
[2025-09-24 09:54:31] DEBUG: Record inserted {"table":"blocks","insert_id":18,"data_keys":["page_id","type","data","order","created_at","updated_at"]}
[2025-09-24 09:54:31] DEBUG: Record inserted {"table":"blocks","insert_id":19,"data_keys":["page_id","type","data","order","created_at","updated_at"]}
[2025-09-24 09:54:31] INFO: Creating new page {"title":"Luxury Penthouse Suite in Mayfair"}
[2025-09-24 09:54:31] DEBUG: Record inserted {"table":"pages","insert_id":8,"data_keys":["title","slug","status","meta_title","meta_description","created_at","updated_at"]}
[2025-09-24 09:54:31] INFO: Page created successfully {"page_id":8}
[2025-09-24 09:54:31] DEBUG: Record inserted {"table":"tags","insert_id":65,"data_keys":["name","slug","usage_count","created_at","updated_at"]}
[2025-09-24 09:54:31] DEBUG: Record inserted {"table":"page_tags","insert_id":23,"data_keys":["page_id","tag_id"]}
[2025-09-24 09:54:31] DEBUG: Record inserted {"table":"tags","insert_id":66,"data_keys":["name","slug","usage_count","created_at","updated_at"]}
[2025-09-24 09:54:31] DEBUG: Record inserted {"table":"page_tags","insert_id":24,"data_keys":["page_id","tag_id"]}
[2025-09-24 09:54:31] DEBUG: Record inserted {"table":"tags","insert_id":67,"data_keys":["name","slug","usage_count","created_at","updated_at"]}
[2025-09-24 09:54:31] DEBUG: Record inserted {"table":"page_tags","insert_id":25,"data_keys":["page_id","tag_id"]}
[2025-09-24 09:54:31] DEBUG: Record inserted {"table":"tags","insert_id":68,"data_keys":["name","slug","usage_count","created_at","updated_at"]}
[2025-09-24 09:54:31] DEBUG: Record inserted {"table":"page_tags","insert_id":26,"data_keys":["page_id","tag_id"]}
[2025-09-24 09:54:31] DEBUG: Record inserted {"table":"tags","insert_id":69,"data_keys":["name","slug","usage_count","created_at","updated_at"]}
[2025-09-24 09:54:31] DEBUG: Record inserted {"table":"page_tags","insert_id":27,"data_keys":["page_id","tag_id"]}
[2025-09-24 09:54:31] DEBUG: Record inserted {"table":"tags","insert_id":70,"data_keys":["name","slug","usage_count","created_at","updated_at"]}
[2025-09-24 09:54:31] DEBUG: Record inserted {"table":"page_tags","insert_id":28,"data_keys":["page_id","tag_id"]}
[2025-09-24 09:54:31] DEBUG: Record inserted {"table":"tags","insert_id":71,"data_keys":["name","slug","usage_count","created_at","updated_at"]}
[2025-09-24 09:54:31] DEBUG: Record inserted {"table":"page_tags","insert_id":29,"data_keys":["page_id","tag_id"]}
[2025-09-24 09:54:31] DEBUG: Record inserted {"table":"tags","insert_id":72,"data_keys":["name","slug","usage_count","created_at","updated_at"]}
[2025-09-24 09:54:31] DEBUG: Record inserted {"table":"page_tags","insert_id":30,"data_keys":["page_id","tag_id"]}
[2025-09-24 09:54:31] DEBUG: Record inserted {"table":"categories","insert_id":45,"data_keys":["name","slug","is_active","created_at","updated_at"]}
[2025-09-24 09:54:31] DEBUG: Record inserted {"table":"page_categories","insert_id":10,"data_keys":["page_id","category_id"]}
[2025-09-24 09:54:31] DEBUG: Record inserted {"table":"categories","insert_id":46,"data_keys":["name","slug","is_active","created_at","updated_at"]}
[2025-09-24 09:54:31] DEBUG: Record inserted {"table":"page_categories","insert_id":11,"data_keys":["page_id","category_id"]}
[2025-09-24 09:54:31] DEBUG: Record inserted {"table":"categories","insert_id":47,"data_keys":["name","slug","is_active","created_at","updated_at"]}
[2025-09-24 09:54:31] DEBUG: Record inserted {"table":"page_categories","insert_id":12,"data_keys":["page_id","category_id"]}
[2025-09-24 09:54:31] DEBUG: Record inserted {"table":"page_custom_fields","insert_id":12,"data_keys":["custom_field_definition_id","field_value","page_id","created_at","updated_at"]}
[2025-09-24 09:54:31] DEBUG: Record inserted {"table":"page_custom_fields","insert_id":13,"data_keys":["custom_field_definition_id","field_value","page_id","created_at","updated_at"]}
[2025-09-24 09:54:31] DEBUG: Record inserted {"table":"page_custom_fields","insert_id":14,"data_keys":["custom_field_definition_id","field_value","page_id","created_at","updated_at"]}
[2025-09-24 09:54:31] DEBUG: Record inserted {"table":"page_custom_fields","insert_id":15,"data_keys":["custom_field_definition_id","field_value","page_id","created_at","updated_at"]}
[2025-09-24 09:54:31] DEBUG: Record inserted {"table":"page_custom_fields","insert_id":16,"data_keys":["custom_field_definition_id","field_value","page_id","created_at","updated_at"]}
[2025-09-24 09:54:31] DEBUG: Record inserted {"table":"page_custom_fields","insert_id":17,"data_keys":["custom_field_definition_id","field_value","page_id","created_at","updated_at"]}
[2025-09-24 09:54:31] DEBUG: Record inserted {"table":"page_custom_fields","insert_id":18,"data_keys":["custom_field_definition_id","field_value","page_id","created_at","updated_at"]}
[2025-09-24 09:54:31] DEBUG: Record inserted {"table":"page_custom_fields","insert_id":19,"data_keys":["custom_field_definition_id","field_value","page_id","created_at","updated_at"]}
[2025-09-24 09:54:31] DEBUG: Record inserted {"table":"page_custom_fields","insert_id":20,"data_keys":["custom_field_definition_id","field_value","page_id","created_at","updated_at"]}
[2025-09-24 09:54:31] DEBUG: Record inserted {"table":"page_custom_fields","insert_id":21,"data_keys":["custom_field_definition_id","field_value","page_id","created_at","updated_at"]}
[2025-09-24 09:54:31] DEBUG: Record inserted {"table":"page_custom_fields","insert_id":22,"data_keys":["custom_field_definition_id","field_value","page_id","created_at","updated_at"]}
[2025-09-24 09:54:31] DEBUG: Record inserted {"table":"blocks","insert_id":20,"data_keys":["page_id","type","data","order","created_at","updated_at"]}
[2025-09-24 09:54:31] ERROR: Invalid block data structure {"block_type":"text","page_id":8}
[2025-09-24 09:54:31] DEBUG: Record inserted {"table":"blocks","insert_id":21,"data_keys":["page_id","type","data","order","created_at","updated_at"]}
[2025-09-24 09:54:31] DEBUG: Record inserted {"table":"blocks","insert_id":22,"data_keys":["page_id","type","data","order","created_at","updated_at"]}
[2025-09-24 09:54:31] DEBUG: Record inserted {"table":"blocks","insert_id":23,"data_keys":["page_id","type","data","order","created_at","updated_at"]}
[2025-09-24 09:54:31] DEBUG: Record inserted {"table":"blocks","insert_id":24,"data_keys":["page_id","type","data","order","created_at","updated_at"]}
[2025-09-24 09:54:31] ERROR: Invalid block data structure {"block_type":"text","page_id":8}
[2025-09-24 09:54:31] DEBUG: Record inserted {"table":"blocks","insert_id":25,"data_keys":["page_id","type","data","order","created_at","updated_at"]}
[2025-09-24 09:54:31] DEBUG: Record inserted {"table":"blocks","insert_id":26,"data_keys":["page_id","type","data","order","created_at","updated_at"]}
[2025-09-24 09:54:31] INFO: Creating new page {"title":"Contemporary Family Home in Richmond"}
[2025-09-24 09:54:31] DEBUG: Record inserted {"table":"pages","insert_id":9,"data_keys":["title","slug","status","meta_title","meta_description","created_at","updated_at"]}
[2025-09-24 09:54:31] INFO: Page created successfully {"page_id":9}
[2025-09-24 09:54:31] DEBUG: Record inserted {"table":"tags","insert_id":73,"data_keys":["name","slug","usage_count","created_at","updated_at"]}
[2025-09-24 09:54:31] DEBUG: Record inserted {"table":"page_tags","insert_id":31,"data_keys":["page_id","tag_id"]}
[2025-09-24 09:54:31] DEBUG: Record inserted {"table":"tags","insert_id":74,"data_keys":["name","slug","usage_count","created_at","updated_at"]}
[2025-09-24 09:54:31] DEBUG: Record inserted {"table":"page_tags","insert_id":32,"data_keys":["page_id","tag_id"]}
[2025-09-24 09:54:31] DEBUG: Record inserted {"table":"tags","insert_id":75,"data_keys":["name","slug","usage_count","created_at","updated_at"]}
[2025-09-24 09:54:31] DEBUG: Record inserted {"table":"page_tags","insert_id":33,"data_keys":["page_id","tag_id"]}
[2025-09-24 09:54:31] DEBUG: Record inserted {"table":"tags","insert_id":76,"data_keys":["name","slug","usage_count","created_at","updated_at"]}
[2025-09-24 09:54:31] DEBUG: Record inserted {"table":"page_tags","insert_id":34,"data_keys":["page_id","tag_id"]}
[2025-09-24 09:54:31] DEBUG: Record inserted {"table":"tags","insert_id":77,"data_keys":["name","slug","usage_count","created_at","updated_at"]}
[2025-09-24 09:54:31] DEBUG: Record inserted {"table":"page_tags","insert_id":35,"data_keys":["page_id","tag_id"]}
[2025-09-24 09:54:31] DEBUG: Record inserted {"table":"tags","insert_id":78,"data_keys":["name","slug","usage_count","created_at","updated_at"]}
[2025-09-24 09:54:31] DEBUG: Record inserted {"table":"page_tags","insert_id":36,"data_keys":["page_id","tag_id"]}
[2025-09-24 09:54:31] DEBUG: Record inserted {"table":"tags","insert_id":79,"data_keys":["name","slug","usage_count","created_at","updated_at"]}
[2025-09-24 09:54:31] DEBUG: Record inserted {"table":"page_tags","insert_id":37,"data_keys":["page_id","tag_id"]}
[2025-09-24 09:54:31] DEBUG: Record inserted {"table":"tags","insert_id":80,"data_keys":["name","slug","usage_count","created_at","updated_at"]}
[2025-09-24 09:54:31] DEBUG: Record inserted {"table":"page_tags","insert_id":38,"data_keys":["page_id","tag_id"]}
[2025-09-24 09:54:31] DEBUG: Record inserted {"table":"categories","insert_id":48,"data_keys":["name","slug","is_active","created_at","updated_at"]}
[2025-09-24 09:54:32] DEBUG: Record inserted {"table":"page_categories","insert_id":13,"data_keys":["page_id","category_id"]}
[2025-09-24 09:54:32] DEBUG: Record inserted {"table":"categories","insert_id":49,"data_keys":["name","slug","is_active","created_at","updated_at"]}
[2025-09-24 09:54:32] DEBUG: Record inserted {"table":"page_categories","insert_id":14,"data_keys":["page_id","category_id"]}
[2025-09-24 09:54:32] DEBUG: Record inserted {"table":"categories","insert_id":50,"data_keys":["name","slug","is_active","created_at","updated_at"]}
[2025-09-24 09:54:32] DEBUG: Record inserted {"table":"page_categories","insert_id":15,"data_keys":["page_id","category_id"]}
[2025-09-24 09:54:32] DEBUG: Record inserted {"table":"page_custom_fields","insert_id":23,"data_keys":["custom_field_definition_id","field_value","page_id","created_at","updated_at"]}
[2025-09-24 09:54:32] DEBUG: Record inserted {"table":"page_custom_fields","insert_id":24,"data_keys":["custom_field_definition_id","field_value","page_id","created_at","updated_at"]}
[2025-09-24 09:54:32] DEBUG: Record inserted {"table":"page_custom_fields","insert_id":25,"data_keys":["custom_field_definition_id","field_value","page_id","created_at","updated_at"]}
[2025-09-24 09:54:32] DEBUG: Record inserted {"table":"page_custom_fields","insert_id":26,"data_keys":["custom_field_definition_id","field_value","page_id","created_at","updated_at"]}
[2025-09-24 09:54:32] DEBUG: Record inserted {"table":"page_custom_fields","insert_id":27,"data_keys":["custom_field_definition_id","field_value","page_id","created_at","updated_at"]}
[2025-09-24 09:54:32] DEBUG: Record inserted {"table":"page_custom_fields","insert_id":28,"data_keys":["custom_field_definition_id","field_value","page_id","created_at","updated_at"]}
[2025-09-24 09:54:32] DEBUG: Record inserted {"table":"page_custom_fields","insert_id":29,"data_keys":["custom_field_definition_id","field_value","page_id","created_at","updated_at"]}
[2025-09-24 09:54:32] DEBUG: Record inserted {"table":"page_custom_fields","insert_id":30,"data_keys":["custom_field_definition_id","field_value","page_id","created_at","updated_at"]}
[2025-09-24 09:54:32] DEBUG: Record inserted {"table":"page_custom_fields","insert_id":31,"data_keys":["custom_field_definition_id","field_value","page_id","created_at","updated_at"]}
[2025-09-24 09:54:32] DEBUG: Record inserted {"table":"page_custom_fields","insert_id":32,"data_keys":["custom_field_definition_id","field_value","page_id","created_at","updated_at"]}
[2025-09-24 09:54:32] DEBUG: Record inserted {"table":"page_custom_fields","insert_id":33,"data_keys":["custom_field_definition_id","field_value","page_id","created_at","updated_at"]}
[2025-09-24 09:54:32] DEBUG: Record inserted {"table":"blocks","insert_id":27,"data_keys":["page_id","type","data","order","created_at","updated_at"]}
[2025-09-24 09:54:32] ERROR: Invalid block data structure {"block_type":"text","page_id":9}
[2025-09-24 09:54:32] DEBUG: Record inserted {"table":"blocks","insert_id":28,"data_keys":["page_id","type","data","order","created_at","updated_at"]}
[2025-09-24 09:54:32] DEBUG: Record inserted {"table":"blocks","insert_id":29,"data_keys":["page_id","type","data","order","created_at","updated_at"]}
[2025-09-24 09:54:32] DEBUG: Record inserted {"table":"blocks","insert_id":30,"data_keys":["page_id","type","data","order","created_at","updated_at"]}
[2025-09-24 09:54:32] DEBUG: Record inserted {"table":"blocks","insert_id":31,"data_keys":["page_id","type","data","order","created_at","updated_at"]}
[2025-09-24 09:54:32] ERROR: Invalid block data structure {"block_type":"text","page_id":9}
[2025-09-24 09:54:32] DEBUG: Record inserted {"table":"blocks","insert_id":32,"data_keys":["page_id","type","data","order","created_at","updated_at"]}
[2025-09-24 09:54:32] DEBUG: Record inserted {"table":"blocks","insert_id":33,"data_keys":["page_id","type","data","order","created_at","updated_at"]}
[2025-09-24 09:54:32] INFO: Creating new page {"title":"Charming Garden Flat in Hampstead"}
[2025-09-24 09:54:32] DEBUG: Record inserted {"table":"pages","insert_id":10,"data_keys":["title","slug","status","meta_title","meta_description","created_at","updated_at"]}
[2025-09-24 09:54:32] INFO: Page created successfully {"page_id":10}
[2025-09-24 09:54:32] DEBUG: Record inserted {"table":"tags","insert_id":81,"data_keys":["name","slug","usage_count","created_at","updated_at"]}
[2025-09-24 09:54:32] DEBUG: Record inserted {"table":"page_tags","insert_id":39,"data_keys":["page_id","tag_id"]}
[2025-09-24 09:54:32] DEBUG: Record inserted {"table":"tags","insert_id":82,"data_keys":["name","slug","usage_count","created_at","updated_at"]}
[2025-09-24 09:54:32] DEBUG: Record inserted {"table":"page_tags","insert_id":40,"data_keys":["page_id","tag_id"]}
[2025-09-24 09:54:32] DEBUG: Record inserted {"table":"tags","insert_id":83,"data_keys":["name","slug","usage_count","created_at","updated_at"]}
[2025-09-24 09:54:32] DEBUG: Record inserted {"table":"page_tags","insert_id":41,"data_keys":["page_id","tag_id"]}
[2025-09-24 09:54:32] DEBUG: Record inserted {"table":"tags","insert_id":84,"data_keys":["name","slug","usage_count","created_at","updated_at"]}
[2025-09-24 09:54:32] DEBUG: Record inserted {"table":"page_tags","insert_id":42,"data_keys":["page_id","tag_id"]}
[2025-09-24 09:54:32] DEBUG: Record inserted {"table":"tags","insert_id":85,"data_keys":["name","slug","usage_count","created_at","updated_at"]}
[2025-09-24 09:54:32] DEBUG: Record inserted {"table":"page_tags","insert_id":43,"data_keys":["page_id","tag_id"]}
[2025-09-24 09:54:32] DEBUG: Record inserted {"table":"tags","insert_id":86,"data_keys":["name","slug","usage_count","created_at","updated_at"]}
[2025-09-24 09:54:32] DEBUG: Record inserted {"table":"page_tags","insert_id":44,"data_keys":["page_id","tag_id"]}
[2025-09-24 09:54:32] DEBUG: Record inserted {"table":"categories","insert_id":51,"data_keys":["name","slug","is_active","created_at","updated_at"]}
[2025-09-24 09:54:32] DEBUG: Record inserted {"table":"page_categories","insert_id":16,"data_keys":["page_id","category_id"]}
[2025-09-24 09:54:32] DEBUG: Record inserted {"table":"categories","insert_id":52,"data_keys":["name","slug","is_active","created_at","updated_at"]}
[2025-09-24 09:54:32] DEBUG: Record inserted {"table":"page_categories","insert_id":17,"data_keys":["page_id","category_id"]}
[2025-09-24 09:54:32] DEBUG: Record inserted {"table":"categories","insert_id":53,"data_keys":["name","slug","is_active","created_at","updated_at"]}
[2025-09-24 09:54:32] DEBUG: Record inserted {"table":"page_categories","insert_id":18,"data_keys":["page_id","category_id"]}
[2025-09-24 09:54:32] DEBUG: Record inserted {"table":"page_custom_fields","insert_id":34,"data_keys":["custom_field_definition_id","field_value","page_id","created_at","updated_at"]}
[2025-09-24 09:54:32] DEBUG: Record inserted {"table":"page_custom_fields","insert_id":35,"data_keys":["custom_field_definition_id","field_value","page_id","created_at","updated_at"]}
[2025-09-24 09:54:32] DEBUG: Record inserted {"table":"page_custom_fields","insert_id":36,"data_keys":["custom_field_definition_id","field_value","page_id","created_at","updated_at"]}
[2025-09-24 09:54:32] DEBUG: Record inserted {"table":"page_custom_fields","insert_id":37,"data_keys":["custom_field_definition_id","field_value","page_id","created_at","updated_at"]}
[2025-09-24 09:54:32] DEBUG: Record inserted {"table":"page_custom_fields","insert_id":38,"data_keys":["custom_field_definition_id","field_value","page_id","created_at","updated_at"]}
[2025-09-24 09:54:32] DEBUG: Record inserted {"table":"page_custom_fields","insert_id":39,"data_keys":["custom_field_definition_id","field_value","page_id","created_at","updated_at"]}
[2025-09-24 09:54:32] DEBUG: Record inserted {"table":"page_custom_fields","insert_id":40,"data_keys":["custom_field_definition_id","field_value","page_id","created_at","updated_at"]}
[2025-09-24 09:54:32] DEBUG: Record inserted {"table":"page_custom_fields","insert_id":41,"data_keys":["custom_field_definition_id","field_value","page_id","created_at","updated_at"]}
[2025-09-24 09:54:32] DEBUG: Record inserted {"table":"page_custom_fields","insert_id":42,"data_keys":["custom_field_definition_id","field_value","page_id","created_at","updated_at"]}
[2025-09-24 09:54:32] DEBUG: Record inserted {"table":"page_custom_fields","insert_id":43,"data_keys":["custom_field_definition_id","field_value","page_id","created_at","updated_at"]}
[2025-09-24 09:54:32] DEBUG: Record inserted {"table":"page_custom_fields","insert_id":44,"data_keys":["custom_field_definition_id","field_value","page_id","created_at","updated_at"]}
[2025-09-24 09:54:32] DEBUG: Record inserted {"table":"blocks","insert_id":34,"data_keys":["page_id","type","data","order","created_at","updated_at"]}
[2025-09-24 09:54:32] ERROR: Invalid block data structure {"block_type":"text","page_id":10}
[2025-09-24 09:54:32] DEBUG: Record inserted {"table":"blocks","insert_id":35,"data_keys":["page_id","type","data","order","created_at","updated_at"]}
[2025-09-24 09:54:32] DEBUG: Record inserted {"table":"blocks","insert_id":36,"data_keys":["page_id","type","data","order","created_at","updated_at"]}
[2025-09-24 09:54:32] DEBUG: Record inserted {"table":"blocks","insert_id":37,"data_keys":["page_id","type","data","order","created_at","updated_at"]}
[2025-09-24 09:54:32] DEBUG: Record inserted {"table":"blocks","insert_id":38,"data_keys":["page_id","type","data","order","created_at","updated_at"]}
[2025-09-24 09:54:32] ERROR: Invalid block data structure {"block_type":"text","page_id":10}
[2025-09-24 09:54:32] DEBUG: Record inserted {"table":"blocks","insert_id":39,"data_keys":["page_id","type","data","order","created_at","updated_at"]}
[2025-09-24 09:54:32] DEBUG: Record inserted {"table":"blocks","insert_id":40,"data_keys":["page_id","type","data","order","created_at","updated_at"]}
[2025-09-24 09:54:32] INFO: Creating new page {"title":"Riverside Conversion in Greenwich"}
[2025-09-24 09:54:32] DEBUG: Record inserted {"table":"pages","insert_id":11,"data_keys":["title","slug","status","meta_title","meta_description","created_at","updated_at"]}
[2025-09-24 09:54:32] INFO: Page created successfully {"page_id":11}
[2025-09-24 09:54:32] DEBUG: Record inserted {"table":"tags","insert_id":87,"data_keys":["name","slug","usage_count","created_at","updated_at"]}
[2025-09-24 09:54:32] DEBUG: Record inserted {"table":"page_tags","insert_id":45,"data_keys":["page_id","tag_id"]}
[2025-09-24 09:54:32] DEBUG: Record inserted {"table":"tags","insert_id":88,"data_keys":["name","slug","usage_count","created_at","updated_at"]}
[2025-09-24 09:54:32] DEBUG: Record inserted {"table":"page_tags","insert_id":46,"data_keys":["page_id","tag_id"]}
[2025-09-24 09:54:32] DEBUG: Record inserted {"table":"tags","insert_id":89,"data_keys":["name","slug","usage_count","created_at","updated_at"]}
[2025-09-24 09:54:32] DEBUG: Record inserted {"table":"page_tags","insert_id":47,"data_keys":["page_id","tag_id"]}
[2025-09-24 09:54:32] DEBUG: Record inserted {"table":"tags","insert_id":90,"data_keys":["name","slug","usage_count","created_at","updated_at"]}
[2025-09-24 09:54:32] DEBUG: Record inserted {"table":"page_tags","insert_id":48,"data_keys":["page_id","tag_id"]}
[2025-09-24 09:54:32] DEBUG: Record inserted {"table":"tags","insert_id":91,"data_keys":["name","slug","usage_count","created_at","updated_at"]}
[2025-09-24 09:54:32] DEBUG: Record inserted {"table":"page_tags","insert_id":49,"data_keys":["page_id","tag_id"]}
[2025-09-24 09:54:32] DEBUG: Record inserted {"table":"tags","insert_id":92,"data_keys":["name","slug","usage_count","created_at","updated_at"]}
[2025-09-24 09:54:32] DEBUG: Record inserted {"table":"page_tags","insert_id":50,"data_keys":["page_id","tag_id"]}
[2025-09-24 09:54:32] DEBUG: Record inserted {"table":"tags","insert_id":93,"data_keys":["name","slug","usage_count","created_at","updated_at"]}
[2025-09-24 09:54:32] DEBUG: Record inserted {"table":"page_tags","insert_id":51,"data_keys":["page_id","tag_id"]}
[2025-09-24 09:54:32] DEBUG: Record inserted {"table":"categories","insert_id":54,"data_keys":["name","slug","is_active","created_at","updated_at"]}
[2025-09-24 09:54:32] DEBUG: Record inserted {"table":"page_categories","insert_id":19,"data_keys":["page_id","category_id"]}
[2025-09-24 09:54:32] DEBUG: Record inserted {"table":"categories","insert_id":55,"data_keys":["name","slug","is_active","created_at","updated_at"]}
[2025-09-24 09:54:32] DEBUG: Record inserted {"table":"page_categories","insert_id":20,"data_keys":["page_id","category_id"]}
[2025-09-24 09:54:32] DEBUG: Record inserted {"table":"categories","insert_id":56,"data_keys":["name","slug","is_active","created_at","updated_at"]}
[2025-09-24 09:54:32] DEBUG: Record inserted {"table":"page_categories","insert_id":21,"data_keys":["page_id","category_id"]}
[2025-09-24 09:54:32] DEBUG: Record inserted {"table":"page_custom_fields","insert_id":45,"data_keys":["custom_field_definition_id","field_value","page_id","created_at","updated_at"]}
[2025-09-24 09:54:32] DEBUG: Record inserted {"table":"page_custom_fields","insert_id":46,"data_keys":["custom_field_definition_id","field_value","page_id","created_at","updated_at"]}
[2025-09-24 09:54:32] DEBUG: Record inserted {"table":"page_custom_fields","insert_id":47,"data_keys":["custom_field_definition_id","field_value","page_id","created_at","updated_at"]}
[2025-09-24 09:54:32] DEBUG: Record inserted {"table":"page_custom_fields","insert_id":48,"data_keys":["custom_field_definition_id","field_value","page_id","created_at","updated_at"]}
[2025-09-24 09:54:32] DEBUG: Record inserted {"table":"page_custom_fields","insert_id":49,"data_keys":["custom_field_definition_id","field_value","page_id","created_at","updated_at"]}
[2025-09-24 09:54:32] DEBUG: Record inserted {"table":"page_custom_fields","insert_id":50,"data_keys":["custom_field_definition_id","field_value","page_id","created_at","updated_at"]}
[2025-09-24 09:54:32] DEBUG: Record inserted {"table":"page_custom_fields","insert_id":51,"data_keys":["custom_field_definition_id","field_value","page_id","created_at","updated_at"]}
[2025-09-24 09:54:32] DEBUG: Record inserted {"table":"page_custom_fields","insert_id":52,"data_keys":["custom_field_definition_id","field_value","page_id","created_at","updated_at"]}
[2025-09-24 09:54:32] DEBUG: Record inserted {"table":"page_custom_fields","insert_id":53,"data_keys":["custom_field_definition_id","field_value","page_id","created_at","updated_at"]}
[2025-09-24 09:54:32] DEBUG: Record inserted {"table":"page_custom_fields","insert_id":54,"data_keys":["custom_field_definition_id","field_value","page_id","created_at","updated_at"]}
[2025-09-24 09:54:32] DEBUG: Record inserted {"table":"page_custom_fields","insert_id":55,"data_keys":["custom_field_definition_id","field_value","page_id","created_at","updated_at"]}
[2025-09-24 09:54:32] DEBUG: Record inserted {"table":"blocks","insert_id":41,"data_keys":["page_id","type","data","order","created_at","updated_at"]}
[2025-09-24 09:54:32] ERROR: Invalid block data structure {"block_type":"text","page_id":11}
[2025-09-24 09:54:32] DEBUG: Record inserted {"table":"blocks","insert_id":42,"data_keys":["page_id","type","data","order","created_at","updated_at"]}
[2025-09-24 09:54:32] DEBUG: Record inserted {"table":"blocks","insert_id":43,"data_keys":["page_id","type","data","order","created_at","updated_at"]}
[2025-09-24 09:54:32] DEBUG: Record inserted {"table":"blocks","insert_id":44,"data_keys":["page_id","type","data","order","created_at","updated_at"]}
[2025-09-24 09:54:32] DEBUG: Record inserted {"table":"blocks","insert_id":45,"data_keys":["page_id","type","data","order","created_at","updated_at"]}
[2025-09-24 09:54:32] ERROR: Invalid block data structure {"block_type":"text","page_id":11}
[2025-09-24 09:54:32] DEBUG: Record inserted {"table":"blocks","insert_id":46,"data_keys":["page_id","type","data","order","created_at","updated_at"]}
[2025-09-24 09:54:32] DEBUG: Record inserted {"table":"blocks","insert_id":47,"data_keys":["page_id","type","data","order","created_at","updated_at"]}
[2025-09-24 09:54:32] INFO: Creating new page {"title":"Georgian Townhouse in Marylebone"}
[2025-09-24 09:54:32] DEBUG: Record inserted {"table":"pages","insert_id":12,"data_keys":["title","slug","status","meta_title","meta_description","created_at","updated_at"]}
[2025-09-24 09:54:32] INFO: Page created successfully {"page_id":12}
[2025-09-24 09:54:32] DEBUG: Record inserted {"table":"tags","insert_id":94,"data_keys":["name","slug","usage_count","created_at","updated_at"]}
[2025-09-24 09:54:32] DEBUG: Record inserted {"table":"page_tags","insert_id":52,"data_keys":["page_id","tag_id"]}
[2025-09-24 09:54:32] DEBUG: Record inserted {"table":"tags","insert_id":95,"data_keys":["name","slug","usage_count","created_at","updated_at"]}
[2025-09-24 09:54:32] DEBUG: Record inserted {"table":"page_tags","insert_id":53,"data_keys":["page_id","tag_id"]}
[2025-09-24 09:54:32] DEBUG: Record inserted {"table":"tags","insert_id":96,"data_keys":["name","slug","usage_count","created_at","updated_at"]}
[2025-09-24 09:54:32] DEBUG: Record inserted {"table":"page_tags","insert_id":54,"data_keys":["page_id","tag_id"]}
[2025-09-24 09:54:32] DEBUG: Record inserted {"table":"tags","insert_id":97,"data_keys":["name","slug","usage_count","created_at","updated_at"]}
[2025-09-24 09:54:32] DEBUG: Record inserted {"table":"page_tags","insert_id":55,"data_keys":["page_id","tag_id"]}
[2025-09-24 09:54:32] DEBUG: Record inserted {"table":"tags","insert_id":98,"data_keys":["name","slug","usage_count","created_at","updated_at"]}
[2025-09-24 09:54:32] DEBUG: Record inserted {"table":"page_tags","insert_id":56,"data_keys":["page_id","tag_id"]}
[2025-09-24 09:54:32] DEBUG: Record inserted {"table":"tags","insert_id":99,"data_keys":["name","slug","usage_count","created_at","updated_at"]}
[2025-09-24 09:54:32] DEBUG: Record inserted {"table":"page_tags","insert_id":57,"data_keys":["page_id","tag_id"]}
[2025-09-24 09:54:32] DEBUG: Record inserted {"table":"categories","insert_id":57,"data_keys":["name","slug","is_active","created_at","updated_at"]}
[2025-09-24 09:54:32] DEBUG: Record inserted {"table":"page_categories","insert_id":22,"data_keys":["page_id","category_id"]}
[2025-09-24 09:54:32] DEBUG: Record inserted {"table":"categories","insert_id":58,"data_keys":["name","slug","is_active","created_at","updated_at"]}
[2025-09-24 09:54:32] DEBUG: Record inserted {"table":"page_categories","insert_id":23,"data_keys":["page_id","category_id"]}
[2025-09-24 09:54:32] DEBUG: Record inserted {"table":"categories","insert_id":59,"data_keys":["name","slug","is_active","created_at","updated_at"]}
[2025-09-24 09:54:32] DEBUG: Record inserted {"table":"page_categories","insert_id":24,"data_keys":["page_id","category_id"]}
[2025-09-24 09:54:32] DEBUG: Record inserted {"table":"page_custom_fields","insert_id":56,"data_keys":["custom_field_definition_id","field_value","page_id","created_at","updated_at"]}
[2025-09-24 09:54:32] DEBUG: Record inserted {"table":"page_custom_fields","insert_id":57,"data_keys":["custom_field_definition_id","field_value","page_id","created_at","updated_at"]}
[2025-09-24 09:54:32] DEBUG: Record inserted {"table":"page_custom_fields","insert_id":58,"data_keys":["custom_field_definition_id","field_value","page_id","created_at","updated_at"]}
[2025-09-24 09:54:32] DEBUG: Record inserted {"table":"page_custom_fields","insert_id":59,"data_keys":["custom_field_definition_id","field_value","page_id","created_at","updated_at"]}
[2025-09-24 09:54:32] DEBUG: Record inserted {"table":"page_custom_fields","insert_id":60,"data_keys":["custom_field_definition_id","field_value","page_id","created_at","updated_at"]}
[2025-09-24 09:54:32] DEBUG: Record inserted {"table":"page_custom_fields","insert_id":61,"data_keys":["custom_field_definition_id","field_value","page_id","created_at","updated_at"]}
[2025-09-24 09:54:32] DEBUG: Record inserted {"table":"page_custom_fields","insert_id":62,"data_keys":["custom_field_definition_id","field_value","page_id","created_at","updated_at"]}
[2025-09-24 09:54:32] DEBUG: Record inserted {"table":"page_custom_fields","insert_id":63,"data_keys":["custom_field_definition_id","field_value","page_id","created_at","updated_at"]}
[2025-09-24 09:54:32] DEBUG: Record inserted {"table":"page_custom_fields","insert_id":64,"data_keys":["custom_field_definition_id","field_value","page_id","created_at","updated_at"]}
[2025-09-24 09:54:32] DEBUG: Record inserted {"table":"page_custom_fields","insert_id":65,"data_keys":["custom_field_definition_id","field_value","page_id","created_at","updated_at"]}
[2025-09-24 09:54:32] DEBUG: Record inserted {"table":"page_custom_fields","insert_id":66,"data_keys":["custom_field_definition_id","field_value","page_id","created_at","updated_at"]}
[2025-09-24 09:54:32] DEBUG: Record inserted {"table":"blocks","insert_id":48,"data_keys":["page_id","type","data","order","created_at","updated_at"]}
[2025-09-24 09:54:32] ERROR: Invalid block data structure {"block_type":"text","page_id":12}
[2025-09-24 09:54:32] DEBUG: Record inserted {"table":"blocks","insert_id":49,"data_keys":["page_id","type","data","order","created_at","updated_at"]}
[2025-09-24 09:54:32] DEBUG: Record inserted {"table":"blocks","insert_id":50,"data_keys":["page_id","type","data","order","created_at","updated_at"]}
[2025-09-24 09:54:32] DEBUG: Record inserted {"table":"blocks","insert_id":51,"data_keys":["page_id","type","data","order","created_at","updated_at"]}
[2025-09-24 09:54:32] DEBUG: Record inserted {"table":"blocks","insert_id":52,"data_keys":["page_id","type","data","order","created_at","updated_at"]}
[2025-09-24 09:54:32] ERROR: Invalid block data structure {"block_type":"text","page_id":12}
[2025-09-24 09:54:32] DEBUG: Record inserted {"table":"blocks","insert_id":53,"data_keys":["page_id","type","data","order","created_at","updated_at"]}
[2025-09-24 09:54:32] DEBUG: Record inserted {"table":"blocks","insert_id":54,"data_keys":["page_id","type","data","order","created_at","updated_at"]}
[2025-09-24 09:54:52] INFO: Database connection established {"driver":"mysql","host":"db","database":"block_cms","connection_time":"1.46ms"}
[2025-09-24 09:55:59] INFO: Database connection established {"driver":"mysql","host":"db","database":"block_cms","connection_time":"1.75ms"}
[2025-09-24 09:56:24] INFO: Database connection established {"driver":"mysql","host":"db","database":"block_cms","connection_time":"1.09ms"}
[2025-09-24 09:57:04] INFO: Database connection established {"driver":"mysql","host":"db","database":"block_cms","connection_time":"2.57ms"}
[2025-09-24 09:57:16] INFO: Database connection established {"driver":"mysql","host":"db","database":"block_cms","connection_time":"1.61ms"}
[2025-09-24 09:58:11] INFO: Database connection established {"driver":"mysql","host":"db","database":"block_cms","connection_time":"1.31ms"}
[2025-09-24 09:59:17] INFO: Database connection established {"driver":"mysql","host":"db","database":"block_cms","connection_time":"2.51ms"}
[2025-09-24 10:00:28] INFO: Database connection established {"driver":"mysql","host":"db","database":"block_cms","connection_time":"2ms"}
[2025-09-24 10:01:10] INFO: Database connection established {"driver":"mysql","host":"db","database":"block_cms","connection_time":"1.79ms"}
[2025-09-24 10:01:32] INFO: Database connection established {"driver":"mysql","host":"db","database":"block_cms","connection_time":"1.71ms"}
[2025-09-24 10:07:29] INFO: Database connection established {"driver":"mysql","host":"db","database":"block_cms","connection_time":"1.66ms"}
[2025-09-24 10:08:34] INFO: Database connection established {"driver":"mysql","host":"db","database":"block_cms","connection_time":"1.64ms"}
[2025-09-24 10:10:30] INFO: Database connection established {"driver":"mysql","host":"db","database":"block_cms","connection_time":"1.38ms"}
[2025-09-24 10:12:04] INFO: Database connection established {"driver":"mysql","host":"db","database":"block_cms","connection_time":"1.67ms"}
[2025-09-24 10:13:24] INFO: Database connection established {"driver":"mysql","host":"db","database":"block_cms","connection_time":"1.51ms"}
[2025-09-24 10:13:25] INFO: Database connection established {"driver":"mysql","host":"db","database":"block_cms","connection_time":"1.59ms"}
[2025-09-24 10:13:25] INFO: Database connection established {"driver":"mysql","host":"db","database":"block_cms","connection_time":"5.93ms"}
[2025-09-24 10:13:25] INFO: Database connection established {"driver":"mysql","host":"db","database":"block_cms","connection_time":"1.14ms"}
[2025-09-24 10:13:25] INFO: Database connection established {"driver":"mysql","host":"db","database":"block_cms","connection_time":"1.19ms"}
[2025-09-24 10:13:25] INFO: Database connection established {"driver":"mysql","host":"db","database":"block_cms","connection_time":"1.1ms"}
[2025-09-24 10:13:26] INFO: Database connection established {"driver":"mysql","host":"db","database":"block_cms","connection_time":"1.07ms"}
[2025-09-24 10:13:26] INFO: Database connection established {"driver":"mysql","host":"db","database":"block_cms","connection_time":"1.75ms"}
[2025-09-24 10:13:26] INFO: Database connection established {"driver":"mysql","host":"db","database":"block_cms","connection_time":"1ms"}
[2025-09-24 10:13:26] INFO: Database connection established {"driver":"mysql","host":"db","database":"block_cms","connection_time":"1.26ms"}
[2025-09-24 10:15:40] INFO: Database connection established {"driver":"mysql","host":"db","database":"block_cms","connection_time":"1.84ms"}
[2025-09-24 10:16:45] INFO: Database connection established {"driver":"mysql","host":"db","database":"block_cms","connection_time":"1.81ms"}
[2025-09-24 10:17:23] INFO: Database connection established {"driver":"mysql","host":"db","database":"block_cms","connection_time":"2.91ms"}
[2025-09-24 10:17:29] INFO: Database connection established {"driver":"mysql","host":"db","database":"block_cms","connection_time":"1.57ms"}
[2025-09-24 10:17:52] INFO: Database connection established {"driver":"mysql","host":"db","database":"block_cms","connection_time":"0.96ms"}
[2025-09-24 10:18:16] INFO: Database connection established {"driver":"mysql","host":"db","database":"block_cms","connection_time":"1.62ms"}
[2025-09-24 10:20:21] INFO: Database connection established {"driver":"mysql","host":"db","database":"block_cms","connection_time":"1.53ms"}
[2025-09-24 10:20:33] INFO: Database connection established {"driver":"mysql","host":"db","database":"block_cms","connection_time":"0.58ms"}
[2025-09-24 10:21:02] INFO: Database connection established {"driver":"mysql","host":"db","database":"block_cms","connection_time":"1.72ms"}
[2025-09-24 10:21:09] INFO: Database connection established {"driver":"mysql","host":"db","database":"block_cms","connection_time":"1.53ms"}
[2025-09-24 10:21:37] INFO: Database connection established {"driver":"mysql","host":"db","database":"block_cms","connection_time":"1.42ms"}
[2025-09-24 10:21:40] INFO: Database connection established {"driver":"mysql","host":"db","database":"block_cms","connection_time":"1.92ms"}
[2025-09-24 10:24:44] INFO: Database connection established {"driver":"mysql","host":"db","database":"block_cms","connection_time":"1.66ms"}
[2025-09-24 10:25:28] INFO: Database connection established {"driver":"mysql","host":"db","database":"block_cms","connection_time":"0.97ms"}
[2025-09-24 10:25:58] INFO: Database connection established {"driver":"mysql","host":"db","database":"block_cms","connection_time":"1.61ms"}
[2025-09-24 10:26:36] INFO: Database connection established {"driver":"mysql","host":"db","database":"block_cms","connection_time":"1.64ms"}
[2025-09-24 10:28:55] INFO: Database connection established {"driver":"mysql","host":"db","database":"block_cms","connection_time":"1.79ms"}
[2025-09-24 10:29:17] INFO: Database connection established {"driver":"mysql","host":"db","database":"block_cms","connection_time":"1.7ms"}
[2025-09-24 10:29:43] INFO: Database connection established {"driver":"mysql","host":"db","database":"block_cms","connection_time":"1.5ms"}
[2025-09-24 10:30:06] INFO: Database connection established {"driver":"mysql","host":"db","database":"block_cms","connection_time":"1.59ms"}
[2025-09-24 10:30:40] INFO: Database connection established {"driver":"mysql","host":"db","database":"block_cms","connection_time":"1.85ms"}
[2025-09-24 10:33:07] INFO: Database connection established {"driver":"mysql","host":"db","database":"block_cms","connection_time":"1.88ms"}
[2025-09-24 10:33:33] INFO: Database connection established {"driver":"mysql","host":"db","database":"block_cms","connection_time":"0.49ms"}
[2025-09-24 10:33:54] INFO: Database connection established {"driver":"mysql","host":"db","database":"block_cms","connection_time":"1.35ms"}
[2025-09-24 10:35:10] INFO: Database connection established {"driver":"mysql","host":"db","database":"block_cms","connection_time":"1.6ms"}
[2025-09-24 10:35:48] INFO: Database connection established {"driver":"mysql","host":"db","database":"block_cms","connection_time":"1.97ms"}
[2025-09-24 10:37:55] INFO: Database connection established {"driver":"mysql","host":"db","database":"block_cms","connection_time":"1.58ms"}
[2025-09-24 10:39:08] INFO: Database connection established {"driver":"mysql","host":"db","database":"block_cms","connection_time":"2.64ms"}
[2025-09-24 10:40:30] INFO: Database connection established {"driver":"mysql","host":"db","database":"block_cms","connection_time":"1.2ms"}
[2025-09-24 10:43:24] INFO: Database connection established {"driver":"mysql","host":"db","database":"block_cms","connection_time":"1.57ms"}
[2025-09-24 10:45:07] INFO: Database connection established {"driver":"mysql","host":"db","database":"block_cms","connection_time":"0.75ms"}
[2025-09-24 10:57:12] INFO: Database connection established {"driver":"mysql","host":"db","database":"block_cms","connection_time":"1.1ms"}
[2025-09-24 10:58:07] INFO: Database connection established {"driver":"mysql","host":"db","database":"block_cms","connection_time":"1.61ms"}
[2025-09-24 10:58:21] INFO: Database connection established {"driver":"mysql","host":"db","database":"block_cms","connection_time":"1.74ms"}
[2025-09-24 10:58:33] INFO: Database connection established {"driver":"mysql","host":"db","database":"block_cms","connection_time":"1.22ms"}
[2025-09-24 10:59:05] INFO: Database connection established {"driver":"mysql","host":"db","database":"block_cms","connection_time":"2.15ms"}
[2025-09-24 10:59:31] INFO: Database connection established {"driver":"mysql","host":"db","database":"block_cms","connection_time":"1.7ms"}
[2025-09-24 11:00:44] INFO: Database connection established {"driver":"mysql","host":"db","database":"block_cms","connection_time":"1.51ms"}
[2025-09-24 11:01:35] INFO: Database connection established {"driver":"mysql","host":"db","database":"block_cms","connection_time":"0.99ms"}
[2025-09-24 11:01:51] INFO: Database connection established {"driver":"mysql","host":"db","database":"block_cms","connection_time":"2.32ms"}
[2025-09-24 11:02:05] INFO: Database connection established {"driver":"mysql","host":"db","database":"block_cms","connection_time":"1.67ms"}
[2025-09-24 11:02:20] INFO: Database connection established {"driver":"mysql","host":"db","database":"block_cms","connection_time":"0.94ms"}
[2025-09-24 11:03:02] INFO: Database connection established {"driver":"mysql","host":"db","database":"block_cms","connection_time":"0.76ms"}
[2025-09-24 11:03:28] INFO: Database connection established {"driver":"mysql","host":"db","database":"block_cms","connection_time":"1.9ms"}
[2025-09-24 11:03:45] INFO: Database connection established {"driver":"mysql","host":"db","database":"block_cms","connection_time":"1.74ms"}
[2025-09-24 11:04:01] INFO: Database connection established {"driver":"mysql","host":"db","database":"block_cms","connection_time":"1.79ms"}
[2025-09-24 11:04:35] INFO: Database connection established {"driver":"mysql","host":"db","database":"block_cms","connection_time":"1.86ms"}
[2025-09-24 11:04:53] INFO: Database connection established {"driver":"mysql","host":"db","database":"block_cms","connection_time":"1.71ms"}
[2025-09-24 11:05:07] INFO: Database connection established {"driver":"mysql","host":"db","database":"block_cms","connection_time":"1.85ms"}
[2025-09-24 11:05:30] INFO: Database connection established {"driver":"mysql","host":"db","database":"block_cms","connection_time":"1.52ms"}
[2025-09-24 11:06:05] INFO: Database connection established {"driver":"mysql","host":"db","database":"block_cms","connection_time":"1.79ms"}
[2025-09-24 11:06:26] INFO: Database connection established {"driver":"mysql","host":"db","database":"block_cms","connection_time":"4.25ms"}
[2025-09-24 11:06:38] INFO: Database connection established {"driver":"mysql","host":"db","database":"block_cms","connection_time":"1.74ms"}
[2025-09-24 11:06:47] INFO: Database connection established {"driver":"mysql","host":"db","database":"block_cms","connection_time":"1.8ms"}
[2025-09-24 11:06:59] INFO: Database connection established {"driver":"mysql","host":"db","database":"block_cms","connection_time":"1.52ms"}
[2025-09-24 11:07:28] INFO: Database connection established {"driver":"mysql","host":"db","database":"block_cms","connection_time":"1.42ms"}
[2025-09-24 11:08:09] INFO: Database connection established {"driver":"mysql","host":"db","database":"block_cms","connection_time":"1.57ms"}
[2025-09-24 11:08:28] INFO: Database connection established {"driver":"mysql","host":"db","database":"block_cms","connection_time":"1.45ms"}
[2025-09-24 11:08:37] INFO: Database connection established {"driver":"mysql","host":"db","database":"block_cms","connection_time":"1.74ms"}
[2025-09-24 11:09:18] INFO: Database connection established {"driver":"mysql","host":"db","database":"block_cms","connection_time":"1.61ms"}
[2025-09-24 11:09:28] INFO: Database connection established {"driver":"mysql","host":"db","database":"block_cms","connection_time":"0.77ms"}
[2025-09-24 11:10:08] INFO: Database connection established {"driver":"mysql","host":"db","database":"block_cms","connection_time":"1.47ms"}
[2025-09-24 11:10:24] INFO: Database connection established {"driver":"mysql","host":"db","database":"block_cms","connection_time":"1.09ms"}
[2025-09-24 11:10:39] INFO: Database connection established {"driver":"mysql","host":"db","database":"block_cms","connection_time":"1.74ms"}
[2025-09-24 11:10:51] INFO: Database connection established {"driver":"mysql","host":"db","database":"block_cms","connection_time":"1.62ms"}
[2025-09-24 11:11:04] INFO: Database connection established {"driver":"mysql","host":"db","database":"block_cms","connection_time":"1.24ms"}
[2025-09-24 11:11:26] INFO: Database connection established {"driver":"mysql","host":"db","database":"block_cms","connection_time":"1.54ms"}
[2025-09-24 11:11:40] INFO: Database connection established {"driver":"mysql","host":"db","database":"block_cms","connection_time":"1.59ms"}
[2025-09-24 11:12:22] INFO: Database connection established {"driver":"mysql","host":"db","database":"block_cms","connection_time":"1.71ms"}
[2025-09-24 11:12:49] INFO: Database connection established {"driver":"mysql","host":"db","database":"block_cms","connection_time":"1.64ms"}
[2025-09-24 11:13:17] INFO: Database connection established {"driver":"mysql","host":"db","database":"block_cms","connection_time":"1.65ms"}
[2025-09-24 11:13:31] INFO: Database connection established {"driver":"mysql","host":"db","database":"block_cms","connection_time":"1.68ms"}
[2025-09-24 11:14:10] INFO: Database connection established {"driver":"mysql","host":"db","database":"block_cms","connection_time":"1.63ms"}
[2025-09-24 11:14:34] INFO: Database connection established {"driver":"mysql","host":"db","database":"block_cms","connection_time":"1.55ms"}
[2025-09-24 11:14:50] INFO: Database connection established {"driver":"mysql","host":"db","database":"block_cms","connection_time":"0.86ms"}
[2025-09-24 11:15:18] INFO: Database connection established {"driver":"mysql","host":"db","database":"block_cms","connection_time":"1.59ms"}
[2025-09-24 11:17:03] INFO: Database connection established {"driver":"mysql","host":"db","database":"block_cms","connection_time":"1.44ms"}
[2025-09-24 11:17:24] INFO: Database connection established {"driver":"mysql","host":"db","database":"block_cms","connection_time":"1.63ms"}
[2025-09-24 11:17:42] INFO: Database connection established {"driver":"mysql","host":"db","database":"block_cms","connection_time":"1.64ms"}
[2025-09-24 11:18:05] INFO: Database connection established {"driver":"mysql","host":"db","database":"block_cms","connection_time":"1.57ms"}
[2025-09-24 11:18:21] INFO: Database connection established {"driver":"mysql","host":"db","database":"block_cms","connection_time":"1.88ms"}
[2025-09-24 11:19:28] INFO: Database connection established {"driver":"mysql","host":"db","database":"block_cms","connection_time":"1.85ms"}
[2025-09-24 11:19:39] INFO: Database connection established {"driver":"mysql","host":"db","database":"block_cms","connection_time":"1.68ms"}
[2025-09-24 11:19:55] INFO: Database connection established {"driver":"mysql","host":"db","database":"block_cms","connection_time":"1.18ms"}
[2025-09-24 11:20:09] INFO: Database connection established {"driver":"mysql","host":"db","database":"block_cms","connection_time":"2.41ms"}
[2025-09-24 11:20:32] INFO: Database connection established {"driver":"mysql","host":"db","database":"block_cms","connection_time":"1.87ms"}
[2025-09-24 11:20:49] INFO: Database connection established {"driver":"mysql","host":"db","database":"block_cms","connection_time":"1.53ms"}
[2025-09-24 11:21:38] INFO: Database connection established {"driver":"mysql","host":"db","database":"block_cms","connection_time":"0.82ms"}
[2025-09-24 11:21:46] INFO: Database connection established {"driver":"mysql","host":"db","database":"block_cms","connection_time":"1.68ms"}
[2025-09-24 11:22:39] INFO: Database connection established {"driver":"mysql","host":"db","database":"block_cms","connection_time":"1.58ms"}
[2025-09-24 11:24:23] INFO: Database connection established {"driver":"mysql","host":"db","database":"block_cms","connection_time":"1.84ms"}
[2025-09-24 11:24:37] INFO: Database connection established {"driver":"mysql","host":"db","database":"block_cms","connection_time":"2.27ms"}
[2025-09-24 11:24:49] INFO: Database connection established {"driver":"mysql","host":"db","database":"block_cms","connection_time":"1.06ms"}
[2025-09-24 11:24:54] INFO: Database connection established {"driver":"mysql","host":"db","database":"block_cms","connection_time":"1.83ms"}
[2025-09-24 11:25:20] INFO: Database connection established {"driver":"mysql","host":"db","database":"block_cms","connection_time":"1.48ms"}
[2025-09-24 11:25:38] INFO: Database connection established {"driver":"mysql","host":"db","database":"block_cms","connection_time":"2.34ms"}
[2025-09-24 11:25:40] INFO: Database connection established {"driver":"mysql","host":"db","database":"block_cms","connection_time":"0.73ms"}
[2025-09-24 11:25:48] INFO: Database connection established {"driver":"mysql","host":"db","database":"block_cms","connection_time":"2.65ms"}
[2025-09-24 11:26:04] INFO: Database connection established {"driver":"mysql","host":"db","database":"block_cms","connection_time":"1.96ms"}
[2025-09-24 11:26:08] INFO: Database connection established {"driver":"mysql","host":"db","database":"block_cms","connection_time":"1.29ms"}
[2025-09-24 11:27:08] INFO: Database connection established {"driver":"mysql","host":"db","database":"block_cms","connection_time":"1.64ms"}
[2025-09-24 11:27:39] INFO: Database connection established {"driver":"mysql","host":"db","database":"block_cms","connection_time":"2.03ms"}
[2025-09-24 11:29:42] INFO: Database connection established {"driver":"mysql","host":"db","database":"block_cms","connection_time":"1.19ms"}
[2025-09-24 11:30:31] INFO: Database connection established {"driver":"mysql","host":"db","database":"block_cms","connection_time":"1.69ms"}
[2025-09-24 11:31:15] INFO: Database connection established {"driver":"mysql","host":"db","database":"block_cms","connection_time":"0.91ms"}
[2025-09-24 11:31:19] INFO: Database connection established {"driver":"mysql","host":"db","database":"block_cms","connection_time":"1.13ms"}
[2025-09-24 11:31:59] INFO: Database connection established {"driver":"mysql","host":"db","database":"block_cms","connection_time":"1.84ms"}
[2025-09-24 11:32:00] INFO: Database connection established {"driver":"mysql","host":"db","database":"block_cms","connection_time":"1.61ms"}
[2025-09-24 11:32:01] INFO: Database connection established {"driver":"mysql","host":"db","database":"block_cms","connection_time":"0.9ms"}
[2025-09-24 11:32:34] INFO: Database connection established {"driver":"mysql","host":"db","database":"block_cms","connection_time":"1.77ms"}
[2025-09-24 11:32:55] INFO: Database connection established {"driver":"mysql","host":"db","database":"block_cms","connection_time":"1.58ms"}
[2025-09-24 11:33:34] INFO: Database connection established {"driver":"mysql","host":"db","database":"block_cms","connection_time":"1.86ms"}
[2025-09-24 11:35:19] INFO: Database connection established {"driver":"mysql","host":"db","database":"block_cms","connection_time":"1.38ms"}
[2025-09-24 11:35:25] INFO: Database connection established {"driver":"mysql","host":"db","database":"block_cms","connection_time":"1.06ms"}
[2025-09-24 11:35:40] INFO: Database connection established {"driver":"mysql","host":"db","database":"block_cms","connection_time":"1.79ms"}
[2025-09-24 11:36:25] INFO: Database connection established {"driver":"mysql","host":"db","database":"block_cms","connection_time":"1.26ms"}
[2025-09-24 14:10:27] INFO: Database connection established {"driver":"mysql","host":"127.0.0.1","database":"block_cms","connection_time":"2.66ms"}
[2025-09-24 14:11:25] INFO: Database connection established {"driver":"mysql","host":"127.0.0.1","database":"block_cms","connection_time":"4.2ms"}
[2025-09-24 14:11:25] DEBUG: Record inserted {"table":"migrations","insert_id":19,"data_keys":["migration","batch"]}
[2025-09-24 14:14:40] INFO: Database connection established {"driver":"mysql","host":"db","database":"block_cms","connection_time":"1.83ms"}
[2025-09-24 14:14:40] INFO: Database connection established {"driver":"mysql","host":"db","database":"block_cms","connection_time":"0.87ms"}
[2025-09-24 14:14:43] INFO: Database connection established {"driver":"mysql","host":"db","database":"block_cms","connection_time":"2.5ms"}
[2025-09-24 14:14:46] INFO: Database connection established {"driver":"mysql","host":"db","database":"block_cms","connection_time":"1.75ms"}
[2025-09-24 14:15:09] INFO: Database connection established {"driver":"mysql","host":"db","database":"block_cms","connection_time":"2.7ms"}
[2025-09-24 14:15:24] INFO: Database connection established {"driver":"mysql","host":"db","database":"block_cms","connection_time":"2.36ms"}
[2025-09-24 14:15:33] INFO: Database connection established {"driver":"mysql","host":"db","database":"block_cms","connection_time":"2.38ms"}
[2025-09-24 14:17:12] INFO: Database connection established {"driver":"mysql","host":"127.0.0.1","database":"block_cms","connection_time":"1.37ms"}
[2025-09-24 14:17:12] INFO: Database connection established {"driver":"mysql","host":"127.0.0.1","database":"block_cms","connection_time":"0.97ms"}
[2025-09-24 14:17:12] DEBUG: Record inserted {"table":"custom_field_definitions","insert_id":16,"data_keys":["key","name","type","is_active","sort_order","created_at","updated_at"]}
[2025-09-24 14:17:12] DEBUG: Record inserted {"table":"custom_field_definitions","insert_id":17,"data_keys":["key","name","type","is_active","sort_order","created_at","updated_at"]}
[2025-09-24 14:17:12] DEBUG: Record inserted {"table":"custom_field_definitions","insert_id":18,"data_keys":["key","name","type","is_active","sort_order","created_at","updated_at"]}
[2025-09-24 14:18:28] INFO: Database connection established {"driver":"mysql","host":"db","database":"block_cms","connection_time":"0.79ms"}
[2025-09-24 14:23:11] INFO: Database connection established {"driver":"mysql","host":"db","database":"block_cms","connection_time":"1.61ms"}
[2025-09-24 14:23:23] INFO: Database connection established {"driver":"mysql","host":"db","database":"block_cms","connection_time":"1.91ms"}
[2025-09-24 14:24:28] INFO: Database connection established {"driver":"mysql","host":"db","database":"block_cms","connection_time":"1.71ms"}
[2025-09-24 14:24:55] INFO: Database connection established {"driver":"mysql","host":"db","database":"block_cms","connection_time":"3ms"}
[2025-09-24 14:25:15] INFO: Database connection established {"driver":"mysql","host":"db","database":"block_cms","connection_time":"1.78ms"}
[2025-09-24 14:25:50] INFO: Database connection established {"driver":"mysql","host":"db","database":"block_cms","connection_time":"1.97ms"}
[2025-09-24 14:26:39] INFO: Database connection established {"driver":"mysql","host":"db","database":"block_cms","connection_time":"1ms"}
[2025-09-24 14:27:40] INFO: Database connection established {"driver":"mysql","host":"db","database":"block_cms","connection_time":"1.75ms"}
[2025-09-24 14:27:57] INFO: Database connection established {"driver":"mysql","host":"db","database":"block_cms","connection_time":"1.71ms"}
[2025-09-24 14:28:55] INFO: Database connection established {"driver":"mysql","host":"db","database":"block_cms","connection_time":"2.47ms"}
[2025-09-24 14:29:24] INFO: Database connection established {"driver":"mysql","host":"db","database":"block_cms","connection_time":"1.63ms"}
[2025-09-24 14:30:17] INFO: Database connection established {"driver":"mysql","host":"db","database":"block_cms","connection_time":"1.95ms"}
[2025-09-24 14:31:23] INFO: Database connection established {"driver":"mysql","host":"db","database":"block_cms","connection_time":"1.78ms"}
[2025-09-24 14:31:34] INFO: Database connection established {"driver":"mysql","host":"db","database":"block_cms","connection_time":"1.83ms"}
[2025-09-24 14:32:44] INFO: Database connection established {"driver":"mysql","host":"127.0.0.1","database":"block_cms","connection_time":"1.97ms"}
[2025-09-24 14:33:29] INFO: Database connection established {"driver":"mysql","host":"127.0.0.1","database":"block_cms","connection_time":"4.31ms"}
[2025-09-24 14:33:29] DEBUG: Record inserted {"table":"migrations","insert_id":20,"data_keys":["migration","batch"]}
[2025-09-24 14:33:56] INFO: Database connection established {"driver":"mysql","host":"db","database":"block_cms","connection_time":"1.44ms"}
[2025-09-24 14:33:57] INFO: Database connection established {"driver":"mysql","host":"db","database":"block_cms","connection_time":"1.61ms"}
[2025-09-24 14:33:57] INFO: Database connection established {"driver":"mysql","host":"db","database":"block_cms","connection_time":"1.97ms"}
[2025-09-24 14:34:49] INFO: Database connection established {"driver":"mysql","host":"db","database":"block_cms","connection_time":"1.23ms"}
[2025-09-24 14:36:21] INFO: Database connection established {"driver":"mysql","host":"db","database":"block_cms","connection_time":"1.05ms"}
[2025-09-24 14:36:21] INFO: Database connection established {"driver":"mysql","host":"db","database":"block_cms","connection_time":"0.68ms"}
[2025-09-24 14:36:39] INFO: Database connection established {"driver":"mysql","host":"db","database":"block_cms","connection_time":"1.2ms"}
[2025-09-24 14:36:39] INFO: Database connection established {"driver":"mysql","host":"db","database":"block_cms","connection_time":"0.69ms"}
[2025-09-24 14:36:45] INFO: Database connection established {"driver":"mysql","host":"db","database":"block_cms","connection_time":"1.49ms"}
[2025-09-24 14:36:45] INFO: Database connection established {"driver":"mysql","host":"db","database":"block_cms","connection_time":"0.72ms"}
[2025-09-24 14:37:00] INFO: Database connection established {"driver":"mysql","host":"db","database":"block_cms","connection_time":"1.9ms"}
[2025-09-24 14:37:00] INFO: Database connection established {"driver":"mysql","host":"db","database":"block_cms","connection_time":"0.72ms"}
[2025-09-24 14:38:08] INFO: Database connection established {"driver":"mysql","host":"db","database":"block_cms","connection_time":"1.5ms"}
[2025-09-24 14:38:08] INFO: Database connection established {"driver":"mysql","host":"db","database":"block_cms","connection_time":"0.75ms"}
[2025-09-24 14:38:46] INFO: Database connection established {"driver":"mysql","host":"db","database":"block_cms","connection_time":"1.72ms"}
[2025-09-24 14:38:46] INFO: Database connection established {"driver":"mysql","host":"db","database":"block_cms","connection_time":"0.81ms"}
[2025-09-24 14:42:07] INFO: Database connection established {"driver":"mysql","host":"db","database":"block_cms","connection_time":"0.65ms"}
[2025-09-24 14:42:07] INFO: Database connection established {"driver":"mysql","host":"db","database":"block_cms","connection_time":"0.6ms"}
[2025-09-24 14:42:07] INFO: Database connection established {"driver":"mysql","host":"db","database":"block_cms","connection_time":"1.31ms"}
[2025-09-24 14:42:37] INFO: Database connection established {"driver":"mysql","host":"db","database":"block_cms","connection_time":"0.86ms"}
[2025-09-24 14:42:37] INFO: Database connection established {"driver":"mysql","host":"db","database":"block_cms","connection_time":"0.75ms"}
[2025-09-24 14:42:37] INFO: Database connection established {"driver":"mysql","host":"db","database":"block_cms","connection_time":"0.8ms"}
[2025-09-24 14:43:29] INFO: Database connection established {"driver":"mysql","host":"db","database":"block_cms","connection_time":"2.99ms"}
[2025-09-24 14:43:29] INFO: Database connection established {"driver":"mysql","host":"db","database":"block_cms","connection_time":"0.64ms"}
[2025-09-24 14:43:29] INFO: Database connection established {"driver":"mysql","host":"db","database":"block_cms","connection_time":"0.68ms"}
[2025-09-24 14:44:37] INFO: Database connection established {"driver":"mysql","host":"db","database":"block_cms","connection_time":"1.19ms"}
[2025-09-24 14:44:37] INFO: Database connection established {"driver":"mysql","host":"db","database":"block_cms","connection_time":"1.07ms"}
[2025-09-24 14:46:52] INFO: Database connection established {"driver":"mysql","host":"db","database":"block_cms","connection_time":"1.25ms"}
[2025-09-24 14:46:52] INFO: Database connection established {"driver":"mysql","host":"db","database":"block_cms","connection_time":"0.84ms"}
[2025-09-24 14:47:51] INFO: Database connection established {"driver":"mysql","host":"db","database":"block_cms","connection_time":"1.33ms"}
[2025-09-24 14:47:51] INFO: Database connection established {"driver":"mysql","host":"db","database":"block_cms","connection_time":"0.74ms"}
[2025-09-24 15:25:25] INFO: Database connection established {"driver":"mysql","host":"db","database":"block_cms","connection_time":"1.35ms"}
[2025-09-24 15:25:25] INFO: Database connection established {"driver":"mysql","host":"db","database":"block_cms","connection_time":"0.75ms"}
[2025-09-24 15:25:25] INFO: Database connection established {"driver":"mysql","host":"db","database":"block_cms","connection_time":"2.27ms"}
[2025-09-24 15:25:39] INFO: Database connection established {"driver":"mysql","host":"db","database":"block_cms","connection_time":"1.12ms"}
[2025-09-24 15:25:39] INFO: Database connection established {"driver":"mysql","host":"db","database":"block_cms","connection_time":"1ms"}
[2025-09-24 15:26:05] INFO: Database connection established {"driver":"mysql","host":"db","database":"block_cms","connection_time":"1.38ms"}
[2025-09-24 15:26:05] INFO: Database connection established {"driver":"mysql","host":"db","database":"block_cms","connection_time":"0.7ms"}
[2025-09-24 15:28:53] INFO: Database connection established {"driver":"mysql","host":"db","database":"block_cms","connection_time":"1.18ms"}
[2025-09-24 15:28:53] INFO: Database connection established {"driver":"mysql","host":"db","database":"block_cms","connection_time":"0.87ms"}
[2025-09-24 15:31:31] INFO: Database connection established {"driver":"mysql","host":"db","database":"block_cms","connection_time":"1.27ms"}
[2025-09-24 15:31:31] INFO: Database connection established {"driver":"mysql","host":"db","database":"block_cms","connection_time":"0.89ms"}
[2025-09-24 15:32:15] INFO: Database connection established {"driver":"mysql","host":"db","database":"block_cms","connection_time":"5.85ms"}
[2025-09-24 15:32:15] INFO: Database connection established {"driver":"mysql","host":"db","database":"block_cms","connection_time":"0.8ms"}
[2025-09-24 16:46:11] INFO: Database connection established {"driver":"mysql","host":"db","database":"block_cms","connection_time":"5.54ms"}
[2025-09-24 16:46:12] INFO: Database connection established {"driver":"mysql","host":"db","database":"block_cms","connection_time":"0.53ms"}
[2025-09-24 16:46:59] INFO: Database connection established {"driver":"mysql","host":"db","database":"block_cms","connection_time":"0.5ms"}
[2025-09-24 16:47:06] INFO: Database connection established {"driver":"mysql","host":"db","database":"block_cms","connection_time":"1.42ms"}
[2025-09-24 16:48:56] INFO: Database connection established {"driver":"mysql","host":"db","database":"block_cms","connection_time":"2.05ms"}
[2025-09-24 16:49:21] INFO: Database connection established {"driver":"mysql","host":"db","database":"block_cms","connection_time":"1.48ms"}
[2025-09-24 16:50:18] INFO: Database connection established {"driver":"mysql","host":"db","database":"block_cms","connection_time":"0.98ms"}
[2025-09-24 16:50:34] INFO: Database connection established {"driver":"mysql","host":"db","database":"block_cms","connection_time":"0.77ms"}
[2025-09-24 16:50:51] INFO: Database connection established {"driver":"mysql","host":"db","database":"block_cms","connection_time":"0.91ms"}
[2025-09-24 16:51:35] INFO: Database connection established {"driver":"mysql","host":"db","database":"block_cms","connection_time":"0.64ms"}
[2025-09-24 16:51:49] INFO: Database connection established {"driver":"mysql","host":"db","database":"block_cms","connection_time":"0.72ms"}
[2025-09-24 16:52:11] INFO: Database connection established {"driver":"mysql","host":"db","database":"block_cms","connection_time":"0.72ms"}
[2025-09-24 16:52:45] INFO: Database connection established {"driver":"mysql","host":"db","database":"block_cms","connection_time":"0.95ms"}
[2025-09-24 16:54:38] INFO: Database connection established {"driver":"mysql","host":"db","database":"block_cms","connection_time":"0.64ms"}
[2025-09-24 16:55:15] INFO: Database connection established {"driver":"mysql","host":"db","database":"block_cms","connection_time":"0.88ms"}
[2025-09-24 16:55:45] INFO: Database connection established {"driver":"mysql","host":"db","database":"block_cms","connection_time":"0.75ms"}
[2025-09-24 16:55:54] INFO: Database connection established {"driver":"mysql","host":"db","database":"block_cms","connection_time":"0.84ms"}
[2025-09-24 16:56:16] INFO: Database connection established {"driver":"mysql","host":"db","database":"block_cms","connection_time":"0.92ms"}
[2025-09-24 16:56:17] INFO: Database connection established {"driver":"mysql","host":"db","database":"block_cms","connection_time":"1.37ms"}
[2025-09-24 16:56:35] INFO: Database connection established {"driver":"mysql","host":"db","database":"block_cms","connection_time":"0.83ms"}
[2025-09-24 16:56:42] INFO: Database connection established {"driver":"mysql","host":"db","database":"block_cms","connection_time":"0.89ms"}
[2025-09-24 16:57:04] INFO: Database connection established {"driver":"mysql","host":"db","database":"block_cms","connection_time":"0.69ms"}
[2025-09-24 16:57:04] INFO: Database connection established {"driver":"mysql","host":"db","database":"block_cms","connection_time":"1.02ms"}
[2025-09-24 16:57:04] INFO: Database connection established {"driver":"mysql","host":"db","database":"block_cms","connection_time":"4.23ms"}
[2025-09-24 16:57:04] INFO: Database connection established {"driver":"mysql","host":"db","database":"block_cms","connection_time":"1.24ms"}
[2025-09-24 16:57:05] INFO: Database connection established {"driver":"mysql","host":"db","database":"block_cms","connection_time":"1.66ms"}
[2025-09-24 16:57:20] INFO: Database connection established {"driver":"mysql","host":"db","database":"block_cms","connection_time":"0.83ms"}
[2025-09-24 16:58:22] INFO: Database connection established {"driver":"mysql","host":"db","database":"block_cms","connection_time":"0.72ms"}
[2025-09-24 16:58:36] INFO: Database connection established {"driver":"mysql","host":"db","database":"block_cms","connection_time":"0.69ms"}
[2025-09-24 16:59:03] INFO: Database connection established {"driver":"mysql","host":"db","database":"block_cms","connection_time":"0.78ms"}
[2025-09-24 16:59:27] INFO: Database connection established {"driver":"mysql","host":"db","database":"block_cms","connection_time":"0.77ms"}
[2025-09-24 16:59:39] INFO: Database connection established {"driver":"mysql","host":"db","database":"block_cms","connection_time":"0.92ms"}
[2025-09-24 17:00:14] INFO: Database connection established {"driver":"mysql","host":"db","database":"block_cms","connection_time":"0.86ms"}
[2025-09-24 17:00:47] INFO: Database connection established {"driver":"mysql","host":"db","database":"block_cms","connection_time":"0.74ms"}
[2025-09-24 17:02:03] INFO: Database connection established {"driver":"mysql","host":"db","database":"block_cms","connection_time":"1.56ms"}
[2025-09-24 17:02:33] INFO: Database connection established {"driver":"mysql","host":"db","database":"block_cms","connection_time":"0.74ms"}
[2025-09-24 17:02:41] INFO: Database connection established {"driver":"mysql","host":"db","database":"block_cms","connection_time":"0.7ms"}
[2025-09-24 17:03:41] INFO: Database connection established {"driver":"mysql","host":"db","database":"block_cms","connection_time":"1.02ms"}
[2025-09-24 17:03:54] INFO: Database connection established {"driver":"mysql","host":"db","database":"block_cms","connection_time":"0.74ms"}
[2025-09-24 17:04:28] INFO: Database connection established {"driver":"mysql","host":"db","database":"block_cms","connection_time":"0.71ms"}
[2025-09-24 17:04:53] INFO: Database connection established {"driver":"mysql","host":"db","database":"block_cms","connection_time":"0.8ms"}
[2025-09-24 17:04:59] INFO: Database connection established {"driver":"mysql","host":"db","database":"block_cms","connection_time":"0.69ms"}
[2025-09-24 17:05:13] INFO: Database connection established {"driver":"mysql","host":"db","database":"block_cms","connection_time":"0.72ms"}
[2025-09-24 17:05:22] INFO: Database connection established {"driver":"mysql","host":"db","database":"block_cms","connection_time":"0.57ms"}
[2025-09-24 17:05:35] INFO: Database connection established {"driver":"mysql","host":"db","database":"block_cms","connection_time":"0.73ms"}
[2025-09-24 17:05:56] INFO: Database connection established {"driver":"mysql","host":"db","database":"block_cms","connection_time":"0.72ms"}
[2025-09-24 17:06:06] INFO: Database connection established {"driver":"mysql","host":"db","database":"block_cms","connection_time":"0.84ms"}
[2025-09-24 17:07:11] INFO: Database connection established {"driver":"mysql","host":"db","database":"block_cms","connection_time":"0.89ms"}
[2025-09-24 17:07:11] INFO: Database connection established {"driver":"mysql","host":"db","database":"block_cms","connection_time":"0.98ms"}
[2025-09-24 17:07:12] INFO: Database connection established {"driver":"mysql","host":"db","database":"block_cms","connection_time":"1.72ms"}
[2025-09-24 17:07:12] INFO: Database connection established {"driver":"mysql","host":"db","database":"block_cms","connection_time":"0.81ms"}
[2025-09-24 17:07:12] INFO: Database connection established {"driver":"mysql","host":"db","database":"block_cms","connection_time":"0.82ms"}
[2025-09-24 17:07:42] INFO: Database connection established {"driver":"mysql","host":"db","database":"block_cms","connection_time":"0.92ms"}
[2025-09-24 17:08:08] INFO: Database connection established {"driver":"mysql","host":"db","database":"block_cms","connection_time":"0.77ms"}
[2025-09-24 17:08:21] INFO: Database connection established {"driver":"mysql","host":"db","database":"block_cms","connection_time":"0.67ms"}
[2025-09-24 17:08:33] INFO: Database connection established {"driver":"mysql","host":"db","database":"block_cms","connection_time":"0.79ms"}
[2025-09-24 17:08:54] INFO: Database connection established {"driver":"mysql","host":"db","database":"block_cms","connection_time":"0.82ms"}
[2025-09-24 17:09:11] INFO: Database connection established {"driver":"mysql","host":"db","database":"block_cms","connection_time":"0.81ms"}
[2025-09-24 17:09:20] INFO: Database connection established {"driver":"mysql","host":"db","database":"block_cms","connection_time":"0.73ms"}
[2025-09-24 17:09:46] INFO: Database connection established {"driver":"mysql","host":"db","database":"block_cms","connection_time":"0.7ms"}
[2025-09-24 17:11:39] INFO: Database connection established {"driver":"mysql","host":"db","database":"block_cms","connection_time":"0.79ms"}
[2025-09-24 17:11:50] INFO: Database connection established {"driver":"mysql","host":"db","database":"block_cms","connection_time":"0.82ms"}
[2025-09-24 17:12:09] INFO: Database connection established {"driver":"mysql","host":"db","database":"block_cms","connection_time":"0.75ms"}
[2025-09-24 17:13:07] INFO: Database connection established {"driver":"mysql","host":"db","database":"block_cms","connection_time":"0.76ms"}
[2025-09-24 17:13:38] INFO: Database connection established {"driver":"mysql","host":"db","database":"block_cms","connection_time":"0.79ms"}
[2025-09-24 17:13:57] INFO: Database connection established {"driver":"mysql","host":"db","database":"block_cms","connection_time":"0.88ms"}
[2025-09-24 17:14:13] INFO: Database connection established {"driver":"mysql","host":"db","database":"block_cms","connection_time":"0.87ms"}
[2025-09-24 17:14:36] INFO: Database connection established {"driver":"mysql","host":"db","database":"block_cms","connection_time":"0.78ms"}
[2025-09-24 17:15:12] INFO: Database connection established {"driver":"mysql","host":"db","database":"block_cms","connection_time":"0.74ms"}
[2025-09-24 17:15:26] INFO: Database connection established {"driver":"mysql","host":"db","database":"block_cms","connection_time":"0.72ms"}
[2025-09-24 17:15:49] INFO: Database connection established {"driver":"mysql","host":"db","database":"block_cms","connection_time":"0.68ms"}
[2025-09-24 17:16:09] INFO: Database connection established {"driver":"mysql","host":"db","database":"block_cms","connection_time":"0.83ms"}
[2025-09-24 17:16:59] INFO: Database connection established {"driver":"mysql","host":"db","database":"block_cms","connection_time":"0.75ms"}
[2025-09-24 17:17:14] INFO: Database connection established {"driver":"mysql","host":"db","database":"block_cms","connection_time":"0.74ms"}
[2025-09-24 17:18:42] INFO: Database connection established {"driver":"mysql","host":"db","database":"block_cms","connection_time":"0.78ms"}
[2025-09-24 17:18:43] INFO: Database connection established {"driver":"mysql","host":"db","database":"block_cms","connection_time":"1.57ms"}
[2025-09-24 17:18:44] INFO: Database connection established {"driver":"mysql","host":"db","database":"block_cms","connection_time":"1.74ms"}
[2025-09-24 17:18:44] INFO: Database connection established {"driver":"mysql","host":"db","database":"block_cms","connection_time":"1.51ms"}
[2025-09-24 17:18:44] INFO: Database connection established {"driver":"mysql","host":"db","database":"block_cms","connection_time":"3.11ms"}
[2025-09-24 17:18:58] INFO: Database connection established {"driver":"mysql","host":"db","database":"block_cms","connection_time":"0.76ms"}
[2025-09-24 17:19:32] INFO: Database connection established {"driver":"mysql","host":"db","database":"block_cms","connection_time":"0.86ms"}
[2025-09-24 17:19:48] INFO: Database connection established {"driver":"mysql","host":"db","database":"block_cms","connection_time":"0.79ms"}
[2025-09-24 17:20:10] INFO: Database connection established {"driver":"mysql","host":"db","database":"block_cms","connection_time":"0.73ms"}
[2025-09-24 17:20:19] INFO: Database connection established {"driver":"mysql","host":"db","database":"block_cms","connection_time":"0.72ms"}
[2025-09-24 17:20:20] INFO: Database connection established {"driver":"mysql","host":"db","database":"block_cms","connection_time":"0.56ms"}
[2025-09-24 17:20:20] INFO: Database connection established {"driver":"mysql","host":"db","database":"block_cms","connection_time":"1.28ms"}
[2025-09-24 17:20:20] INFO: Database connection established {"driver":"mysql","host":"db","database":"block_cms","connection_time":"1.54ms"}
[2025-09-24 17:20:36] INFO: Database connection established {"driver":"mysql","host":"db","database":"block_cms","connection_time":"0.79ms"}
[2025-09-24 17:20:37] INFO: Database connection established {"driver":"mysql","host":"db","database":"block_cms","connection_time":"1.74ms"}
[2025-09-24 17:20:37] INFO: Database connection established {"driver":"mysql","host":"db","database":"block_cms","connection_time":"1.81ms"}
[2025-09-24 17:20:37] INFO: Database connection established {"driver":"mysql","host":"db","database":"block_cms","connection_time":"1.94ms"}
[2025-09-24 17:20:56] INFO: Database connection established {"driver":"mysql","host":"db","database":"block_cms","connection_time":"0.81ms"}
[2025-09-24 17:20:57] INFO: Database connection established {"driver":"mysql","host":"db","database":"block_cms","connection_time":"1.87ms"}
[2025-09-24 17:20:57] INFO: Database connection established {"driver":"mysql","host":"db","database":"block_cms","connection_time":"1.78ms"}
[2025-09-24 17:20:58] INFO: Database connection established {"driver":"mysql","host":"db","database":"block_cms","connection_time":"1.08ms"}
[2025-09-24 17:20:58] INFO: Database connection established {"driver":"mysql","host":"db","database":"block_cms","connection_time":"1.47ms"}
[2025-09-24 17:20:58] INFO: Database connection established {"driver":"mysql","host":"db","database":"block_cms","connection_time":"1.72ms"}
[2025-09-24 17:20:58] INFO: Database connection established {"driver":"mysql","host":"db","database":"block_cms","connection_time":"1.67ms"}
[2025-09-24 17:20:59] INFO: Database connection established {"driver":"mysql","host":"db","database":"block_cms","connection_time":"1.48ms"}
[2025-09-24 17:20:59] INFO: Database connection established {"driver":"mysql","host":"db","database":"block_cms","connection_time":"0.53ms"}
[2025-09-24 17:20:59] INFO: Database connection established {"driver":"mysql","host":"db","database":"block_cms","connection_time":"1.07ms"}
[2025-09-24 17:20:59] INFO: Database connection established {"driver":"mysql","host":"db","database":"block_cms","connection_time":"1.98ms"}
[2025-09-24 17:21:08] INFO: Database connection established {"driver":"mysql","host":"db","database":"block_cms","connection_time":"0.69ms"}
[2025-09-24 17:21:08] INFO: Database connection established {"driver":"mysql","host":"db","database":"block_cms","connection_time":"1.73ms"}
[2025-09-24 17:21:09] INFO: Database connection established {"driver":"mysql","host":"db","database":"block_cms","connection_time":"1.84ms"}
[2025-09-24 17:21:09] INFO: Database connection established {"driver":"mysql","host":"db","database":"block_cms","connection_time":"1.76ms"}
[2025-09-24 17:21:19] INFO: Database connection established {"driver":"mysql","host":"db","database":"block_cms","connection_time":"0.76ms"}
[2025-09-24 17:21:35] INFO: Database connection established {"driver":"mysql","host":"db","database":"block_cms","connection_time":"0.81ms"}
[2025-09-24 17:21:48] INFO: Database connection established {"driver":"mysql","host":"db","database":"block_cms","connection_time":"0.91ms"}
[2025-09-24 17:21:56] INFO: Database connection established {"driver":"mysql","host":"db","database":"block_cms","connection_time":"0.76ms"}
[2025-09-24 17:22:20] INFO: Database connection established {"driver":"mysql","host":"db","database":"block_cms","connection_time":"0.71ms"}
[2025-09-24 17:22:39] INFO: Database connection established {"driver":"mysql","host":"db","database":"block_cms","connection_time":"1.06ms"}
[2025-09-24 17:23:34] INFO: Database connection established {"driver":"mysql","host":"db","database":"block_cms","connection_time":"0.81ms"}
[2025-09-24 17:23:55] INFO: Database connection established {"driver":"mysql","host":"db","database":"block_cms","connection_time":"0.75ms"}
[2025-09-24 17:23:55] INFO: Database connection established {"driver":"mysql","host":"db","database":"block_cms","connection_time":"1.6ms"}
[2025-09-24 17:24:56] INFO: Database connection established {"driver":"mysql","host":"db","database":"block_cms","connection_time":"0.79ms"}
[2025-09-24 17:25:34] INFO: Database connection established {"driver":"mysql","host":"db","database":"block_cms","connection_time":"0.76ms"}
[2025-09-24 17:25:42] INFO: Database connection established {"driver":"mysql","host":"db","database":"block_cms","connection_time":"0.67ms"}
[2025-09-24 17:26:01] INFO: Database connection established {"driver":"mysql","host":"db","database":"block_cms","connection_time":"0.64ms"}
[2025-09-24 17:26:21] INFO: Database connection established {"driver":"mysql","host":"db","database":"block_cms","connection_time":"0.74ms"}
[2025-09-24 17:26:54] INFO: Database connection established {"driver":"mysql","host":"db","database":"block_cms","connection_time":"0.82ms"}
[2025-09-24 17:27:20] INFO: Database connection established {"driver":"mysql","host":"db","database":"block_cms","connection_time":"0.83ms"}
[2025-09-24 17:27:30] INFO: Database connection established {"driver":"mysql","host":"db","database":"block_cms","connection_time":"1.03ms"}
[2025-09-24 17:27:39] INFO: Database connection established {"driver":"mysql","host":"db","database":"block_cms","connection_time":"0.67ms"}
[2025-09-24 17:27:58] INFO: Database connection established {"driver":"mysql","host":"db","database":"block_cms","connection_time":"0.84ms"}
[2025-09-24 17:28:10] INFO: Database connection established {"driver":"mysql","host":"db","database":"block_cms","connection_time":"0.69ms"}
[2025-09-24 17:28:17] INFO: Database connection established {"driver":"mysql","host":"db","database":"block_cms","connection_time":"0.89ms"}
[2025-09-24 17:28:54] INFO: Database connection established {"driver":"mysql","host":"db","database":"block_cms","connection_time":"0.82ms"}
[2025-09-24 17:29:13] INFO: Database connection established {"driver":"mysql","host":"db","database":"block_cms","connection_time":"0.81ms"}
[2025-09-24 17:29:44] INFO: Database connection established {"driver":"mysql","host":"db","database":"block_cms","connection_time":"0.64ms"}
[2025-09-24 17:30:00] INFO: Database connection established {"driver":"mysql","host":"db","database":"block_cms","connection_time":"0.56ms"}
[2025-09-24 17:30:28] INFO: Database connection established {"driver":"mysql","host":"db","database":"block_cms","connection_time":"0.73ms"}
[2025-09-24 17:30:28] INFO: Database connection established {"driver":"mysql","host":"db","database":"block_cms","connection_time":"1.89ms"}
[2025-09-24 17:30:29] INFO: Database connection established {"driver":"mysql","host":"db","database":"block_cms","connection_time":"1.85ms"}
[2025-09-24 17:30:29] INFO: Database connection established {"driver":"mysql","host":"db","database":"block_cms","connection_time":"1.76ms"}
[2025-09-24 17:30:29] INFO: Database connection established {"driver":"mysql","host":"db","database":"block_cms","connection_time":"1.31ms"}
[2025-09-24 17:30:38] INFO: Database connection established {"driver":"mysql","host":"db","database":"block_cms","connection_time":"0.74ms"}
[2025-09-24 17:31:29] INFO: Database connection established {"driver":"mysql","host":"db","database":"block_cms","connection_time":"0.73ms"}
[2025-09-24 17:32:41] INFO: Database connection established {"driver":"mysql","host":"db","database":"block_cms","connection_time":"0.67ms"}
[2025-09-24 17:32:42] INFO: Database connection established {"driver":"mysql","host":"db","database":"block_cms","connection_time":"1.86ms"}
[2025-09-24 17:32:42] INFO: Database connection established {"driver":"mysql","host":"db","database":"block_cms","connection_time":"1.53ms"}
[2025-09-24 17:32:42] INFO: Database connection established {"driver":"mysql","host":"db","database":"block_cms","connection_time":"0.98ms"}
[2025-09-24 17:32:42] INFO: Database connection established {"driver":"mysql","host":"db","database":"block_cms","connection_time":"2.07ms"}
[2025-09-24 17:32:54] INFO: Database connection established {"driver":"mysql","host":"db","database":"block_cms","connection_time":"0.77ms"}
[2025-09-24 17:32:54] INFO: Database connection established {"driver":"mysql","host":"db","database":"block_cms","connection_time":"1.69ms"}
[2025-09-24 17:32:54] INFO: Database connection established {"driver":"mysql","host":"db","database":"block_cms","connection_time":"1.91ms"}
[2025-09-24 17:32:54] INFO: Database connection established {"driver":"mysql","host":"db","database":"block_cms","connection_time":"2.44ms"}
[2025-09-24 17:32:54] INFO: Database connection established {"driver":"mysql","host":"db","database":"block_cms","connection_time":"1.77ms"}
[2025-09-24 17:33:03] INFO: Database connection established {"driver":"mysql","host":"db","database":"block_cms","connection_time":"0.68ms"}
[2025-09-24 17:33:03] INFO: Database connection established {"driver":"mysql","host":"db","database":"block_cms","connection_time":"1.18ms"}
[2025-09-24 17:33:03] INFO: Database connection established {"driver":"mysql","host":"db","database":"block_cms","connection_time":"1.35ms"}
[2025-09-24 17:33:03] INFO: Database connection established {"driver":"mysql","host":"db","database":"block_cms","connection_time":"1.54ms"}
[2025-09-24 17:33:18] INFO: Database connection established {"driver":"mysql","host":"db","database":"block_cms","connection_time":"0.76ms"}
[2025-09-24 17:33:19] INFO: Database connection established {"driver":"mysql","host":"db","database":"block_cms","connection_time":"1.8ms"}
[2025-09-24 17:33:19] INFO: Database connection established {"driver":"mysql","host":"db","database":"block_cms","connection_time":"1.99ms"}
[2025-09-24 17:33:19] INFO: Database connection established {"driver":"mysql","host":"db","database":"block_cms","connection_time":"1.75ms"}
[2025-09-24 17:33:19] INFO: Database connection established {"driver":"mysql","host":"db","database":"block_cms","connection_time":"1.74ms"}
[2025-09-24 17:33:19] INFO: Database connection established {"driver":"mysql","host":"db","database":"block_cms","connection_time":"1.49ms"}
[2025-09-24 17:33:19] INFO: Database connection established {"driver":"mysql","host":"db","database":"block_cms","connection_time":"1.61ms"}
[2025-09-24 17:33:31] INFO: Database connection established {"driver":"mysql","host":"db","database":"block_cms","connection_time":"0.88ms"}
[2025-09-24 17:33:32] INFO: Database connection established {"driver":"mysql","host":"db","database":"block_cms","connection_time":"1.07ms"}
[2025-09-24 17:33:32] INFO: Database connection established {"driver":"mysql","host":"db","database":"block_cms","connection_time":"1.49ms"}
[2025-09-24 17:33:32] INFO: Database connection established {"driver":"mysql","host":"db","database":"block_cms","connection_time":"2.26ms"}
[2025-09-24 17:33:32] INFO: Database connection established {"driver":"mysql","host":"db","database":"block_cms","connection_time":"1.46ms"}
[2025-09-24 17:33:32] INFO: Database connection established {"driver":"mysql","host":"db","database":"block_cms","connection_time":"1.65ms"}
[2025-09-24 17:33:41] INFO: Database connection established {"driver":"mysql","host":"db","database":"block_cms","connection_time":"0.79ms"}
[2025-09-24 17:33:56] INFO: Database connection established {"driver":"mysql","host":"db","database":"block_cms","connection_time":"0.83ms"}
[2025-09-24 17:33:57] INFO: Database connection established {"driver":"mysql","host":"db","database":"block_cms","connection_time":"1.63ms"}
[2025-09-24 17:33:57] INFO: Database connection established {"driver":"mysql","host":"db","database":"block_cms","connection_time":"1.79ms"}
[2025-09-24 17:33:57] INFO: Database connection established {"driver":"mysql","host":"db","database":"block_cms","connection_time":"1.69ms"}
[2025-09-24 17:33:57] INFO: Database connection established {"driver":"mysql","host":"db","database":"block_cms","connection_time":"2.26ms"}
[2025-09-24 17:33:57] INFO: Database connection established {"driver":"mysql","host":"db","database":"block_cms","connection_time":"1.95ms"}
[2025-09-24 17:33:57] INFO: Database connection established {"driver":"mysql","host":"db","database":"block_cms","connection_time":"1.79ms"}
[2025-09-24 17:33:58] INFO: Database connection established {"driver":"mysql","host":"db","database":"block_cms","connection_time":"1.67ms"}
[2025-09-24 17:33:58] INFO: Database connection established {"driver":"mysql","host":"db","database":"block_cms","connection_time":"1.85ms"}
[2025-09-24 17:33:58] INFO: Database connection established {"driver":"mysql","host":"db","database":"block_cms","connection_time":"1.54ms"}
[2025-09-24 17:33:58] INFO: Database connection established {"driver":"mysql","host":"db","database":"block_cms","connection_time":"1.93ms"}
[2025-09-24 17:34:05] INFO: Database connection established {"driver":"mysql","host":"db","database":"block_cms","connection_time":"0.64ms"}
[2025-09-24 17:34:06] INFO: Database connection established {"driver":"mysql","host":"db","database":"block_cms","connection_time":"1.65ms"}
[2025-09-24 17:34:06] INFO: Database connection established {"driver":"mysql","host":"db","database":"block_cms","connection_time":"1.72ms"}
[2025-09-24 17:34:06] INFO: Database connection established {"driver":"mysql","host":"db","database":"block_cms","connection_time":"1.74ms"}
[2025-09-24 17:34:06] INFO: Database connection established {"driver":"mysql","host":"db","database":"block_cms","connection_time":"1.68ms"}
[2025-09-24 17:34:06] INFO: Database connection established {"driver":"mysql","host":"db","database":"block_cms","connection_time":"1.81ms"}
[2025-09-24 17:34:06] INFO: Database connection established {"driver":"mysql","host":"db","database":"block_cms","connection_time":"1.51ms"}
[2025-09-24 17:34:07] INFO: Database connection established {"driver":"mysql","host":"db","database":"block_cms","connection_time":"1.84ms"}
[2025-09-24 17:34:07] INFO: Database connection established {"driver":"mysql","host":"db","database":"block_cms","connection_time":"1.7ms"}
[2025-09-24 17:34:07] INFO: Database connection established {"driver":"mysql","host":"db","database":"block_cms","connection_time":"2.11ms"}
[2025-09-24 17:34:07] INFO: Database connection established {"driver":"mysql","host":"db","database":"block_cms","connection_time":"1.75ms"}
[2025-09-24 17:34:17] INFO: Database connection established {"driver":"mysql","host":"db","database":"block_cms","connection_time":"0.77ms"}
[2025-09-24 17:34:28] INFO: Database connection established {"driver":"mysql","host":"db","database":"block_cms","connection_time":"0.75ms"}
[2025-09-24 17:34:28] INFO: Database connection established {"driver":"mysql","host":"db","database":"block_cms","connection_time":"1.64ms"}
[2025-09-24 17:34:29] INFO: Database connection established {"driver":"mysql","host":"db","database":"block_cms","connection_time":"2.03ms"}
[2025-09-24 17:34:29] INFO: Database connection established {"driver":"mysql","host":"db","database":"block_cms","connection_time":"3.51ms"}
[2025-09-24 17:34:29] INFO: Database connection established {"driver":"mysql","host":"db","database":"block_cms","connection_time":"1.79ms"}
[2025-09-24 17:34:29] INFO: Database connection established {"driver":"mysql","host":"db","database":"block_cms","connection_time":"1.48ms"}
[2025-09-24 17:34:29] INFO: Database connection established {"driver":"mysql","host":"db","database":"block_cms","connection_time":"1.91ms"}
[2025-09-24 17:34:29] INFO: Database connection established {"driver":"mysql","host":"db","database":"block_cms","connection_time":"1.74ms"}
[2025-09-24 17:34:41] INFO: Database connection established {"driver":"mysql","host":"db","database":"block_cms","connection_time":"0.73ms"}
[2025-09-24 17:34:41] INFO: Database connection established {"driver":"mysql","host":"db","database":"block_cms","connection_time":"1.82ms"}
[2025-09-24 17:34:41] INFO: Database connection established {"driver":"mysql","host":"db","database":"block_cms","connection_time":"2.48ms"}
[2025-09-24 17:34:41] INFO: Database connection established {"driver":"mysql","host":"db","database":"block_cms","connection_time":"2.54ms"}
[2025-09-24 17:34:41] INFO: Database connection established {"driver":"mysql","host":"db","database":"block_cms","connection_time":"1.89ms"}
[2025-09-24 17:34:42] INFO: Database connection established {"driver":"mysql","host":"db","database":"block_cms","connection_time":"1.66ms"}
[2025-09-24 17:34:42] INFO: Database connection established {"driver":"mysql","host":"db","database":"block_cms","connection_time":"4.01ms"}
[2025-09-24 17:34:42] INFO: Database connection established {"driver":"mysql","host":"db","database":"block_cms","connection_time":"1.63ms"}
[2025-09-24 17:34:48] INFO: Database connection established {"driver":"mysql","host":"db","database":"block_cms","connection_time":"0.83ms"}
[2025-09-24 17:34:48] INFO: Database connection established {"driver":"mysql","host":"db","database":"block_cms","connection_time":"1.53ms"}
[2025-09-24 17:34:48] INFO: Database connection established {"driver":"mysql","host":"db","database":"block_cms","connection_time":"1ms"}
[2025-09-24 17:34:48] INFO: Database connection established {"driver":"mysql","host":"db","database":"block_cms","connection_time":"1.54ms"}
[2025-09-24 17:34:48] INFO: Database connection established {"driver":"mysql","host":"db","database":"block_cms","connection_time":"1.77ms"}
[2025-09-24 17:34:48] INFO: Database connection established {"driver":"mysql","host":"db","database":"block_cms","connection_time":"1.83ms"}
[2025-09-24 17:34:48] INFO: Database connection established {"driver":"mysql","host":"db","database":"block_cms","connection_time":"1.81ms"}
[2025-09-24 17:34:49] INFO: Database connection established {"driver":"mysql","host":"db","database":"block_cms","connection_time":"1.75ms"}
[2025-09-24 17:35:03] INFO: Database connection established {"driver":"mysql","host":"db","database":"block_cms","connection_time":"0.88ms"}
[2025-09-24 17:35:14] INFO: Database connection established {"driver":"mysql","host":"db","database":"block_cms","connection_time":"0.72ms"}
[2025-09-24 17:35:14] INFO: Database connection established {"driver":"mysql","host":"db","database":"block_cms","connection_time":"1.7ms"}
[2025-09-24 17:35:15] INFO: Database connection established {"driver":"mysql","host":"db","database":"block_cms","connection_time":"4.43ms"}
[2025-09-24 17:35:15] INFO: Database connection established {"driver":"mysql","host":"db","database":"block_cms","connection_time":"1.74ms"}
[2025-09-24 17:35:29] INFO: Database connection established {"driver":"mysql","host":"db","database":"block_cms","connection_time":"0.88ms"}
[2025-09-24 17:35:41] INFO: Database connection established {"driver":"mysql","host":"db","database":"block_cms","connection_time":"0.75ms"}
[2025-09-24 17:35:42] INFO: Database connection established {"driver":"mysql","host":"db","database":"block_cms","connection_time":"1.49ms"}
[2025-09-24 17:35:42] INFO: Database connection established {"driver":"mysql","host":"db","database":"block_cms","connection_time":"1.33ms"}
[2025-09-24 17:35:48] INFO: Database connection established {"driver":"mysql","host":"db","database":"block_cms","connection_time":"0.71ms"}
[2025-09-24 17:35:49] INFO: Database connection established {"driver":"mysql","host":"db","database":"block_cms","connection_time":"1.92ms"}
[2025-09-24 17:35:49] INFO: Database connection established {"driver":"mysql","host":"db","database":"block_cms","connection_time":"1.9ms"}
[2025-09-24 17:36:06] INFO: Database connection established {"driver":"mysql","host":"db","database":"block_cms","connection_time":"0.89ms"}
[2025-09-24 17:36:28] INFO: Database connection established {"driver":"mysql","host":"db","database":"block_cms","connection_time":"0.72ms"}
[2025-09-24 17:37:49] INFO: Database connection established {"driver":"mysql","host":"db","database":"block_cms","connection_time":"0.73ms"}
[2025-09-24 17:37:50] INFO: Database connection established {"driver":"mysql","host":"db","database":"block_cms","connection_time":"1.55ms"}
[2025-09-24 17:37:51] INFO: Database connection established {"driver":"mysql","host":"db","database":"block_cms","connection_time":"1.73ms"}
[2025-09-24 17:37:51] INFO: Database connection established {"driver":"mysql","host":"db","database":"block_cms","connection_time":"1.8ms"}
[2025-09-24 17:37:51] INFO: Database connection established {"driver":"mysql","host":"db","database":"block_cms","connection_time":"2.16ms"}
[2025-09-24 17:37:51] INFO: Database connection established {"driver":"mysql","host":"db","database":"block_cms","connection_time":"1.63ms"}
[2025-09-24 17:38:07] INFO: Database connection established {"driver":"mysql","host":"db","database":"block_cms","connection_time":"0.67ms"}
[2025-09-24 17:38:26] INFO: Database connection established {"driver":"mysql","host":"db","database":"block_cms","connection_time":"0.72ms"}
[2025-09-24 17:38:27] INFO: Database connection established {"driver":"mysql","host":"db","database":"block_cms","connection_time":"1.55ms"}
[2025-09-24 17:38:27] INFO: Database connection established {"driver":"mysql","host":"db","database":"block_cms","connection_time":"1.74ms"}
[2025-09-24 17:38:27] INFO: Database connection established {"driver":"mysql","host":"db","database":"block_cms","connection_time":"1.16ms"}
[2025-09-24 17:38:27] INFO: Database connection established {"driver":"mysql","host":"db","database":"block_cms","connection_time":"1.86ms"}
[2025-09-24 17:38:28] INFO: Database connection established {"driver":"mysql","host":"db","database":"block_cms","connection_time":"1.83ms"}
[2025-09-24 17:38:46] INFO: Database connection established {"driver":"mysql","host":"db","database":"block_cms","connection_time":"0.67ms"}
[2025-09-24 17:38:46] INFO: Database connection established {"driver":"mysql","host":"db","database":"block_cms","connection_time":"1.26ms"}
[2025-09-24 17:38:46] INFO: Database connection established {"driver":"mysql","host":"db","database":"block_cms","connection_time":"1.7ms"}
[2025-09-24 17:38:47] INFO: Database connection established {"driver":"mysql","host":"db","database":"block_cms","connection_time":"1.69ms"}
[2025-09-24 17:38:47] INFO: Database connection established {"driver":"mysql","host":"db","database":"block_cms","connection_time":"1.78ms"}
[2025-09-24 17:38:47] INFO: Database connection established {"driver":"mysql","host":"db","database":"block_cms","connection_time":"1.78ms"}
[2025-09-24 17:38:47] INFO: Database connection established {"driver":"mysql","host":"db","database":"block_cms","connection_time":"1.51ms"}
[2025-09-24 17:38:47] INFO: Database connection established {"driver":"mysql","host":"db","database":"block_cms","connection_time":"1.85ms"}
[2025-09-24 17:38:47] INFO: Database connection established {"driver":"mysql","host":"db","database":"block_cms","connection_time":"1.79ms"}
[2025-09-24 17:38:48] INFO: Database connection established {"driver":"mysql","host":"db","database":"block_cms","connection_time":"1.71ms"}
[2025-09-24 17:38:48] INFO: Database connection established {"driver":"mysql","host":"db","database":"block_cms","connection_time":"1.76ms"}
[2025-09-24 17:38:48] INFO: Database connection established {"driver":"mysql","host":"db","database":"block_cms","connection_time":"1.88ms"}
[2025-09-24 17:38:48] INFO: Database connection established {"driver":"mysql","host":"db","database":"block_cms","connection_time":"1.87ms"}
[2025-09-24 17:39:26] INFO: Database connection established {"driver":"mysql","host":"db","database":"block_cms","connection_time":"1.62ms"}
[2025-09-24 17:39:26] INFO: Database connection established {"driver":"mysql","host":"db","database":"block_cms","connection_time":"2.06ms"}
[2025-09-24 17:39:26] INFO: Database connection established {"driver":"mysql","host":"db","database":"block_cms","connection_time":"1.84ms"}
[2025-09-24 17:39:27] INFO: Database connection established {"driver":"mysql","host":"db","database":"block_cms","connection_time":"2.33ms"}
[2025-09-24 17:39:27] INFO: Database connection established {"driver":"mysql","host":"db","database":"block_cms","connection_time":"1.56ms"}
[2025-09-24 17:40:11] INFO: Database connection established {"driver":"mysql","host":"db","database":"block_cms","connection_time":"0.78ms"}
[2025-09-24 17:40:12] INFO: Database connection established {"driver":"mysql","host":"db","database":"block_cms","connection_time":"1.87ms"}
[2025-09-24 17:40:12] INFO: Database connection established {"driver":"mysql","host":"db","database":"block_cms","connection_time":"1.21ms"}
[2025-09-24 17:40:23] INFO: Database connection established {"driver":"mysql","host":"db","database":"block_cms","connection_time":"0.7ms"}
[2025-09-24 17:40:51] INFO: Database connection established {"driver":"mysql","host":"db","database":"block_cms","connection_time":"0.74ms"}
[2025-09-24 17:40:51] INFO: Database connection established {"driver":"mysql","host":"db","database":"block_cms","connection_time":"1.16ms"}
[2025-09-24 17:40:51] INFO: Database connection established {"driver":"mysql","host":"db","database":"block_cms","connection_time":"1.7ms"}
[2025-09-24 17:40:51] INFO: Database connection established {"driver":"mysql","host":"db","database":"block_cms","connection_time":"1.73ms"}
[2025-09-24 17:40:51] INFO: Database connection established {"driver":"mysql","host":"db","database":"block_cms","connection_time":"1.44ms"}
[2025-09-24 17:40:52] INFO: Database connection established {"driver":"mysql","host":"db","database":"block_cms","connection_time":"1.77ms"}
[2025-09-24 17:40:52] INFO: Database connection established {"driver":"mysql","host":"db","database":"block_cms","connection_time":"1.79ms"}
[2025-09-24 17:41:09] INFO: Database connection established {"driver":"mysql","host":"db","database":"block_cms","connection_time":"0.79ms"}
[2025-09-24 17:41:10] INFO: Database connection established {"driver":"mysql","host":"db","database":"block_cms","connection_time":"1.42ms"}
[2025-09-24 17:41:10] INFO: Database connection established {"driver":"mysql","host":"db","database":"block_cms","connection_time":"1.65ms"}
[2025-09-24 17:41:10] INFO: Database connection established {"driver":"mysql","host":"db","database":"block_cms","connection_time":"1.71ms"}
[2025-09-24 17:41:10] INFO: Database connection established {"driver":"mysql","host":"db","database":"block_cms","connection_time":"0.58ms"}
[2025-09-24 17:41:10] INFO: Database connection established {"driver":"mysql","host":"db","database":"block_cms","connection_time":"0.94ms"}
[2025-09-24 17:41:10] INFO: Database connection established {"driver":"mysql","host":"db","database":"block_cms","connection_time":"1.49ms"}
[2025-09-24 17:41:10] INFO: Database connection established {"driver":"mysql","host":"db","database":"block_cms","connection_time":"1.8ms"}
[2025-09-24 17:41:12] INFO: Database connection established {"driver":"mysql","host":"db","database":"block_cms","connection_time":"1.67ms"}
[2025-09-24 17:41:12] INFO: Database connection established {"driver":"mysql","host":"db","database":"block_cms","connection_time":"1.35ms"}
[2025-09-24 17:41:12] INFO: Database connection established {"driver":"mysql","host":"db","database":"block_cms","connection_time":"1.68ms"}
[2025-09-24 17:41:12] INFO: Database connection established {"driver":"mysql","host":"db","database":"block_cms","connection_time":"1.45ms"}
[2025-09-24 17:41:13] INFO: Database connection established {"driver":"mysql","host":"db","database":"block_cms","connection_time":"1.1ms"}
[2025-09-24 17:41:13] INFO: Database connection established {"driver":"mysql","host":"db","database":"block_cms","connection_time":"1.57ms"}
[2025-09-24 17:41:13] INFO: Database connection established {"driver":"mysql","host":"db","database":"block_cms","connection_time":"1.08ms"}
[2025-09-24 17:41:13] INFO: Database connection established {"driver":"mysql","host":"db","database":"block_cms","connection_time":"1.66ms"}
[2025-09-24 17:41:13] INFO: Database connection established {"driver":"mysql","host":"db","database":"block_cms","connection_time":"1.66ms"}
[2025-09-24 17:41:13] INFO: Database connection established {"driver":"mysql","host":"db","database":"block_cms","connection_time":"1.77ms"}
[2025-09-24 17:41:28] INFO: Database connection established {"driver":"mysql","host":"db","database":"block_cms","connection_time":"0.86ms"}
[2025-09-24 17:41:44] INFO: Database connection established {"driver":"mysql","host":"db","database":"block_cms","connection_time":"0.84ms"}
[2025-09-24 17:42:12] INFO: Database connection established {"driver":"mysql","host":"db","database":"block_cms","connection_time":"0.83ms"}
[2025-09-24 17:42:25] INFO: Database connection established {"driver":"mysql","host":"db","database":"block_cms","connection_time":"0.74ms"}
[2025-09-24 17:42:55] INFO: Database connection established {"driver":"mysql","host":"db","database":"block_cms","connection_time":"0.85ms"}
[2025-09-24 17:43:15] INFO: Database connection established {"driver":"mysql","host":"db","database":"block_cms","connection_time":"0.96ms"}
[2025-09-24 17:43:30] INFO: Database connection established {"driver":"mysql","host":"db","database":"block_cms","connection_time":"0.6ms"}
[2025-09-24 17:44:03] INFO: Database connection established {"driver":"mysql","host":"db","database":"block_cms","connection_time":"0.75ms"}
