[2025-09-28 11:21:29] INFO: Database connection established {"driver":"mysql","host":"db","database":"block_cms","connection_time":"5.12ms"}
[2025-09-28 11:21:30] INFO: Database connection established {"driver":"mysql","host":"db","database":"block_cms","connection_time":"1.25ms"}
[2025-09-28 11:29:49] INFO: Database connection established {"driver":"mysql","host":"db","database":"block_cms","connection_time":"1.73ms"}
[2025-09-28 11:30:01] INFO: Database connection established {"driver":"mysql","host":"db","database":"block_cms","connection_time":"1.63ms"}
[2025-09-28 11:30:11] INFO: Database connection established {"driver":"mysql","host":"db","database":"block_cms","connection_time":"0.96ms"}
[2025-09-28 11:31:00] INFO: Database connection established {"driver":"mysql","host":"db","database":"block_cms","connection_time":"1.67ms"}
[2025-09-28 11:32:47] INFO: Database connection established {"driver":"mysql","host":"db","database":"block_cms","connection_time":"1.65ms"}
[2025-09-28 11:34:44] INFO: Database connection established {"driver":"mysql","host":"db","database":"block_cms","connection_time":"1.58ms"}
[2025-09-28 11:35:33] INFO: Database connection established {"driver":"mysql","host":"db","database":"block_cms","connection_time":"1.92ms"}
[2025-09-28 11:36:04] INFO: Database connection established {"driver":"mysql","host":"db","database":"block_cms","connection_time":"1.77ms"}
[2025-09-28 11:38:43] INFO: Database connection established {"driver":"mysql","host":"db","database":"block_cms","connection_time":"0.84ms"}
[2025-09-28 11:39:16] INFO: Database connection established {"driver":"mysql","host":"db","database":"block_cms","connection_time":"0.94ms"}
[2025-09-28 11:39:32] INFO: Database connection established {"driver":"mysql","host":"db","database":"block_cms","connection_time":"1.55ms"}
[2025-09-28 11:39:50] INFO: Database connection established {"driver":"mysql","host":"db","database":"block_cms","connection_time":"1.53ms"}
[2025-09-28 11:40:10] INFO: Database connection established {"driver":"mysql","host":"db","database":"block_cms","connection_time":"2.04ms"}
[2025-09-28 11:40:27] INFO: Database connection established {"driver":"mysql","host":"db","database":"block_cms","connection_time":"2.02ms"}
[2025-09-28 11:40:53] INFO: Database connection established {"driver":"mysql","host":"db","database":"block_cms","connection_time":"1.86ms"}
[2025-09-28 11:41:18] INFO: Database connection established {"driver":"mysql","host":"db","database":"block_cms","connection_time":"1.71ms"}
[2025-09-28 11:41:28] INFO: Database connection established {"driver":"mysql","host":"db","database":"block_cms","connection_time":"1.54ms"}
[2025-09-28 11:42:05] INFO: Database connection established {"driver":"mysql","host":"db","database":"block_cms","connection_time":"0.73ms"}
[2025-09-28 11:42:47] INFO: Database connection established {"driver":"mysql","host":"db","database":"block_cms","connection_time":"1.81ms"}
[2025-09-28 11:42:57] INFO: Database connection established {"driver":"mysql","host":"db","database":"block_cms","connection_time":"1.92ms"}
[2025-09-28 11:42:59] INFO: Database connection established {"driver":"mysql","host":"db","database":"block_cms","connection_time":"1.69ms"}
[2025-09-28 11:42:59] INFO: Database connection established {"driver":"mysql","host":"db","database":"block_cms","connection_time":"1.22ms"}
[2025-09-28 11:42:59] INFO: Database connection established {"driver":"mysql","host":"db","database":"block_cms","connection_time":"1.56ms"}
[2025-09-28 11:43:10] INFO: Database connection established {"driver":"mysql","host":"db","database":"block_cms","connection_time":"1.59ms"}
[2025-09-28 11:43:39] INFO: Database connection established {"driver":"mysql","host":"db","database":"block_cms","connection_time":"2.16ms"}
[2025-09-28 11:44:14] INFO: Database connection established {"driver":"mysql","host":"db","database":"block_cms","connection_time":"1.59ms"}
[2025-09-28 11:44:35] INFO: Database connection established {"driver":"mysql","host":"db","database":"block_cms","connection_time":"3.02ms"}
[2025-09-28 11:44:47] INFO: Database connection established {"driver":"mysql","host":"db","database":"block_cms","connection_time":"1.62ms"}
[2025-09-28 11:44:47] DEBUG: Database transaction started
[2025-09-28 11:44:47] DEBUG: Records updated {"table":"pages","affected_rows":1,"where_conditions":["id"]}
[2025-09-28 11:44:47] DEBUG: Database transaction committed
[2025-09-28 11:44:47] INFO: Database connection established {"driver":"mysql","host":"db","database":"block_cms","connection_time":"0.58ms"}
[2025-09-28 11:45:09] INFO: Database connection established {"driver":"mysql","host":"db","database":"block_cms","connection_time":"1.17ms"}
[2025-09-28 11:45:09] DEBUG: Database transaction started
[2025-09-28 11:45:09] DEBUG: Records updated {"table":"pages","affected_rows":1,"where_conditions":["id"]}
[2025-09-28 11:45:09] DEBUG: Database transaction committed
[2025-09-28 11:45:16] INFO: Database connection established {"driver":"mysql","host":"db","database":"block_cms","connection_time":"1.62ms"}
[2025-09-28 11:45:16] DEBUG: Record inserted {"table":"categories","insert_id":64,"data_keys":["name","slug","is_active","created_at","updated_at"]}
[2025-09-28 11:45:23] INFO: Database connection established {"driver":"mysql","host":"db","database":"block_cms","connection_time":"1.9ms"}
[2025-09-28 11:45:23] DEBUG: Record inserted {"table":"tags","insert_id":95,"data_keys":["name","slug","created_at","updated_at"]}
[2025-09-28 11:45:26] INFO: Database connection established {"driver":"mysql","host":"db","database":"block_cms","connection_time":"2.83ms"}
[2025-09-28 11:45:26] DEBUG: Record inserted {"table":"custom_field_definitions","insert_id":31,"data_keys":["name","key","type","description","options","default_value","is_required","is_searchable","is_active","sort_order","created_at","updated_at"]}
[2025-09-28 11:45:30] INFO: Database connection established {"driver":"mysql","host":"db","database":"block_cms","connection_time":"0.9ms"}
[2025-09-28 11:45:30] DEBUG: Database transaction started
[2025-09-28 11:45:30] INFO: Creating new page {"title":"test mike"}
[2025-09-28 11:45:30] DEBUG: Record inserted {"table":"pages","insert_id":14,"data_keys":["title","slug","status","meta_title","meta_description","published_at","created_at","updated_at"]}
[2025-09-28 11:45:30] INFO: Page created successfully {"page_id":14}
[2025-09-28 11:45:30] DEBUG: Record inserted {"table":"page_metadata","insert_id":5,"data_keys":["content_type","block_category","author","visibility","password","featured","allow_comments","is_reusable_block","block_preview_image","page_id","created_at","updated_at"]}
[2025-09-28 11:45:30] DEBUG: Record inserted {"table":"page_seo","insert_id":5,"data_keys":["meta_keywords","canonical_url","og_title","og_description","og_image","twitter_card","schema_markup","page_id","created_at","updated_at"]}
[2025-09-28 11:45:30] DEBUG: Record inserted {"table":"page_settings","insert_id":4,"data_keys":["template","custom_css","custom_js","redirect_url","parent_page","latitude","longitude","address","price","currency","recurring","recurring_period","page_id","created_at","updated_at"]}
[2025-09-28 11:45:30] DEBUG: Records deleted {"table":"page_access_roles","affected_rows":0,"where_conditions":["page_id"]}
[2025-09-28 11:45:30] DEBUG: Record inserted {"table":"page_access_roles","insert_id":4,"data_keys":["page_id","role","created_at","updated_at"]}
[2025-09-28 11:45:30] DEBUG: Record inserted {"table":"page_social","insert_id":4,"data_keys":["platforms","share_text","share_hashtags","share_via","pixel_ids","embed_width","embed_height","page_id","created_at","updated_at"]}
[2025-09-28 11:45:30] DEBUG: Records deleted {"table":"page_categories","affected_rows":0,"where_conditions":["page_id"]}
[2025-09-28 11:45:30] DEBUG: Record inserted {"table":"categories","insert_id":65,"data_keys":["name","slug","is_active","created_at","updated_at"]}
[2025-09-28 11:45:30] DEBUG: Record inserted {"table":"page_categories","insert_id":31,"data_keys":["page_id","category_id","created_at","updated_at"]}
[2025-09-28 11:45:30] DEBUG: Record inserted {"table":"categories","insert_id":66,"data_keys":["name","slug","is_active","created_at","updated_at"]}
[2025-09-28 11:45:30] DEBUG: Record inserted {"table":"page_categories","insert_id":32,"data_keys":["page_id","category_id","created_at","updated_at"]}
[2025-09-28 11:45:30] DEBUG: Record inserted {"table":"categories","insert_id":67,"data_keys":["name","slug","is_active","created_at","updated_at"]}
[2025-09-28 11:45:30] DEBUG: Record inserted {"table":"page_categories","insert_id":33,"data_keys":["page_id","category_id","created_at","updated_at"]}
[2025-09-28 11:45:30] DEBUG: Records deleted {"table":"page_tags","affected_rows":0,"where_conditions":["page_id"]}
[2025-09-28 11:45:30] DEBUG: Record inserted {"table":"tags","insert_id":96,"data_keys":["name","slug","usage_count","created_at","updated_at"]}
[2025-09-28 11:45:30] DEBUG: Record inserted {"table":"page_tags","insert_id":53,"data_keys":["page_id","tag_id","created_at","updated_at"]}
[2025-09-28 11:45:30] DEBUG: Record inserted {"table":"tags","insert_id":97,"data_keys":["name","slug","usage_count","created_at","updated_at"]}
[2025-09-28 11:45:30] DEBUG: Record inserted {"table":"page_tags","insert_id":54,"data_keys":["page_id","tag_id","created_at","updated_at"]}
[2025-09-28 11:45:30] DEBUG: Record inserted {"table":"tags","insert_id":98,"data_keys":["name","slug","usage_count","created_at","updated_at"]}
[2025-09-28 11:45:30] DEBUG: Record inserted {"table":"page_tags","insert_id":55,"data_keys":["page_id","tag_id","created_at","updated_at"]}
[2025-09-28 11:45:30] DEBUG: Database savepoint created {"level":1}
[2025-09-28 11:45:30] ERROR: Invalid block data structure {"block_type":"image","page_id":14}
[2025-09-28 11:45:30] DEBUG: Record inserted {"table":"blocks","insert_id":133,"data_keys":["page_id","type","data","order","created_at","updated_at"]}
[2025-09-28 11:45:30] DEBUG: Record inserted {"table":"blocks","insert_id":134,"data_keys":["page_id","type","data","order","created_at","updated_at"]}
[2025-09-28 11:45:30] ERROR: Invalid block data structure {"block_type":"text","page_id":14}
[2025-09-28 11:45:30] DEBUG: Record inserted {"table":"blocks","insert_id":135,"data_keys":["page_id","type","data","order","created_at","updated_at"]}
[2025-09-28 11:45:30] DEBUG: Record inserted {"table":"blocks","insert_id":136,"data_keys":["page_id","type","data","order","created_at","updated_at"]}
[2025-09-28 11:45:30] ERROR: Invalid block data structure {"block_type":"image","page_id":14}
[2025-09-28 11:45:30] DEBUG: Record inserted {"table":"blocks","insert_id":137,"data_keys":["page_id","type","data","order","created_at","updated_at"]}
[2025-09-28 11:45:30] DEBUG: Record inserted {"table":"blocks","insert_id":138,"data_keys":["page_id","type","data","order","created_at","updated_at"]}
[2025-09-28 11:45:30] DEBUG: Record inserted {"table":"blocks","insert_id":139,"data_keys":["page_id","type","data","order","created_at","updated_at"]}
[2025-09-28 11:45:30] DEBUG: Record inserted {"table":"blocks","insert_id":140,"data_keys":["page_id","type","data","order","created_at","updated_at"]}
[2025-09-28 11:45:30] DEBUG: Record inserted {"table":"blocks","insert_id":141,"data_keys":["page_id","type","data","order","created_at","updated_at"]}
[2025-09-28 11:45:30] DEBUG: Record inserted {"table":"blocks","insert_id":142,"data_keys":["page_id","type","data","order","created_at","updated_at"]}
[2025-09-28 11:45:30] DEBUG: Record inserted {"table":"blocks","insert_id":143,"data_keys":["page_id","type","data","order","created_at","updated_at"]}
[2025-09-28 11:45:30] DEBUG: Record inserted {"table":"blocks","insert_id":144,"data_keys":["page_id","type","data","order","created_at","updated_at"]}
[2025-09-28 11:45:30] DEBUG: Record inserted {"table":"blocks","insert_id":145,"data_keys":["page_id","type","data","order","created_at","updated_at"]}
[2025-09-28 11:45:30] DEBUG: Record inserted {"table":"blocks","insert_id":146,"data_keys":["page_id","type","data","order","created_at","updated_at"]}
[2025-09-28 11:45:30] DEBUG: Record inserted {"table":"blocks","insert_id":147,"data_keys":["page_id","type","data","order","created_at","updated_at"]}
[2025-09-28 11:45:30] DEBUG: Record inserted {"table":"blocks","insert_id":148,"data_keys":["page_id","type","data","order","created_at","updated_at"]}
[2025-09-28 11:45:30] DEBUG: Record inserted {"table":"blocks","insert_id":149,"data_keys":["page_id","type","data","order","created_at","updated_at"]}
[2025-09-28 11:45:30] DEBUG: Record inserted {"table":"blocks","insert_id":150,"data_keys":["page_id","type","data","order","created_at","updated_at"]}
[2025-09-28 11:45:30] DEBUG: Record inserted {"table":"blocks","insert_id":151,"data_keys":["page_id","type","data","order","created_at","updated_at"]}
[2025-09-28 11:45:30] DEBUG: Record inserted {"table":"blocks","insert_id":152,"data_keys":["page_id","type","data","order","created_at","updated_at"]}
[2025-09-28 11:45:30] DEBUG: Record inserted {"table":"blocks","insert_id":153,"data_keys":["page_id","type","data","order","created_at","updated_at"]}
[2025-09-28 11:45:30] DEBUG: Database savepoint released {"level":1}
[2025-09-28 11:45:30] DEBUG: Database transaction committed
[2025-09-28 11:45:34] INFO: Database connection established {"driver":"mysql","host":"db","database":"block_cms","connection_time":"1.11ms"}
[2025-09-28 11:46:03] INFO: Database connection established {"driver":"mysql","host":"db","database":"block_cms","connection_time":"1.43ms"}
[2025-09-28 11:46:50] INFO: Database connection established {"driver":"mysql","host":"db","database":"block_cms","connection_time":"1.37ms"}
[2025-09-28 11:46:55] INFO: Database connection established {"driver":"mysql","host":"db","database":"block_cms","connection_time":"0.97ms"}
[2025-09-28 11:47:20] INFO: Database connection established {"driver":"mysql","host":"db","database":"block_cms","connection_time":"1.63ms"}
[2025-09-28 11:47:46] INFO: Database connection established {"driver":"mysql","host":"db","database":"block_cms","connection_time":"1.73ms"}
[2025-09-28 11:47:54] INFO: Database connection established {"driver":"mysql","host":"db","database":"block_cms","connection_time":"0.91ms"}
[2025-09-28 11:48:06] INFO: Database connection established {"driver":"mysql","host":"db","database":"block_cms","connection_time":"0.87ms"}
[2025-09-28 11:48:13] INFO: Database connection established {"driver":"mysql","host":"db","database":"block_cms","connection_time":"1.13ms"}
[2025-09-28 11:48:17] INFO: Database connection established {"driver":"mysql","host":"db","database":"block_cms","connection_time":"1.06ms"}
[2025-09-28 11:48:17] DEBUG: Database transaction started
[2025-09-28 11:48:17] DEBUG: Records updated {"table":"pages","affected_rows":1,"where_conditions":["id"]}
[2025-09-28 11:48:17] DEBUG: Records updated {"table":"page_metadata","affected_rows":1,"where_conditions":["id"]}
[2025-09-28 11:48:17] DEBUG: Records updated {"table":"page_seo","affected_rows":1,"where_conditions":["id"]}
[2025-09-28 11:48:17] DEBUG: Record inserted {"table":"page_settings","insert_id":5,"data_keys":["template","custom_css","custom_js","redirect_url","parent_page","latitude","longitude","address","price","currency","recurring","recurring_period","page_id","created_at","updated_at"]}
[2025-09-28 11:48:17] DEBUG: Records deleted {"table":"page_access_roles","affected_rows":0,"where_conditions":["page_id"]}
[2025-09-28 11:48:17] DEBUG: Record inserted {"table":"page_access_roles","insert_id":5,"data_keys":["page_id","role","created_at","updated_at"]}
[2025-09-28 11:48:17] DEBUG: Record inserted {"table":"page_social","insert_id":5,"data_keys":["platforms","share_text","share_hashtags","share_via","pixel_ids","embed_width","embed_height","page_id","created_at","updated_at"]}
[2025-09-28 11:48:17] DEBUG: Records deleted {"table":"page_categories","affected_rows":0,"where_conditions":["page_id"]}
[2025-09-28 11:48:17] DEBUG: Record inserted {"table":"categories","insert_id":68,"data_keys":["name","slug","is_active","created_at","updated_at"]}
[2025-09-28 11:48:17] DEBUG: Record inserted {"table":"page_categories","insert_id":34,"data_keys":["page_id","category_id","created_at","updated_at"]}
[2025-09-28 11:48:17] DEBUG: Record inserted {"table":"categories","insert_id":69,"data_keys":["name","slug","is_active","created_at","updated_at"]}
[2025-09-28 11:48:17] DEBUG: Record inserted {"table":"page_categories","insert_id":35,"data_keys":["page_id","category_id","created_at","updated_at"]}
[2025-09-28 11:48:17] DEBUG: Record inserted {"table":"categories","insert_id":70,"data_keys":["name","slug","is_active","created_at","updated_at"]}
[2025-09-28 11:48:17] DEBUG: Record inserted {"table":"page_categories","insert_id":36,"data_keys":["page_id","category_id","created_at","updated_at"]}
[2025-09-28 11:48:17] DEBUG: Records deleted {"table":"page_tags","affected_rows":0,"where_conditions":["page_id"]}
[2025-09-28 11:48:17] DEBUG: Record inserted {"table":"tags","insert_id":99,"data_keys":["name","slug","usage_count","created_at","updated_at"]}
[2025-09-28 11:48:17] DEBUG: Record inserted {"table":"page_tags","insert_id":56,"data_keys":["page_id","tag_id","created_at","updated_at"]}
[2025-09-28 11:48:17] DEBUG: Record inserted {"table":"tags","insert_id":100,"data_keys":["name","slug","usage_count","created_at","updated_at"]}
[2025-09-28 11:48:17] DEBUG: Record inserted {"table":"page_tags","insert_id":57,"data_keys":["page_id","tag_id","created_at","updated_at"]}
[2025-09-28 11:48:17] DEBUG: Record inserted {"table":"tags","insert_id":101,"data_keys":["name","slug","usage_count","created_at","updated_at"]}
[2025-09-28 11:48:17] DEBUG: Record inserted {"table":"page_tags","insert_id":58,"data_keys":["page_id","tag_id","created_at","updated_at"]}
[2025-09-28 11:48:17] DEBUG: Database savepoint created {"level":1}
[2025-09-28 11:48:17] DEBUG: Records deleted {"table":"blocks","affected_rows":4,"where_conditions":["page_id"]}
[2025-09-28 11:48:17] DEBUG: Database savepoint created {"level":2}
[2025-09-28 11:48:17] ERROR: Invalid block data structure {"block_type":"image","page_id":2}
[2025-09-28 11:48:17] DEBUG: Record inserted {"table":"blocks","insert_id":154,"data_keys":["page_id","type","data","order","created_at","updated_at"]}
[2025-09-28 11:48:17] DEBUG: Record inserted {"table":"blocks","insert_id":155,"data_keys":["page_id","type","data","order","created_at","updated_at"]}
[2025-09-28 11:48:17] ERROR: Invalid block data structure {"block_type":"text","page_id":2}
[2025-09-28 11:48:17] DEBUG: Record inserted {"table":"blocks","insert_id":156,"data_keys":["page_id","type","data","order","created_at","updated_at"]}
[2025-09-28 11:48:17] DEBUG: Record inserted {"table":"blocks","insert_id":157,"data_keys":["page_id","type","data","order","created_at","updated_at"]}
[2025-09-28 11:48:17] ERROR: Invalid block data structure {"block_type":"image","page_id":2}
[2025-09-28 11:48:17] DEBUG: Record inserted {"table":"blocks","insert_id":158,"data_keys":["page_id","type","data","order","created_at","updated_at"]}
[2025-09-28 11:48:17] DEBUG: Record inserted {"table":"blocks","insert_id":159,"data_keys":["page_id","type","data","order","created_at","updated_at"]}
[2025-09-28 11:48:17] DEBUG: Record inserted {"table":"blocks","insert_id":160,"data_keys":["page_id","type","data","order","created_at","updated_at"]}
[2025-09-28 11:48:17] DEBUG: Record inserted {"table":"blocks","insert_id":161,"data_keys":["page_id","type","data","order","created_at","updated_at"]}
[2025-09-28 11:48:17] DEBUG: Record inserted {"table":"blocks","insert_id":162,"data_keys":["page_id","type","data","order","created_at","updated_at"]}
[2025-09-28 11:48:17] DEBUG: Record inserted {"table":"blocks","insert_id":163,"data_keys":["page_id","type","data","order","created_at","updated_at"]}
[2025-09-28 11:48:17] DEBUG: Record inserted {"table":"blocks","insert_id":164,"data_keys":["page_id","type","data","order","created_at","updated_at"]}
[2025-09-28 11:48:17] DEBUG: Record inserted {"table":"blocks","insert_id":165,"data_keys":["page_id","type","data","order","created_at","updated_at"]}
[2025-09-28 11:48:17] DEBUG: Record inserted {"table":"blocks","insert_id":166,"data_keys":["page_id","type","data","order","created_at","updated_at"]}
[2025-09-28 11:48:17] DEBUG: Record inserted {"table":"blocks","insert_id":167,"data_keys":["page_id","type","data","order","created_at","updated_at"]}
[2025-09-28 11:48:17] DEBUG: Record inserted {"table":"blocks","insert_id":168,"data_keys":["page_id","type","data","order","created_at","updated_at"]}
[2025-09-28 11:48:17] DEBUG: Record inserted {"table":"blocks","insert_id":169,"data_keys":["page_id","type","data","order","created_at","updated_at"]}
[2025-09-28 11:48:17] DEBUG: Record inserted {"table":"blocks","insert_id":170,"data_keys":["page_id","type","data","order","created_at","updated_at"]}
[2025-09-28 11:48:17] DEBUG: Record inserted {"table":"blocks","insert_id":171,"data_keys":["page_id","type","data","order","created_at","updated_at"]}
[2025-09-28 11:48:17] DEBUG: Record inserted {"table":"blocks","insert_id":172,"data_keys":["page_id","type","data","order","created_at","updated_at"]}
[2025-09-28 11:48:17] DEBUG: Record inserted {"table":"blocks","insert_id":173,"data_keys":["page_id","type","data","order","created_at","updated_at"]}
[2025-09-28 11:48:17] DEBUG: Record inserted {"table":"blocks","insert_id":174,"data_keys":["page_id","type","data","order","created_at","updated_at"]}
[2025-09-28 11:48:17] DEBUG: Database savepoint released {"level":2}
[2025-09-28 11:48:17] DEBUG: Database savepoint released {"level":1}
[2025-09-28 11:48:18] DEBUG: Database transaction committed
[2025-09-28 11:48:21] INFO: Database connection established {"driver":"mysql","host":"db","database":"block_cms","connection_time":"2.08ms"}
[2025-09-28 11:48:27] INFO: Database connection established {"driver":"mysql","host":"db","database":"block_cms","connection_time":"1.7ms"}
[2025-09-28 11:48:27] DEBUG: Records updated {"table":"tags","affected_rows":1,"where_conditions":["id"]}
[2025-09-28 11:48:36] INFO: Database connection established {"driver":"mysql","host":"db","database":"block_cms","connection_time":"1.03ms"}
[2025-09-28 11:48:36] DEBUG: Record inserted {"table":"menus","insert_id":3,"data_keys":["name","slug","description","layout_config","is_active","created_at","updated_at"]}
[2025-09-28 11:48:39] INFO: Database connection established {"driver":"mysql","host":"db","database":"block_cms","connection_time":"2.15ms"}
[2025-09-28 11:48:39] DEBUG: Records updated {"table":"menus","affected_rows":0,"where_conditions":["id"]}
[2025-09-28 11:48:42] INFO: Database connection established {"driver":"mysql","host":"db","database":"block_cms","connection_time":"0.99ms"}
[2025-09-28 11:48:58] INFO: Database connection established {"driver":"mysql","host":"db","database":"block_cms","connection_time":"1.05ms"}
[2025-09-28 11:49:17] INFO: Database connection established {"driver":"mysql","host":"db","database":"block_cms","connection_time":"1.16ms"}
[2025-09-28 11:49:26] INFO: Database connection established {"driver":"mysql","host":"db","database":"block_cms","connection_time":"1.09ms"}
[2025-09-28 11:49:26] DEBUG: Record inserted {"table":"menu_items","insert_id":8,"data_keys":["menu_id","parent_id","label","target_type","target_id","css_class","icon","open_in_new_tab","sort_order","is_active","created_at","updated_at"]}
[2025-09-28 11:49:30] INFO: Database connection established {"driver":"mysql","host":"db","database":"block_cms","connection_time":"1.1ms"}
[2025-09-28 11:49:30] DEBUG: Records updated {"table":"menu_items","affected_rows":1,"where_conditions":["id"]}
[2025-09-28 11:49:34] INFO: Database connection established {"driver":"mysql","host":"db","database":"block_cms","connection_time":"1.54ms"}
[2025-09-28 11:49:34] DEBUG: Database transaction started
[2025-09-28 11:49:34] DEBUG: Database transaction committed
[2025-09-28 11:49:38] INFO: Database connection established {"driver":"mysql","host":"db","database":"block_cms","connection_time":"1.14ms"}
[2025-09-28 11:49:43] INFO: Database connection established {"driver":"mysql","host":"db","database":"block_cms","connection_time":"1.48ms"}
[2025-09-28 11:50:13] INFO: Database connection established {"driver":"mysql","host":"db","database":"block_cms","connection_time":"1.41ms"}
[2025-09-28 11:50:48] INFO: Database connection established {"driver":"mysql","host":"db","database":"block_cms","connection_time":"1.69ms"}
[2025-09-28 11:58:06] INFO: Database connection established {"driver":"mysql","host":"db","database":"block_cms","connection_time":"0.6ms"}
[2025-09-28 11:58:10] INFO: Database connection established {"driver":"mysql","host":"db","database":"block_cms","connection_time":"0.94ms"}
[2025-09-28 11:58:10] DEBUG: Database transaction started
[2025-09-28 11:58:10] INFO: Creating new page {"title":"test mike"}
[2025-09-28 11:58:10] DEBUG: Record inserted {"table":"pages","insert_id":15,"data_keys":["title","slug","status","meta_title","meta_description","published_at","created_at","updated_at"]}
[2025-09-28 11:58:10] INFO: Page created successfully {"page_id":15}
[2025-09-28 11:58:10] DEBUG: Record inserted {"table":"page_metadata","insert_id":6,"data_keys":["content_type","block_category","author","visibility","password","featured","allow_comments","is_reusable_block","block_preview_image","page_id","created_at","updated_at"]}
[2025-09-28 11:58:10] DEBUG: Record inserted {"table":"page_seo","insert_id":6,"data_keys":["meta_keywords","canonical_url","og_title","og_description","og_image","twitter_card","schema_markup","page_id","created_at","updated_at"]}
[2025-09-28 11:58:10] DEBUG: Record inserted {"table":"page_settings","insert_id":6,"data_keys":["template","custom_css","custom_js","redirect_url","parent_page","latitude","longitude","address","price","currency","recurring","recurring_period","page_id","created_at","updated_at"]}
[2025-09-28 11:58:10] DEBUG: Records deleted {"table":"page_access_roles","affected_rows":0,"where_conditions":["page_id"]}
[2025-09-28 11:58:10] DEBUG: Record inserted {"table":"page_access_roles","insert_id":6,"data_keys":["page_id","role","created_at","updated_at"]}
[2025-09-28 11:58:10] DEBUG: Record inserted {"table":"page_social","insert_id":6,"data_keys":["platforms","share_text","share_hashtags","share_via","pixel_ids","embed_width","embed_height","page_id","created_at","updated_at"]}
[2025-09-28 11:58:33] INFO: Database connection established {"driver":"mysql","host":"db","database":"block_cms","connection_time":"1.09ms"}
[2025-09-28 11:58:33] DEBUG: Database transaction started
[2025-09-28 11:58:33] INFO: Creating new page {"title":"test mike"}
[2025-09-28 11:58:33] DEBUG: Record inserted {"table":"pages","insert_id":16,"data_keys":["title","slug","status","meta_title","meta_description","published_at","created_at","updated_at"]}
[2025-09-28 11:58:33] INFO: Page created successfully {"page_id":16}
[2025-09-28 11:58:33] DEBUG: Record inserted {"table":"page_metadata","insert_id":7,"data_keys":["content_type","block_category","author","visibility","password","featured","allow_comments","is_reusable_block","block_preview_image","page_id","created_at","updated_at"]}
[2025-09-28 11:58:33] DEBUG: Record inserted {"table":"page_seo","insert_id":7,"data_keys":["meta_keywords","canonical_url","og_title","og_description","og_image","twitter_card","schema_markup","page_id","created_at","updated_at"]}
[2025-09-28 11:58:33] DEBUG: Record inserted {"table":"page_settings","insert_id":7,"data_keys":["template","custom_css","custom_js","redirect_url","parent_page","latitude","longitude","address","price","currency","recurring","recurring_period","page_id","created_at","updated_at"]}
[2025-09-28 11:58:33] DEBUG: Records deleted {"table":"page_access_roles","affected_rows":0,"where_conditions":["page_id"]}
[2025-09-28 11:58:33] DEBUG: Record inserted {"table":"page_access_roles","insert_id":7,"data_keys":["page_id","role","created_at","updated_at"]}
[2025-09-28 11:58:33] DEBUG: Record inserted {"table":"page_social","insert_id":7,"data_keys":["platforms","share_text","share_hashtags","share_via","pixel_ids","embed_width","embed_height","page_id","created_at","updated_at"]}
[2025-09-28 11:58:33] DEBUG: Records deleted {"table":"page_categories","affected_rows":0,"where_conditions":["page_id"]}
[2025-09-28 11:58:42] INFO: Database connection established {"driver":"mysql","host":"db","database":"block_cms","connection_time":"1.04ms"}
[2025-09-28 11:58:42] DEBUG: Database transaction started
[2025-09-28 11:58:42] INFO: Creating new page {"title":"test mike"}
[2025-09-28 11:58:42] DEBUG: Record inserted {"table":"pages","insert_id":17,"data_keys":["title","slug","status","meta_title","meta_description","published_at","created_at","updated_at"]}
[2025-09-28 11:58:42] INFO: Page created successfully {"page_id":17}
[2025-09-28 11:58:42] DEBUG: Record inserted {"table":"page_metadata","insert_id":8,"data_keys":["content_type","block_category","author","visibility","password","featured","allow_comments","is_reusable_block","block_preview_image","page_id","created_at","updated_at"]}
[2025-09-28 11:58:42] DEBUG: Record inserted {"table":"page_seo","insert_id":8,"data_keys":["meta_keywords","canonical_url","og_title","og_description","og_image","twitter_card","schema_markup","page_id","created_at","updated_at"]}
[2025-09-28 11:58:42] DEBUG: Record inserted {"table":"page_settings","insert_id":8,"data_keys":["template","custom_css","custom_js","redirect_url","parent_page","latitude","longitude","address","price","currency","recurring","recurring_period","page_id","created_at","updated_at"]}
[2025-09-28 11:58:42] DEBUG: Records deleted {"table":"page_access_roles","affected_rows":0,"where_conditions":["page_id"]}
[2025-09-28 11:58:42] DEBUG: Record inserted {"table":"page_access_roles","insert_id":8,"data_keys":["page_id","role","created_at","updated_at"]}
[2025-09-28 11:58:42] DEBUG: Record inserted {"table":"page_social","insert_id":8,"data_keys":["platforms","share_text","share_hashtags","share_via","pixel_ids","embed_width","embed_height","page_id","created_at","updated_at"]}
[2025-09-28 11:58:42] DEBUG: Records deleted {"table":"page_categories","affected_rows":0,"where_conditions":["page_id"]}
[2025-09-28 11:58:42] DEBUG: Record inserted {"table":"categories","insert_id":71,"data_keys":["name","slug","is_active","created_at","updated_at"]}
[2025-09-28 11:58:42] DEBUG: Record inserted {"table":"page_categories","insert_id":37,"data_keys":["page_id","category_id","created_at","updated_at"]}
[2025-09-28 11:58:42] DEBUG: Record inserted {"table":"categories","insert_id":72,"data_keys":["name","slug","is_active","created_at","updated_at"]}
[2025-09-28 11:58:42] DEBUG: Record inserted {"table":"page_categories","insert_id":38,"data_keys":["page_id","category_id","created_at","updated_at"]}
[2025-09-28 11:58:42] DEBUG: Record inserted {"table":"categories","insert_id":73,"data_keys":["name","slug","is_active","created_at","updated_at"]}
[2025-09-28 11:58:42] DEBUG: Record inserted {"table":"page_categories","insert_id":39,"data_keys":["page_id","category_id","created_at","updated_at"]}
[2025-09-28 11:58:42] DEBUG: Records deleted {"table":"page_tags","affected_rows":0,"where_conditions":["page_id"]}
[2025-09-28 11:58:42] DEBUG: Record inserted {"table":"tags","insert_id":102,"data_keys":["name","slug","usage_count","created_at","updated_at"]}
[2025-09-28 11:58:42] DEBUG: Record inserted {"table":"page_tags","insert_id":59,"data_keys":["page_id","tag_id","created_at","updated_at"]}
[2025-09-28 11:58:42] DEBUG: Record inserted {"table":"tags","insert_id":103,"data_keys":["name","slug","usage_count","created_at","updated_at"]}
[2025-09-28 11:58:42] DEBUG: Record inserted {"table":"page_tags","insert_id":60,"data_keys":["page_id","tag_id","created_at","updated_at"]}
[2025-09-28 11:58:42] DEBUG: Record inserted {"table":"tags","insert_id":104,"data_keys":["name","slug","usage_count","created_at","updated_at"]}
[2025-09-28 11:58:42] DEBUG: Record inserted {"table":"page_tags","insert_id":61,"data_keys":["page_id","tag_id","created_at","updated_at"]}
[2025-09-28 11:58:42] DEBUG: Database savepoint created {"level":1}
[2025-09-28 11:58:42] ERROR: Invalid block data structure {"block_type":"image","page_id":17}
[2025-09-28 11:58:42] DEBUG: Record inserted {"table":"blocks","insert_id":175,"data_keys":["page_id","type","data","order","created_at","updated_at"]}
[2025-09-28 11:58:42] DEBUG: Record inserted {"table":"blocks","insert_id":176,"data_keys":["page_id","type","data","order","created_at","updated_at"]}
[2025-09-28 11:58:42] ERROR: Invalid block data structure {"block_type":"text","page_id":17}
[2025-09-28 11:58:42] DEBUG: Record inserted {"table":"blocks","insert_id":177,"data_keys":["page_id","type","data","order","created_at","updated_at"]}
[2025-09-28 11:58:42] DEBUG: Record inserted {"table":"blocks","insert_id":178,"data_keys":["page_id","type","data","order","created_at","updated_at"]}
[2025-09-28 11:58:42] ERROR: Invalid block data structure {"block_type":"image","page_id":17}
[2025-09-28 11:58:42] DEBUG: Record inserted {"table":"blocks","insert_id":179,"data_keys":["page_id","type","data","order","created_at","updated_at"]}
[2025-09-28 11:58:42] DEBUG: Record inserted {"table":"blocks","insert_id":180,"data_keys":["page_id","type","data","order","created_at","updated_at"]}
[2025-09-28 11:58:42] DEBUG: Record inserted {"table":"blocks","insert_id":181,"data_keys":["page_id","type","data","order","created_at","updated_at"]}
[2025-09-28 11:58:42] DEBUG: Record inserted {"table":"blocks","insert_id":182,"data_keys":["page_id","type","data","order","created_at","updated_at"]}
[2025-09-28 11:58:42] DEBUG: Record inserted {"table":"blocks","insert_id":183,"data_keys":["page_id","type","data","order","created_at","updated_at"]}
[2025-09-28 11:58:42] DEBUG: Record inserted {"table":"blocks","insert_id":184,"data_keys":["page_id","type","data","order","created_at","updated_at"]}
[2025-09-28 11:58:42] DEBUG: Record inserted {"table":"blocks","insert_id":185,"data_keys":["page_id","type","data","order","created_at","updated_at"]}
[2025-09-28 11:58:42] DEBUG: Record inserted {"table":"blocks","insert_id":186,"data_keys":["page_id","type","data","order","created_at","updated_at"]}
[2025-09-28 11:58:42] DEBUG: Record inserted {"table":"blocks","insert_id":187,"data_keys":["page_id","type","data","order","created_at","updated_at"]}
[2025-09-28 11:58:42] DEBUG: Record inserted {"table":"blocks","insert_id":188,"data_keys":["page_id","type","data","order","created_at","updated_at"]}
[2025-09-28 11:58:42] DEBUG: Record inserted {"table":"blocks","insert_id":189,"data_keys":["page_id","type","data","order","created_at","updated_at"]}
[2025-09-28 11:58:42] DEBUG: Record inserted {"table":"blocks","insert_id":190,"data_keys":["page_id","type","data","order","created_at","updated_at"]}
[2025-09-28 11:58:42] DEBUG: Record inserted {"table":"blocks","insert_id":191,"data_keys":["page_id","type","data","order","created_at","updated_at"]}
[2025-09-28 11:58:42] DEBUG: Record inserted {"table":"blocks","insert_id":192,"data_keys":["page_id","type","data","order","created_at","updated_at"]}
[2025-09-28 11:58:42] DEBUG: Record inserted {"table":"blocks","insert_id":193,"data_keys":["page_id","type","data","order","created_at","updated_at"]}
[2025-09-28 11:58:42] DEBUG: Record inserted {"table":"blocks","insert_id":194,"data_keys":["page_id","type","data","order","created_at","updated_at"]}
[2025-09-28 11:58:42] DEBUG: Record inserted {"table":"blocks","insert_id":195,"data_keys":["page_id","type","data","order","created_at","updated_at"]}
[2025-09-28 11:58:42] DEBUG: Database savepoint released {"level":1}
[2025-09-28 11:58:42] DEBUG: Database transaction committed
[2025-09-28 12:04:28] INFO: Database connection established {"driver":"mysql","host":"db","database":"block_cms","connection_time":"0.89ms"}
[2025-09-28 12:04:56] INFO: Database connection established {"driver":"mysql","host":"db","database":"block_cms","connection_time":"1.3ms"}
[2025-09-28 12:05:27] INFO: Database connection established {"driver":"mysql","host":"db","database":"block_cms","connection_time":"0.9ms"}
[2025-09-28 12:06:06] INFO: Database connection established {"driver":"mysql","host":"db","database":"block_cms","connection_time":"1.63ms"}
[2025-09-28 12:06:13] INFO: Database connection established {"driver":"mysql","host":"db","database":"block_cms","connection_time":"1.03ms"}
[2025-09-28 12:06:13] DEBUG: Record inserted {"table":"categories","insert_id":74,"data_keys":["name","slug","is_active","created_at","updated_at"]}
[2025-09-28 12:06:22] INFO: Database connection established {"driver":"mysql","host":"db","database":"block_cms","connection_time":"1.27ms"}
[2025-09-28 12:06:34] INFO: Database connection established {"driver":"mysql","host":"db","database":"block_cms","connection_time":"3.11ms"}
[2025-09-28 12:06:34] DEBUG: Records updated {"table":"categories","affected_rows":1,"where_conditions":["id"]}
[2025-09-28 12:07:33] INFO: Database connection established {"driver":"mysql","host":"db","database":"block_cms","connection_time":"0.93ms"}
[2025-09-28 12:07:34] INFO: Database connection established {"driver":"mysql","host":"db","database":"block_cms","connection_time":"1.88ms"}
[2025-09-28 12:07:57] INFO: Database connection established {"driver":"mysql","host":"db","database":"block_cms","connection_time":"1.59ms"}
[2025-09-28 12:07:58] INFO: Database connection established {"driver":"mysql","host":"db","database":"block_cms","connection_time":"1.79ms"}
[2025-09-28 12:07:58] INFO: Database connection established {"driver":"mysql","host":"db","database":"block_cms","connection_time":"1.8ms"}
[2025-09-28 12:07:59] INFO: Database connection established {"driver":"mysql","host":"db","database":"block_cms","connection_time":"1.87ms"}
[2025-09-28 12:07:59] INFO: Database connection established {"driver":"mysql","host":"db","database":"block_cms","connection_time":"1.61ms"}
[2025-09-28 12:08:35] INFO: Database connection established {"driver":"mysql","host":"db","database":"block_cms","connection_time":"1.59ms"}
[2025-09-28 12:08:51] INFO: Database connection established {"driver":"mysql","host":"db","database":"block_cms","connection_time":"1.83ms"}
[2025-09-28 12:22:06] INFO: Database connection established {"driver":"mysql","host":"db","database":"block_cms","connection_time":"1.87ms"}
[2025-09-28 12:23:00] INFO: Database connection established {"driver":"mysql","host":"db","database":"block_cms","connection_time":"1.62ms"}
[2025-09-28 12:26:29] INFO: Database connection established {"driver":"mysql","host":"db","database":"block_cms","connection_time":"1.79ms"}
[2025-09-28 12:27:28] INFO: Database connection established {"driver":"mysql","host":"db","database":"block_cms","connection_time":"1.63ms"}
[2025-09-28 12:27:29] INFO: Database connection established {"driver":"mysql","host":"db","database":"block_cms","connection_time":"1.94ms"}
[2025-09-28 12:27:29] INFO: Database connection established {"driver":"mysql","host":"db","database":"block_cms","connection_time":"1.62ms"}
[2025-09-28 12:27:29] INFO: Database connection established {"driver":"mysql","host":"db","database":"block_cms","connection_time":"1.88ms"}
[2025-09-28 12:27:30] INFO: Database connection established {"driver":"mysql","host":"db","database":"block_cms","connection_time":"1.56ms"}
[2025-09-28 12:27:30] INFO: Database connection established {"driver":"mysql","host":"db","database":"block_cms","connection_time":"1.72ms"}
[2025-09-28 12:28:02] INFO: Database connection established {"driver":"mysql","host":"db","database":"block_cms","connection_time":"1.42ms"}
[2025-09-28 12:28:48] INFO: Database connection established {"driver":"mysql","host":"db","database":"block_cms","connection_time":"1.83ms"}
[2025-09-28 12:29:11] INFO: Database connection established {"driver":"mysql","host":"db","database":"block_cms","connection_time":"1.86ms"}
[2025-09-28 12:29:34] INFO: Database connection established {"driver":"mysql","host":"db","database":"block_cms","connection_time":"1.61ms"}
[2025-09-28 12:30:03] INFO: Database connection established {"driver":"mysql","host":"db","database":"block_cms","connection_time":"2.18ms"}
[2025-09-28 12:31:19] INFO: Database connection established {"driver":"mysql","host":"db","database":"block_cms","connection_time":"1.77ms"}
[2025-09-28 12:31:35] INFO: Database connection established {"driver":"mysql","host":"db","database":"block_cms","connection_time":"1.77ms"}
[2025-09-28 12:32:10] INFO: Database connection established {"driver":"mysql","host":"db","database":"block_cms","connection_time":"1.5ms"}
[2025-09-28 12:32:40] INFO: Database connection established {"driver":"mysql","host":"db","database":"block_cms","connection_time":"1.75ms"}
[2025-09-28 12:32:59] INFO: Database connection established {"driver":"mysql","host":"db","database":"block_cms","connection_time":"1.73ms"}
[2025-09-28 12:33:59] INFO: Database connection established {"driver":"mysql","host":"db","database":"block_cms","connection_time":"1.88ms"}
[2025-09-28 12:34:31] INFO: Database connection established {"driver":"mysql","host":"db","database":"block_cms","connection_time":"1.52ms"}
[2025-09-28 12:34:42] INFO: Database connection established {"driver":"mysql","host":"db","database":"block_cms","connection_time":"1.7ms"}
[2025-09-28 12:35:17] INFO: Database connection established {"driver":"mysql","host":"db","database":"block_cms","connection_time":"1.07ms"}
[2025-09-28 12:36:13] INFO: Database connection established {"driver":"mysql","host":"db","database":"block_cms","connection_time":"1.36ms"}
[2025-09-28 12:36:20] INFO: Database connection established {"driver":"mysql","host":"db","database":"block_cms","connection_time":"1.83ms"}
[2025-09-28 12:36:35] INFO: Database connection established {"driver":"mysql","host":"db","database":"block_cms","connection_time":"1.67ms"}
[2025-09-28 12:36:47] INFO: Database connection established {"driver":"mysql","host":"db","database":"block_cms","connection_time":"1.72ms"}
[2025-09-28 12:37:03] INFO: Database connection established {"driver":"mysql","host":"db","database":"block_cms","connection_time":"1.63ms"}
[2025-09-28 12:38:04] INFO: Database connection established {"driver":"mysql","host":"db","database":"block_cms","connection_time":"1.9ms"}
[2025-09-28 12:38:20] INFO: Database connection established {"driver":"mysql","host":"db","database":"block_cms","connection_time":"1.65ms"}
[2025-09-28 12:38:28] INFO: Database connection established {"driver":"mysql","host":"db","database":"block_cms","connection_time":"1.85ms"}
[2025-09-28 12:38:58] INFO: Database connection established {"driver":"mysql","host":"db","database":"block_cms","connection_time":"1.73ms"}
[2025-09-28 12:39:16] INFO: Database connection established {"driver":"mysql","host":"db","database":"block_cms","connection_time":"1.35ms"}
[2025-09-28 12:39:39] INFO: Database connection established {"driver":"mysql","host":"db","database":"block_cms","connection_time":"1.54ms"}
[2025-09-28 12:43:39] INFO: Database connection established {"driver":"mysql","host":"db","database":"block_cms","connection_time":"1.89ms"}
[2025-09-28 12:43:54] INFO: Database connection established {"driver":"mysql","host":"db","database":"block_cms","connection_time":"1.68ms"}
[2025-09-28 13:48:38] INFO: Database connection established {"driver":"mysql","host":"db","database":"block_cms","connection_time":"1.38ms"}
[2025-09-28 13:49:14] INFO: Database connection established {"driver":"mysql","host":"db","database":"block_cms","connection_time":"1.98ms"}
[2025-09-28 13:50:40] INFO: Database connection established {"driver":"mysql","host":"db","database":"block_cms","connection_time":"1.66ms"}
[2025-09-28 13:51:33] INFO: Database connection established {"driver":"mysql","host":"db","database":"block_cms","connection_time":"1.4ms"}
[2025-09-28 13:53:04] INFO: Database connection established {"driver":"mysql","host":"db","database":"block_cms","connection_time":"1.56ms"}
[2025-09-28 13:53:32] INFO: Database connection established {"driver":"mysql","host":"db","database":"block_cms","connection_time":"1.83ms"}
[2025-09-28 13:53:54] INFO: Database connection established {"driver":"mysql","host":"db","database":"block_cms","connection_time":"1.41ms"}
[2025-09-28 13:57:47] INFO: Database connection established {"driver":"mysql","host":"db","database":"block_cms","connection_time":"1.71ms"}
[2025-09-28 13:58:15] INFO: Database connection established {"driver":"mysql","host":"db","database":"block_cms","connection_time":"1.59ms"}
[2025-09-28 14:10:07] INFO: Database connection established {"driver":"mysql","host":"db","database":"block_cms","connection_time":"1.7ms"}
[2025-09-28 14:10:22] INFO: Database connection established {"driver":"mysql","host":"db","database":"block_cms","connection_time":"2.06ms"}
[2025-09-28 14:11:49] INFO: Database connection established {"driver":"mysql","host":"db","database":"block_cms","connection_time":"1.59ms"}
[2025-09-28 14:12:05] INFO: Database connection established {"driver":"mysql","host":"db","database":"block_cms","connection_time":"1.43ms"}
[2025-09-28 14:12:30] INFO: Database connection established {"driver":"mysql","host":"db","database":"block_cms","connection_time":"1.65ms"}
[2025-09-28 14:12:51] INFO: Database connection established {"driver":"mysql","host":"db","database":"block_cms","connection_time":"1.62ms"}
[2025-09-28 14:12:51] INFO: Database connection established {"driver":"mysql","host":"db","database":"block_cms","connection_time":"0.75ms"}
[2025-09-28 14:14:17] INFO: Database connection established {"driver":"mysql","host":"db","database":"block_cms","connection_time":"1.67ms"}
[2025-09-28 14:14:17] INFO: Database connection established {"driver":"mysql","host":"db","database":"block_cms","connection_time":"0.8ms"}
[2025-09-28 14:15:00] INFO: Database connection established {"driver":"mysql","host":"db","database":"block_cms","connection_time":"1.73ms"}
[2025-09-28 14:15:21] INFO: Database connection established {"driver":"mysql","host":"db","database":"block_cms","connection_time":"1.57ms"}
[2025-09-28 14:15:21] INFO: Database connection established {"driver":"mysql","host":"db","database":"block_cms","connection_time":"0.57ms"}
[2025-09-28 14:15:53] INFO: Database connection established {"driver":"mysql","host":"db","database":"block_cms","connection_time":"1.03ms"}
[2025-09-28 14:16:15] INFO: Database connection established {"driver":"mysql","host":"db","database":"block_cms","connection_time":"1.34ms"}
[2025-09-28 14:16:21] INFO: Database connection established {"driver":"mysql","host":"db","database":"block_cms","connection_time":"2.03ms"}
[2025-09-28 14:18:23] INFO: Database connection established {"driver":"mysql","host":"127.0.0.1","database":"block_cms","connection_time":"3.2ms"}
[2025-09-28 14:18:58] INFO: Database connection established {"driver":"mysql","host":"127.0.0.1","database":"block_cms","connection_time":"2.9ms"}
[2025-09-28 14:18:58] DEBUG: Record inserted {"table":"migrations","insert_id":24,"data_keys":["migration","batch"]}
[2025-09-28 14:22:00] INFO: Database connection established {"driver":"mysql","host":"db","database":"block_cms","connection_time":"1.29ms"}
[2025-09-28 14:22:23] INFO: Database connection established {"driver":"mysql","host":"db","database":"block_cms","connection_time":"1.66ms"}
[2025-09-28 14:22:24] INFO: Database connection established {"driver":"mysql","host":"db","database":"block_cms","connection_time":"2ms"}
[2025-09-28 14:22:54] INFO: Database connection established {"driver":"mysql","host":"db","database":"block_cms","connection_time":"0.87ms"}
[2025-09-28 14:23:16] INFO: Database connection established {"driver":"mysql","host":"db","database":"block_cms","connection_time":"1.62ms"}
[2025-09-28 14:23:52] INFO: Database connection established {"driver":"mysql","host":"db","database":"block_cms","connection_time":"1.76ms"}
[2025-09-28 14:24:19] INFO: Database connection established {"driver":"mysql","host":"db","database":"block_cms","connection_time":"1.9ms"}
[2025-09-28 14:24:35] INFO: Database connection established {"driver":"mysql","host":"db","database":"block_cms","connection_time":"2.18ms"}
[2025-09-28 14:24:52] INFO: Database connection established {"driver":"mysql","host":"db","database":"block_cms","connection_time":"1.69ms"}
[2025-09-28 14:25:23] INFO: Database connection established {"driver":"mysql","host":"db","database":"block_cms","connection_time":"1.8ms"}
[2025-09-28 14:25:59] INFO: Database connection established {"driver":"mysql","host":"db","database":"block_cms","connection_time":"1.38ms"}
[2025-09-28 14:27:04] INFO: Database connection established {"driver":"mysql","host":"db","database":"block_cms","connection_time":"1.48ms"}
[2025-09-28 14:27:29] INFO: Database connection established {"driver":"mysql","host":"db","database":"block_cms","connection_time":"1.81ms"}
[2025-09-28 14:27:30] INFO: Database connection established {"driver":"mysql","host":"db","database":"block_cms","connection_time":"1.77ms"}
[2025-09-28 14:27:31] INFO: Database connection established {"driver":"mysql","host":"db","database":"block_cms","connection_time":"1.25ms"}
[2025-09-28 14:27:51] INFO: Database connection established {"driver":"mysql","host":"db","database":"block_cms","connection_time":"1.77ms"}
[2025-09-28 14:28:05] INFO: Database connection established {"driver":"mysql","host":"db","database":"block_cms","connection_time":"1.84ms"}
[2025-09-28 14:28:20] INFO: Database connection established {"driver":"mysql","host":"db","database":"block_cms","connection_time":"1.71ms"}
[2025-09-28 14:28:41] INFO: Database connection established {"driver":"mysql","host":"db","database":"block_cms","connection_time":"1.53ms"}
[2025-09-28 14:30:06] INFO: Database connection established {"driver":"mysql","host":"db","database":"block_cms","connection_time":"1.95ms"}
[2025-09-28 14:30:34] INFO: Database connection established {"driver":"mysql","host":"db","database":"block_cms","connection_time":"2.53ms"}
[2025-09-28 14:45:03] INFO: Database connection established {"driver":"mysql","host":"127.0.0.1","database":"block_cms","connection_time":"2.12ms"}
[2025-09-28 14:45:03] INFO: Database connection established {"driver":"mysql","host":"127.0.0.1","database":"block_cms","connection_time":"1.63ms"}
[2025-09-28 14:45:03] DEBUG: Record inserted {"table":"blocks","insert_id":196,"data_keys":["page_id","type","data","order","created_at","updated_at"]}
[2025-09-28 14:45:55] INFO: Database connection established {"driver":"mysql","host":"db","database":"block_cms","connection_time":"0.75ms"}
[2025-09-28 14:45:59] INFO: Database connection established {"driver":"mysql","host":"db","database":"block_cms","connection_time":"1.98ms"}
[2025-09-28 14:48:16] INFO: Database connection established {"driver":"mysql","host":"db","database":"block_cms","connection_time":"1.37ms"}
[2025-09-28 14:48:32] INFO: Database connection established {"driver":"mysql","host":"db","database":"block_cms","connection_time":"1.86ms"}
[2025-09-28 14:48:56] INFO: Database connection established {"driver":"mysql","host":"db","database":"block_cms","connection_time":"1.85ms"}
[2025-09-28 14:49:33] INFO: Database connection established {"driver":"mysql","host":"db","database":"block_cms","connection_time":"2.17ms"}
[2025-09-28 14:49:34] INFO: Database connection established {"driver":"mysql","host":"db","database":"block_cms","connection_time":"2.04ms"}
[2025-09-28 14:49:34] INFO: Database connection established {"driver":"mysql","host":"db","database":"block_cms","connection_time":"1.66ms"}
[2025-09-28 14:49:35] INFO: Database connection established {"driver":"mysql","host":"db","database":"block_cms","connection_time":"1.72ms"}
[2025-09-28 14:49:35] INFO: Database connection established {"driver":"mysql","host":"db","database":"block_cms","connection_time":"1.54ms"}
[2025-09-28 14:49:38] INFO: Database connection established {"driver":"mysql","host":"db","database":"block_cms","connection_time":"2.15ms"}
[2025-09-28 14:50:18] INFO: Database connection established {"driver":"mysql","host":"db","database":"block_cms","connection_time":"1.63ms"}
[2025-09-28 14:52:25] INFO: Database connection established {"driver":"mysql","host":"db","database":"block_cms","connection_time":"0.6ms"}
[2025-09-28 14:52:26] INFO: Database connection established {"driver":"mysql","host":"db","database":"block_cms","connection_time":"1.23ms"}
[2025-09-28 14:55:22] INFO: Database connection established {"driver":"mysql","host":"127.0.0.1","database":"block_cms","connection_time":"4.01ms"}
[2025-09-28 14:55:22] INFO: Database connection established {"driver":"mysql","host":"127.0.0.1","database":"block_cms","connection_time":"1.54ms"}
[2025-09-28 14:55:22] DEBUG: Record inserted {"table":"blocks","insert_id":197,"data_keys":["page_id","type","data","order","created_at","updated_at"]}
[2025-09-28 14:55:40] INFO: Database connection established {"driver":"mysql","host":"db","database":"block_cms","connection_time":"1.66ms"}
[2025-09-28 14:55:41] INFO: Database connection established {"driver":"mysql","host":"db","database":"block_cms","connection_time":"1.01ms"}
[2025-09-28 14:56:04] INFO: Database connection established {"driver":"mysql","host":"db","database":"block_cms","connection_time":"0.81ms"}
[2025-09-28 14:56:15] INFO: Database connection established {"driver":"mysql","host":"db","database":"block_cms","connection_time":"1.92ms"}
[2025-09-28 14:56:18] INFO: Database connection established {"driver":"mysql","host":"db","database":"block_cms","connection_time":"1.44ms"}
[2025-09-28 14:56:38] INFO: Database connection established {"driver":"mysql","host":"db","database":"block_cms","connection_time":"1.11ms"}
[2025-09-28 14:56:54] INFO: Database connection established {"driver":"mysql","host":"db","database":"block_cms","connection_time":"1.7ms"}
[2025-09-28 14:57:00] INFO: Database connection established {"driver":"mysql","host":"db","database":"block_cms","connection_time":"1.81ms"}
[2025-09-28 14:57:02] INFO: Database connection established {"driver":"mysql","host":"db","database":"block_cms","connection_time":"1.59ms"}
[2025-09-28 14:57:20] INFO: Database connection established {"driver":"mysql","host":"db","database":"block_cms","connection_time":"1.59ms"}
[2025-09-28 14:57:23] INFO: Database connection established {"driver":"mysql","host":"db","database":"block_cms","connection_time":"1.02ms"}
[2025-09-28 14:57:47] INFO: Database connection established {"driver":"mysql","host":"db","database":"block_cms","connection_time":"1.63ms"}
[2025-09-28 14:57:54] INFO: Database connection established {"driver":"mysql","host":"db","database":"block_cms","connection_time":"2.03ms"}
[2025-09-28 14:57:56] INFO: Database connection established {"driver":"mysql","host":"db","database":"block_cms","connection_time":"1.48ms"}
[2025-09-28 14:57:59] INFO: Database connection established {"driver":"mysql","host":"db","database":"block_cms","connection_time":"1.66ms"}
[2025-09-28 14:58:02] INFO: Database connection established {"driver":"mysql","host":"db","database":"block_cms","connection_time":"4.72ms"}
[2025-09-28 14:58:31] INFO: Database connection established {"driver":"mysql","host":"db","database":"block_cms","connection_time":"1.33ms"}
[2025-09-28 14:59:40] INFO: Database connection established {"driver":"mysql","host":"db","database":"block_cms","connection_time":"1.74ms"}
[2025-09-28 15:00:15] INFO: Database connection established {"driver":"mysql","host":"db","database":"block_cms","connection_time":"1.69ms"}
[2025-09-28 15:02:21] INFO: Database connection established {"driver":"mysql","host":"db","database":"block_cms","connection_time":"1.64ms"}
[2025-09-28 15:10:57] INFO: Database connection established {"driver":"mysql","host":"127.0.0.1","database":"block_cms","connection_time":"3.08ms"}
[2025-09-28 15:10:57] DEBUG: Record inserted {"table":"migrations","insert_id":1,"data_keys":["migration","batch"]}
[2025-09-28 15:10:57] DEBUG: Record inserted {"table":"migrations","insert_id":2,"data_keys":["migration","batch"]}
[2025-09-28 15:10:57] DEBUG: Record inserted {"table":"migrations","insert_id":3,"data_keys":["migration","batch"]}
[2025-09-28 15:10:57] DEBUG: Record inserted {"table":"migrations","insert_id":4,"data_keys":["migration","batch"]}
[2025-09-28 15:10:57] DEBUG: Record inserted {"table":"migrations","insert_id":5,"data_keys":["migration","batch"]}
[2025-09-28 15:10:57] DEBUG: Record inserted {"table":"migrations","insert_id":6,"data_keys":["migration","batch"]}
[2025-09-28 15:10:57] DEBUG: Record inserted {"table":"migrations","insert_id":7,"data_keys":["migration","batch"]}
[2025-09-28 15:10:57] DEBUG: Record inserted {"table":"migrations","insert_id":8,"data_keys":["migration","batch"]}
[2025-09-28 15:10:57] DEBUG: Record inserted {"table":"migrations","insert_id":9,"data_keys":["migration","batch"]}
[2025-09-28 15:10:57] DEBUG: Record inserted {"table":"migrations","insert_id":10,"data_keys":["migration","batch"]}
[2025-09-28 15:10:57] DEBUG: Record inserted {"table":"migrations","insert_id":11,"data_keys":["migration","batch"]}
[2025-09-28 15:10:57] DEBUG: Record inserted {"table":"migrations","insert_id":12,"data_keys":["migration","batch"]}
[2025-09-28 15:10:57] DEBUG: Record inserted {"table":"migrations","insert_id":13,"data_keys":["migration","batch"]}
[2025-09-28 15:10:57] DEBUG: Record inserted {"table":"migrations","insert_id":14,"data_keys":["migration","batch"]}
[2025-09-28 15:10:57] DEBUG: Record inserted {"table":"migrations","insert_id":15,"data_keys":["migration","batch"]}
[2025-09-28 15:10:57] DEBUG: Record inserted {"table":"migrations","insert_id":16,"data_keys":["migration","batch"]}
[2025-09-28 15:10:57] DEBUG: Record inserted {"table":"migrations","insert_id":17,"data_keys":["migration","batch"]}
[2025-09-28 15:10:57] DEBUG: Record inserted {"table":"migrations","insert_id":18,"data_keys":["migration","batch"]}
[2025-09-28 15:10:57] DEBUG: Record inserted {"table":"migrations","insert_id":19,"data_keys":["migration","batch"]}
[2025-09-28 15:10:57] DEBUG: Record inserted {"table":"migrations","insert_id":20,"data_keys":["migration","batch"]}
[2025-09-28 15:10:57] DEBUG: Record inserted {"table":"migrations","insert_id":21,"data_keys":["migration","batch"]}
[2025-09-28 15:10:57] DEBUG: Record inserted {"table":"migrations","insert_id":22,"data_keys":["migration","batch"]}
[2025-09-28 15:10:57] DEBUG: Record inserted {"table":"migrations","insert_id":23,"data_keys":["migration","batch"]}
[2025-09-28 15:11:45] INFO: Database connection established {"driver":"mysql","host":"127.0.0.1","database":"block_cms","connection_time":"2.83ms"}
[2025-09-28 15:11:45] INFO: Database connection established {"driver":"mysql","host":"127.0.0.1","database":"block_cms","connection_time":"2.03ms"}
[2025-09-28 15:11:45] DEBUG: Record inserted {"table":"tags","insert_id":1,"data_keys":["name","slug","usage_count","created_at","updated_at"]}
[2025-09-28 15:11:45] DEBUG: Record inserted {"table":"tags","insert_id":2,"data_keys":["name","slug","usage_count","created_at","updated_at"]}
[2025-09-28 15:11:45] DEBUG: Record inserted {"table":"tags","insert_id":3,"data_keys":["name","slug","usage_count","created_at","updated_at"]}
[2025-09-28 15:11:45] DEBUG: Record inserted {"table":"tags","insert_id":4,"data_keys":["name","slug","usage_count","created_at","updated_at"]}
[2025-09-28 15:11:45] DEBUG: Record inserted {"table":"tags","insert_id":5,"data_keys":["name","slug","usage_count","created_at","updated_at"]}
[2025-09-28 15:11:45] DEBUG: Record inserted {"table":"tags","insert_id":6,"data_keys":["name","slug","usage_count","created_at","updated_at"]}
[2025-09-28 15:11:45] DEBUG: Record inserted {"table":"tags","insert_id":7,"data_keys":["name","slug","usage_count","created_at","updated_at"]}
[2025-09-28 15:11:45] DEBUG: Record inserted {"table":"tags","insert_id":8,"data_keys":["name","slug","usage_count","created_at","updated_at"]}
[2025-09-28 15:11:45] DEBUG: Record inserted {"table":"tags","insert_id":9,"data_keys":["name","slug","usage_count","created_at","updated_at"]}
[2025-09-28 15:11:45] DEBUG: Record inserted {"table":"tags","insert_id":10,"data_keys":["name","slug","usage_count","created_at","updated_at"]}
[2025-09-28 15:11:45] DEBUG: Record inserted {"table":"tags","insert_id":11,"data_keys":["name","slug","usage_count","created_at","updated_at"]}
[2025-09-28 15:11:45] DEBUG: Record inserted {"table":"tags","insert_id":12,"data_keys":["name","slug","usage_count","created_at","updated_at"]}
[2025-09-28 15:11:45] DEBUG: Record inserted {"table":"tags","insert_id":13,"data_keys":["name","slug","usage_count","created_at","updated_at"]}
[2025-09-28 15:11:45] DEBUG: Record inserted {"table":"tags","insert_id":14,"data_keys":["name","slug","usage_count","created_at","updated_at"]}
[2025-09-28 15:11:45] DEBUG: Record inserted {"table":"tags","insert_id":15,"data_keys":["name","slug","usage_count","created_at","updated_at"]}
[2025-09-28 15:11:45] DEBUG: Record inserted {"table":"tags","insert_id":16,"data_keys":["name","slug","usage_count","created_at","updated_at"]}
[2025-09-28 15:11:45] DEBUG: Record inserted {"table":"tags","insert_id":17,"data_keys":["name","slug","usage_count","created_at","updated_at"]}
[2025-09-28 15:11:45] DEBUG: Record inserted {"table":"tags","insert_id":18,"data_keys":["name","slug","usage_count","created_at","updated_at"]}
[2025-09-28 15:11:45] DEBUG: Record inserted {"table":"tags","insert_id":19,"data_keys":["name","slug","usage_count","created_at","updated_at"]}
[2025-09-28 15:11:45] DEBUG: Record inserted {"table":"tags","insert_id":20,"data_keys":["name","slug","usage_count","created_at","updated_at"]}
[2025-09-28 15:11:45] DEBUG: Record inserted {"table":"tags","insert_id":21,"data_keys":["name","slug","usage_count","created_at","updated_at"]}
[2025-09-28 15:11:45] DEBUG: Record inserted {"table":"tags","insert_id":22,"data_keys":["name","slug","usage_count","created_at","updated_at"]}
[2025-09-28 15:11:45] DEBUG: Record inserted {"table":"tags","insert_id":23,"data_keys":["name","slug","usage_count","created_at","updated_at"]}
[2025-09-28 15:11:45] DEBUG: Record inserted {"table":"tags","insert_id":24,"data_keys":["name","slug","usage_count","created_at","updated_at"]}
[2025-09-28 15:11:45] DEBUG: Record inserted {"table":"tags","insert_id":25,"data_keys":["name","slug","usage_count","created_at","updated_at"]}
[2025-09-28 15:11:45] DEBUG: Record inserted {"table":"tags","insert_id":26,"data_keys":["name","slug","usage_count","created_at","updated_at"]}
[2025-09-28 15:11:45] DEBUG: Record inserted {"table":"tags","insert_id":27,"data_keys":["name","slug","usage_count","created_at","updated_at"]}
[2025-09-28 15:11:45] DEBUG: Record inserted {"table":"tags","insert_id":28,"data_keys":["name","slug","usage_count","created_at","updated_at"]}
[2025-09-28 15:11:45] DEBUG: Record inserted {"table":"tags","insert_id":29,"data_keys":["name","slug","usage_count","created_at","updated_at"]}
[2025-09-28 15:11:45] DEBUG: Record inserted {"table":"tags","insert_id":30,"data_keys":["name","slug","usage_count","created_at","updated_at"]}
[2025-09-28 15:11:45] DEBUG: Record inserted {"table":"tags","insert_id":31,"data_keys":["name","slug","usage_count","created_at","updated_at"]}
[2025-09-28 15:11:45] DEBUG: Record inserted {"table":"tags","insert_id":32,"data_keys":["name","slug","usage_count","created_at","updated_at"]}
[2025-09-28 15:11:45] DEBUG: Record inserted {"table":"tags","insert_id":33,"data_keys":["name","slug","usage_count","created_at","updated_at"]}
[2025-09-28 15:11:45] DEBUG: Record inserted {"table":"tags","insert_id":34,"data_keys":["name","slug","usage_count","created_at","updated_at"]}
[2025-09-28 15:11:45] DEBUG: Record inserted {"table":"tags","insert_id":35,"data_keys":["name","slug","usage_count","created_at","updated_at"]}
[2025-09-28 15:11:45] DEBUG: Record inserted {"table":"tags","insert_id":36,"data_keys":["name","slug","usage_count","created_at","updated_at"]}
[2025-09-28 15:11:45] DEBUG: Record inserted {"table":"tags","insert_id":37,"data_keys":["name","slug","usage_count","created_at","updated_at"]}
[2025-09-28 15:11:45] DEBUG: Record inserted {"table":"tags","insert_id":38,"data_keys":["name","slug","usage_count","created_at","updated_at"]}
[2025-09-28 15:11:45] DEBUG: Record inserted {"table":"tags","insert_id":39,"data_keys":["name","slug","usage_count","created_at","updated_at"]}
[2025-09-28 15:11:45] DEBUG: Record inserted {"table":"tags","insert_id":40,"data_keys":["name","slug","usage_count","created_at","updated_at"]}
[2025-09-28 15:11:45] DEBUG: Record inserted {"table":"tags","insert_id":41,"data_keys":["name","slug","usage_count","created_at","updated_at"]}
[2025-09-28 15:11:45] DEBUG: Record inserted {"table":"categories","insert_id":1,"data_keys":["name","slug","is_active","created_at","updated_at"]}
[2025-09-28 15:11:45] DEBUG: Record inserted {"table":"categories","insert_id":2,"data_keys":["name","slug","is_active","created_at","updated_at"]}
[2025-09-28 15:11:45] DEBUG: Records updated {"table":"categories","affected_rows":1,"where_conditions":["id"]}
[2025-09-28 15:11:45] DEBUG: Record inserted {"table":"categories","insert_id":3,"data_keys":["name","slug","is_active","created_at","updated_at"]}
[2025-09-28 15:11:45] DEBUG: Records updated {"table":"categories","affected_rows":1,"where_conditions":["id"]}
[2025-09-28 15:11:45] DEBUG: Record inserted {"table":"categories","insert_id":4,"data_keys":["name","slug","is_active","created_at","updated_at"]}
[2025-09-28 15:11:45] DEBUG: Records updated {"table":"categories","affected_rows":1,"where_conditions":["id"]}
[2025-09-28 15:11:45] DEBUG: Record inserted {"table":"categories","insert_id":5,"data_keys":["name","slug","is_active","created_at","updated_at"]}
[2025-09-28 15:11:45] DEBUG: Records updated {"table":"categories","affected_rows":1,"where_conditions":["id"]}
[2025-09-28 15:11:45] DEBUG: Record inserted {"table":"categories","insert_id":6,"data_keys":["name","slug","is_active","created_at","updated_at"]}
[2025-09-28 15:11:45] DEBUG: Records updated {"table":"categories","affected_rows":1,"where_conditions":["id"]}
[2025-09-28 15:11:45] DEBUG: Record inserted {"table":"categories","insert_id":7,"data_keys":["name","slug","is_active","created_at","updated_at"]}
[2025-09-28 15:11:45] DEBUG: Records updated {"table":"categories","affected_rows":1,"where_conditions":["id"]}
[2025-09-28 15:11:45] DEBUG: Record inserted {"table":"categories","insert_id":8,"data_keys":["name","slug","is_active","created_at","updated_at"]}
[2025-09-28 15:11:45] DEBUG: Records updated {"table":"categories","affected_rows":1,"where_conditions":["id"]}
[2025-09-28 15:11:45] DEBUG: Record inserted {"table":"categories","insert_id":9,"data_keys":["name","slug","is_active","created_at","updated_at"]}
[2025-09-28 15:11:45] DEBUG: Records updated {"table":"categories","affected_rows":1,"where_conditions":["id"]}
[2025-09-28 15:11:45] DEBUG: Record inserted {"table":"categories","insert_id":10,"data_keys":["name","slug","is_active","created_at","updated_at"]}
[2025-09-28 15:11:45] DEBUG: Records updated {"table":"categories","affected_rows":1,"where_conditions":["id"]}
[2025-09-28 15:11:45] DEBUG: Record inserted {"table":"categories","insert_id":11,"data_keys":["name","slug","is_active","created_at","updated_at"]}
[2025-09-28 15:11:45] DEBUG: Records updated {"table":"categories","affected_rows":1,"where_conditions":["id"]}
[2025-09-28 15:11:45] DEBUG: Record inserted {"table":"categories","insert_id":12,"data_keys":["name","slug","is_active","created_at","updated_at"]}
[2025-09-28 15:11:45] DEBUG: Records updated {"table":"categories","affected_rows":1,"where_conditions":["id"]}
[2025-09-28 15:11:45] DEBUG: Record inserted {"table":"categories","insert_id":13,"data_keys":["name","slug","is_active","created_at","updated_at"]}
[2025-09-28 15:11:45] DEBUG: Records updated {"table":"categories","affected_rows":1,"where_conditions":["id"]}
[2025-09-28 15:11:45] DEBUG: Record inserted {"table":"categories","insert_id":14,"data_keys":["name","slug","is_active","created_at","updated_at"]}
[2025-09-28 15:11:45] DEBUG: Record inserted {"table":"categories","insert_id":15,"data_keys":["name","slug","is_active","created_at","updated_at"]}
[2025-09-28 15:11:45] DEBUG: Records updated {"table":"categories","affected_rows":1,"where_conditions":["id"]}
[2025-09-28 15:11:45] DEBUG: Record inserted {"table":"categories","insert_id":16,"data_keys":["name","slug","is_active","created_at","updated_at"]}
[2025-09-28 15:11:45] DEBUG: Records updated {"table":"categories","affected_rows":1,"where_conditions":["id"]}
[2025-09-28 15:11:45] DEBUG: Record inserted {"table":"categories","insert_id":17,"data_keys":["name","slug","is_active","created_at","updated_at"]}
[2025-09-28 15:11:45] DEBUG: Records updated {"table":"categories","affected_rows":1,"where_conditions":["id"]}
[2025-09-28 15:11:45] DEBUG: Record inserted {"table":"categories","insert_id":18,"data_keys":["name","slug","is_active","created_at","updated_at"]}
[2025-09-28 15:11:45] DEBUG: Records updated {"table":"categories","affected_rows":1,"where_conditions":["id"]}
[2025-09-28 15:11:45] DEBUG: Record inserted {"table":"categories","insert_id":19,"data_keys":["name","slug","is_active","created_at","updated_at"]}
[2025-09-28 15:11:45] DEBUG: Records updated {"table":"categories","affected_rows":1,"where_conditions":["id"]}
[2025-09-28 15:11:45] DEBUG: Record inserted {"table":"categories","insert_id":20,"data_keys":["name","slug","is_active","created_at","updated_at"]}
[2025-09-28 15:11:45] DEBUG: Records updated {"table":"categories","affected_rows":1,"where_conditions":["id"]}
[2025-09-28 15:11:45] DEBUG: Record inserted {"table":"categories","insert_id":21,"data_keys":["name","slug","is_active","created_at","updated_at"]}
[2025-09-28 15:11:45] DEBUG: Records updated {"table":"categories","affected_rows":1,"where_conditions":["id"]}
[2025-09-28 15:11:45] DEBUG: Record inserted {"table":"categories","insert_id":22,"data_keys":["name","slug","is_active","created_at","updated_at"]}
[2025-09-28 15:11:45] DEBUG: Records updated {"table":"categories","affected_rows":1,"where_conditions":["id"]}
[2025-09-28 15:11:45] DEBUG: Record inserted {"table":"categories","insert_id":23,"data_keys":["name","slug","is_active","created_at","updated_at"]}
[2025-09-28 15:11:45] DEBUG: Records updated {"table":"categories","affected_rows":1,"where_conditions":["id"]}
[2025-09-28 15:11:45] DEBUG: Record inserted {"table":"categories","insert_id":24,"data_keys":["name","slug","is_active","created_at","updated_at"]}
[2025-09-28 15:11:45] DEBUG: Records updated {"table":"categories","affected_rows":1,"where_conditions":["id"]}
[2025-09-28 15:11:45] DEBUG: Record inserted {"table":"categories","insert_id":25,"data_keys":["name","slug","is_active","created_at","updated_at"]}
[2025-09-28 15:11:45] DEBUG: Records updated {"table":"categories","affected_rows":1,"where_conditions":["id"]}
[2025-09-28 15:11:45] DEBUG: Record inserted {"table":"categories","insert_id":26,"data_keys":["name","slug","is_active","created_at","updated_at"]}
[2025-09-28 15:11:45] DEBUG: Records updated {"table":"categories","affected_rows":1,"where_conditions":["id"]}
[2025-09-28 15:11:45] DEBUG: Record inserted {"table":"categories","insert_id":27,"data_keys":["name","slug","is_active","created_at","updated_at"]}
[2025-09-28 15:11:45] DEBUG: Record inserted {"table":"categories","insert_id":28,"data_keys":["name","slug","is_active","created_at","updated_at"]}
[2025-09-28 15:11:45] DEBUG: Records updated {"table":"categories","affected_rows":1,"where_conditions":["id"]}
[2025-09-28 15:11:45] DEBUG: Record inserted {"table":"categories","insert_id":29,"data_keys":["name","slug","is_active","created_at","updated_at"]}
[2025-09-28 15:11:45] DEBUG: Records updated {"table":"categories","affected_rows":1,"where_conditions":["id"]}
[2025-09-28 15:11:45] DEBUG: Record inserted {"table":"categories","insert_id":30,"data_keys":["name","slug","is_active","created_at","updated_at"]}
[2025-09-28 15:11:45] DEBUG: Records updated {"table":"categories","affected_rows":1,"where_conditions":["id"]}
[2025-09-28 15:11:45] DEBUG: Record inserted {"table":"categories","insert_id":31,"data_keys":["name","slug","is_active","created_at","updated_at"]}
[2025-09-28 15:11:45] DEBUG: Records updated {"table":"categories","affected_rows":1,"where_conditions":["id"]}
[2025-09-28 15:11:45] DEBUG: Record inserted {"table":"categories","insert_id":32,"data_keys":["name","slug","is_active","created_at","updated_at"]}
[2025-09-28 15:11:45] DEBUG: Record inserted {"table":"categories","insert_id":33,"data_keys":["name","slug","is_active","created_at","updated_at"]}
[2025-09-28 15:11:45] DEBUG: Records updated {"table":"categories","affected_rows":1,"where_conditions":["id"]}
[2025-09-28 15:11:45] DEBUG: Record inserted {"table":"categories","insert_id":34,"data_keys":["name","slug","is_active","created_at","updated_at"]}
[2025-09-28 15:11:45] DEBUG: Records updated {"table":"categories","affected_rows":1,"where_conditions":["id"]}
[2025-09-28 15:11:45] DEBUG: Record inserted {"table":"categories","insert_id":35,"data_keys":["name","slug","is_active","created_at","updated_at"]}
[2025-09-28 15:11:45] DEBUG: Records updated {"table":"categories","affected_rows":1,"where_conditions":["id"]}
[2025-09-28 15:11:45] DEBUG: Record inserted {"table":"custom_field_definitions","insert_id":1,"data_keys":["key","name","type","is_active","sort_order","is_searchable","options","created_at","updated_at"]}
[2025-09-28 15:11:45] DEBUG: Record inserted {"table":"custom_field_definitions","insert_id":2,"data_keys":["key","name","type","is_active","sort_order","is_searchable","options","created_at","updated_at"]}
[2025-09-28 15:11:45] DEBUG: Record inserted {"table":"custom_field_definitions","insert_id":3,"data_keys":["key","name","type","is_active","sort_order","is_searchable","options","created_at","updated_at"]}
[2025-09-28 15:11:45] DEBUG: Record inserted {"table":"custom_field_definitions","insert_id":4,"data_keys":["key","name","type","is_active","sort_order","is_searchable","options","created_at","updated_at"]}
[2025-09-28 15:11:45] DEBUG: Record inserted {"table":"custom_field_definitions","insert_id":5,"data_keys":["key","name","type","is_active","sort_order","is_searchable","options","created_at","updated_at"]}
[2025-09-28 15:11:45] DEBUG: Record inserted {"table":"custom_field_definitions","insert_id":6,"data_keys":["key","name","type","is_active","sort_order","is_searchable","options","created_at","updated_at"]}
[2025-09-28 15:11:45] DEBUG: Record inserted {"table":"custom_field_definitions","insert_id":7,"data_keys":["key","name","type","is_active","sort_order","is_searchable","options","created_at","updated_at"]}
[2025-09-28 15:11:45] DEBUG: Record inserted {"table":"custom_field_definitions","insert_id":8,"data_keys":["key","name","type","is_active","sort_order","is_searchable","options","created_at","updated_at"]}
[2025-09-28 15:11:45] DEBUG: Record inserted {"table":"custom_field_definitions","insert_id":9,"data_keys":["key","name","type","is_active","sort_order","is_searchable","options","created_at","updated_at"]}
[2025-09-28 15:11:45] DEBUG: Record inserted {"table":"custom_field_definitions","insert_id":10,"data_keys":["key","name","type","is_active","sort_order","is_searchable","options","created_at","updated_at"]}
[2025-09-28 15:11:45] DEBUG: Record inserted {"table":"custom_field_definitions","insert_id":11,"data_keys":["key","name","type","is_active","sort_order","is_searchable","options","created_at","updated_at"]}
[2025-09-28 15:11:45] DEBUG: Record inserted {"table":"custom_field_definitions","insert_id":12,"data_keys":["key","name","type","is_active","sort_order","is_searchable","options","created_at","updated_at"]}
[2025-09-28 15:11:45] DEBUG: Record inserted {"table":"custom_field_definitions","insert_id":13,"data_keys":["key","name","type","is_active","sort_order","is_searchable","options","created_at","updated_at"]}
[2025-09-28 15:11:45] DEBUG: Record inserted {"table":"custom_field_definitions","insert_id":14,"data_keys":["key","name","type","is_active","sort_order","is_searchable","options","created_at","updated_at"]}
[2025-09-28 15:11:45] DEBUG: Record inserted {"table":"custom_field_definitions","insert_id":15,"data_keys":["key","name","type","is_active","sort_order","is_searchable","options","created_at","updated_at"]}
[2025-09-28 15:11:45] DEBUG: Record inserted {"table":"custom_field_definitions","insert_id":16,"data_keys":["key","name","type","is_active","sort_order","is_searchable","options","created_at","updated_at"]}
[2025-09-28 15:11:45] DEBUG: Record inserted {"table":"custom_field_definitions","insert_id":17,"data_keys":["key","name","type","is_active","sort_order","is_searchable","options","created_at","updated_at"]}
[2025-09-28 15:11:45] DEBUG: Record inserted {"table":"custom_field_definitions","insert_id":18,"data_keys":["key","name","type","is_active","sort_order","is_searchable","options","created_at","updated_at"]}
[2025-09-28 15:11:45] INFO: Creating new page {"title":"Premier Properties - Your Dream Home Awaits"}
[2025-09-28 15:11:45] DEBUG: Record inserted {"table":"pages","insert_id":1,"data_keys":["title","page_type","slug","status","meta_title","meta_description","created_at","updated_at"]}
[2025-09-28 15:11:45] INFO: Page created successfully {"page_id":1}
[2025-09-28 15:11:45] DEBUG: Record inserted {"table":"tags","insert_id":42,"data_keys":["name","slug","usage_count","created_at","updated_at"]}
[2025-09-28 15:15:02] INFO: Database connection established {"driver":"mysql","host":"127.0.0.1","database":"block_cms","connection_time":"3.5ms"}
[2025-09-28 15:15:02] DEBUG: Record inserted {"table":"migrations","insert_id":1,"data_keys":["migration","batch"]}
[2025-09-28 15:15:02] DEBUG: Record inserted {"table":"migrations","insert_id":2,"data_keys":["migration","batch"]}
[2025-09-28 15:15:02] DEBUG: Record inserted {"table":"migrations","insert_id":3,"data_keys":["migration","batch"]}
[2025-09-28 15:15:02] DEBUG: Record inserted {"table":"migrations","insert_id":4,"data_keys":["migration","batch"]}
[2025-09-28 15:15:02] DEBUG: Record inserted {"table":"migrations","insert_id":5,"data_keys":["migration","batch"]}
[2025-09-28 15:15:02] DEBUG: Record inserted {"table":"migrations","insert_id":6,"data_keys":["migration","batch"]}
[2025-09-28 15:15:02] DEBUG: Record inserted {"table":"migrations","insert_id":7,"data_keys":["migration","batch"]}
[2025-09-28 15:15:02] DEBUG: Record inserted {"table":"migrations","insert_id":8,"data_keys":["migration","batch"]}
[2025-09-28 15:15:02] DEBUG: Record inserted {"table":"migrations","insert_id":9,"data_keys":["migration","batch"]}
[2025-09-28 15:15:02] DEBUG: Record inserted {"table":"migrations","insert_id":10,"data_keys":["migration","batch"]}
[2025-09-28 15:15:02] DEBUG: Record inserted {"table":"migrations","insert_id":11,"data_keys":["migration","batch"]}
[2025-09-28 15:15:02] DEBUG: Record inserted {"table":"migrations","insert_id":12,"data_keys":["migration","batch"]}
[2025-09-28 15:15:02] DEBUG: Record inserted {"table":"migrations","insert_id":13,"data_keys":["migration","batch"]}
[2025-09-28 15:15:02] DEBUG: Record inserted {"table":"migrations","insert_id":14,"data_keys":["migration","batch"]}
[2025-09-28 15:15:02] DEBUG: Record inserted {"table":"migrations","insert_id":15,"data_keys":["migration","batch"]}
[2025-09-28 15:15:02] DEBUG: Record inserted {"table":"migrations","insert_id":16,"data_keys":["migration","batch"]}
[2025-09-28 15:15:02] DEBUG: Record inserted {"table":"migrations","insert_id":17,"data_keys":["migration","batch"]}
[2025-09-28 15:15:02] DEBUG: Record inserted {"table":"migrations","insert_id":18,"data_keys":["migration","batch"]}
[2025-09-28 15:15:02] DEBUG: Record inserted {"table":"migrations","insert_id":19,"data_keys":["migration","batch"]}
[2025-09-28 15:15:02] DEBUG: Record inserted {"table":"migrations","insert_id":20,"data_keys":["migration","batch"]}
[2025-09-28 15:15:02] DEBUG: Record inserted {"table":"migrations","insert_id":21,"data_keys":["migration","batch"]}
[2025-09-28 15:15:02] DEBUG: Record inserted {"table":"migrations","insert_id":22,"data_keys":["migration","batch"]}
[2025-09-28 15:15:02] DEBUG: Record inserted {"table":"migrations","insert_id":23,"data_keys":["migration","batch"]}
[2025-09-28 15:15:08] INFO: Database connection established {"driver":"mysql","host":"127.0.0.1","database":"block_cms","connection_time":"3.74ms"}
[2025-09-28 15:15:08] INFO: Database connection established {"driver":"mysql","host":"127.0.0.1","database":"block_cms","connection_time":"1.66ms"}
[2025-09-28 15:15:08] DEBUG: Record inserted {"table":"tags","insert_id":1,"data_keys":["name","slug","usage_count","created_at","updated_at"]}
[2025-09-28 15:15:08] DEBUG: Record inserted {"table":"tags","insert_id":2,"data_keys":["name","slug","usage_count","created_at","updated_at"]}
[2025-09-28 15:15:08] DEBUG: Record inserted {"table":"tags","insert_id":3,"data_keys":["name","slug","usage_count","created_at","updated_at"]}
[2025-09-28 15:15:08] DEBUG: Record inserted {"table":"tags","insert_id":4,"data_keys":["name","slug","usage_count","created_at","updated_at"]}
[2025-09-28 15:15:08] DEBUG: Record inserted {"table":"tags","insert_id":5,"data_keys":["name","slug","usage_count","created_at","updated_at"]}
[2025-09-28 15:15:08] DEBUG: Record inserted {"table":"tags","insert_id":6,"data_keys":["name","slug","usage_count","created_at","updated_at"]}
[2025-09-28 15:15:08] DEBUG: Record inserted {"table":"tags","insert_id":7,"data_keys":["name","slug","usage_count","created_at","updated_at"]}
[2025-09-28 15:15:08] DEBUG: Record inserted {"table":"tags","insert_id":8,"data_keys":["name","slug","usage_count","created_at","updated_at"]}
[2025-09-28 15:15:08] DEBUG: Record inserted {"table":"tags","insert_id":9,"data_keys":["name","slug","usage_count","created_at","updated_at"]}
[2025-09-28 15:15:08] DEBUG: Record inserted {"table":"tags","insert_id":10,"data_keys":["name","slug","usage_count","created_at","updated_at"]}
[2025-09-28 15:15:08] DEBUG: Record inserted {"table":"tags","insert_id":11,"data_keys":["name","slug","usage_count","created_at","updated_at"]}
[2025-09-28 15:15:08] DEBUG: Record inserted {"table":"tags","insert_id":12,"data_keys":["name","slug","usage_count","created_at","updated_at"]}
[2025-09-28 15:15:08] DEBUG: Record inserted {"table":"tags","insert_id":13,"data_keys":["name","slug","usage_count","created_at","updated_at"]}
[2025-09-28 15:15:08] DEBUG: Record inserted {"table":"tags","insert_id":14,"data_keys":["name","slug","usage_count","created_at","updated_at"]}
[2025-09-28 15:15:08] DEBUG: Record inserted {"table":"tags","insert_id":15,"data_keys":["name","slug","usage_count","created_at","updated_at"]}
[2025-09-28 15:15:08] DEBUG: Record inserted {"table":"tags","insert_id":16,"data_keys":["name","slug","usage_count","created_at","updated_at"]}
[2025-09-28 15:15:08] DEBUG: Record inserted {"table":"tags","insert_id":17,"data_keys":["name","slug","usage_count","created_at","updated_at"]}
[2025-09-28 15:15:08] DEBUG: Record inserted {"table":"tags","insert_id":18,"data_keys":["name","slug","usage_count","created_at","updated_at"]}
[2025-09-28 15:15:08] DEBUG: Record inserted {"table":"tags","insert_id":19,"data_keys":["name","slug","usage_count","created_at","updated_at"]}
[2025-09-28 15:15:08] DEBUG: Record inserted {"table":"tags","insert_id":20,"data_keys":["name","slug","usage_count","created_at","updated_at"]}
[2025-09-28 15:15:08] DEBUG: Record inserted {"table":"tags","insert_id":21,"data_keys":["name","slug","usage_count","created_at","updated_at"]}
[2025-09-28 15:15:08] DEBUG: Record inserted {"table":"tags","insert_id":22,"data_keys":["name","slug","usage_count","created_at","updated_at"]}
[2025-09-28 15:15:08] DEBUG: Record inserted {"table":"tags","insert_id":23,"data_keys":["name","slug","usage_count","created_at","updated_at"]}
[2025-09-28 15:15:08] DEBUG: Record inserted {"table":"tags","insert_id":24,"data_keys":["name","slug","usage_count","created_at","updated_at"]}
[2025-09-28 15:15:08] DEBUG: Record inserted {"table":"tags","insert_id":25,"data_keys":["name","slug","usage_count","created_at","updated_at"]}
[2025-09-28 15:15:08] DEBUG: Record inserted {"table":"tags","insert_id":26,"data_keys":["name","slug","usage_count","created_at","updated_at"]}
[2025-09-28 15:15:08] DEBUG: Record inserted {"table":"tags","insert_id":27,"data_keys":["name","slug","usage_count","created_at","updated_at"]}
[2025-09-28 15:15:08] DEBUG: Record inserted {"table":"tags","insert_id":28,"data_keys":["name","slug","usage_count","created_at","updated_at"]}
[2025-09-28 15:15:08] DEBUG: Record inserted {"table":"tags","insert_id":29,"data_keys":["name","slug","usage_count","created_at","updated_at"]}
[2025-09-28 15:15:08] DEBUG: Record inserted {"table":"tags","insert_id":30,"data_keys":["name","slug","usage_count","created_at","updated_at"]}
[2025-09-28 15:15:08] DEBUG: Record inserted {"table":"tags","insert_id":31,"data_keys":["name","slug","usage_count","created_at","updated_at"]}
[2025-09-28 15:15:08] DEBUG: Record inserted {"table":"tags","insert_id":32,"data_keys":["name","slug","usage_count","created_at","updated_at"]}
[2025-09-28 15:15:08] DEBUG: Record inserted {"table":"tags","insert_id":33,"data_keys":["name","slug","usage_count","created_at","updated_at"]}
[2025-09-28 15:15:08] DEBUG: Record inserted {"table":"tags","insert_id":34,"data_keys":["name","slug","usage_count","created_at","updated_at"]}
[2025-09-28 15:15:08] DEBUG: Record inserted {"table":"tags","insert_id":35,"data_keys":["name","slug","usage_count","created_at","updated_at"]}
[2025-09-28 15:15:08] DEBUG: Record inserted {"table":"tags","insert_id":36,"data_keys":["name","slug","usage_count","created_at","updated_at"]}
[2025-09-28 15:15:08] DEBUG: Record inserted {"table":"tags","insert_id":37,"data_keys":["name","slug","usage_count","created_at","updated_at"]}
[2025-09-28 15:15:08] DEBUG: Record inserted {"table":"tags","insert_id":38,"data_keys":["name","slug","usage_count","created_at","updated_at"]}
[2025-09-28 15:15:08] DEBUG: Record inserted {"table":"tags","insert_id":39,"data_keys":["name","slug","usage_count","created_at","updated_at"]}
[2025-09-28 15:15:08] DEBUG: Record inserted {"table":"tags","insert_id":40,"data_keys":["name","slug","usage_count","created_at","updated_at"]}
[2025-09-28 15:15:08] DEBUG: Record inserted {"table":"tags","insert_id":41,"data_keys":["name","slug","usage_count","created_at","updated_at"]}
[2025-09-28 15:15:08] DEBUG: Record inserted {"table":"categories","insert_id":1,"data_keys":["name","slug","is_active","created_at","updated_at"]}
[2025-09-28 15:15:08] DEBUG: Record inserted {"table":"categories","insert_id":2,"data_keys":["name","slug","is_active","created_at","updated_at"]}
[2025-09-28 15:15:08] DEBUG: Records updated {"table":"categories","affected_rows":1,"where_conditions":["id"]}
[2025-09-28 15:15:08] DEBUG: Record inserted {"table":"categories","insert_id":3,"data_keys":["name","slug","is_active","created_at","updated_at"]}
[2025-09-28 15:15:08] DEBUG: Records updated {"table":"categories","affected_rows":1,"where_conditions":["id"]}
[2025-09-28 15:15:08] DEBUG: Record inserted {"table":"categories","insert_id":4,"data_keys":["name","slug","is_active","created_at","updated_at"]}
[2025-09-28 15:15:08] DEBUG: Records updated {"table":"categories","affected_rows":1,"where_conditions":["id"]}
[2025-09-28 15:15:08] DEBUG: Record inserted {"table":"categories","insert_id":5,"data_keys":["name","slug","is_active","created_at","updated_at"]}
[2025-09-28 15:15:08] DEBUG: Records updated {"table":"categories","affected_rows":1,"where_conditions":["id"]}
[2025-09-28 15:15:08] DEBUG: Record inserted {"table":"categories","insert_id":6,"data_keys":["name","slug","is_active","created_at","updated_at"]}
[2025-09-28 15:15:08] DEBUG: Records updated {"table":"categories","affected_rows":1,"where_conditions":["id"]}
[2025-09-28 15:15:08] DEBUG: Record inserted {"table":"categories","insert_id":7,"data_keys":["name","slug","is_active","created_at","updated_at"]}
[2025-09-28 15:15:08] DEBUG: Records updated {"table":"categories","affected_rows":1,"where_conditions":["id"]}
[2025-09-28 15:15:08] DEBUG: Record inserted {"table":"categories","insert_id":8,"data_keys":["name","slug","is_active","created_at","updated_at"]}
[2025-09-28 15:15:08] DEBUG: Records updated {"table":"categories","affected_rows":1,"where_conditions":["id"]}
[2025-09-28 15:15:08] DEBUG: Record inserted {"table":"categories","insert_id":9,"data_keys":["name","slug","is_active","created_at","updated_at"]}
[2025-09-28 15:15:08] DEBUG: Records updated {"table":"categories","affected_rows":1,"where_conditions":["id"]}
[2025-09-28 15:15:08] DEBUG: Record inserted {"table":"categories","insert_id":10,"data_keys":["name","slug","is_active","created_at","updated_at"]}
[2025-09-28 15:15:08] DEBUG: Records updated {"table":"categories","affected_rows":1,"where_conditions":["id"]}
[2025-09-28 15:15:08] DEBUG: Record inserted {"table":"categories","insert_id":11,"data_keys":["name","slug","is_active","created_at","updated_at"]}
[2025-09-28 15:15:08] DEBUG: Records updated {"table":"categories","affected_rows":1,"where_conditions":["id"]}
[2025-09-28 15:15:08] DEBUG: Record inserted {"table":"categories","insert_id":12,"data_keys":["name","slug","is_active","created_at","updated_at"]}
[2025-09-28 15:15:08] DEBUG: Records updated {"table":"categories","affected_rows":1,"where_conditions":["id"]}
[2025-09-28 15:15:08] DEBUG: Record inserted {"table":"categories","insert_id":13,"data_keys":["name","slug","is_active","created_at","updated_at"]}
[2025-09-28 15:15:08] DEBUG: Records updated {"table":"categories","affected_rows":1,"where_conditions":["id"]}
[2025-09-28 15:15:08] DEBUG: Record inserted {"table":"categories","insert_id":14,"data_keys":["name","slug","is_active","created_at","updated_at"]}
[2025-09-28 15:15:08] DEBUG: Record inserted {"table":"categories","insert_id":15,"data_keys":["name","slug","is_active","created_at","updated_at"]}
[2025-09-28 15:15:08] DEBUG: Records updated {"table":"categories","affected_rows":1,"where_conditions":["id"]}
[2025-09-28 15:15:08] DEBUG: Record inserted {"table":"categories","insert_id":16,"data_keys":["name","slug","is_active","created_at","updated_at"]}
[2025-09-28 15:15:08] DEBUG: Records updated {"table":"categories","affected_rows":1,"where_conditions":["id"]}
[2025-09-28 15:15:08] DEBUG: Record inserted {"table":"categories","insert_id":17,"data_keys":["name","slug","is_active","created_at","updated_at"]}
[2025-09-28 15:15:08] DEBUG: Records updated {"table":"categories","affected_rows":1,"where_conditions":["id"]}
[2025-09-28 15:15:08] DEBUG: Record inserted {"table":"categories","insert_id":18,"data_keys":["name","slug","is_active","created_at","updated_at"]}
[2025-09-28 15:15:08] DEBUG: Records updated {"table":"categories","affected_rows":1,"where_conditions":["id"]}
[2025-09-28 15:15:08] DEBUG: Record inserted {"table":"categories","insert_id":19,"data_keys":["name","slug","is_active","created_at","updated_at"]}
[2025-09-28 15:15:08] DEBUG: Records updated {"table":"categories","affected_rows":1,"where_conditions":["id"]}
[2025-09-28 15:15:08] DEBUG: Record inserted {"table":"categories","insert_id":20,"data_keys":["name","slug","is_active","created_at","updated_at"]}
[2025-09-28 15:15:08] DEBUG: Records updated {"table":"categories","affected_rows":1,"where_conditions":["id"]}
[2025-09-28 15:15:08] DEBUG: Record inserted {"table":"categories","insert_id":21,"data_keys":["name","slug","is_active","created_at","updated_at"]}
[2025-09-28 15:15:08] DEBUG: Records updated {"table":"categories","affected_rows":1,"where_conditions":["id"]}
[2025-09-28 15:15:08] DEBUG: Record inserted {"table":"categories","insert_id":22,"data_keys":["name","slug","is_active","created_at","updated_at"]}
[2025-09-28 15:15:08] DEBUG: Records updated {"table":"categories","affected_rows":1,"where_conditions":["id"]}
[2025-09-28 15:15:08] DEBUG: Record inserted {"table":"categories","insert_id":23,"data_keys":["name","slug","is_active","created_at","updated_at"]}
[2025-09-28 15:15:08] DEBUG: Records updated {"table":"categories","affected_rows":1,"where_conditions":["id"]}
[2025-09-28 15:15:08] DEBUG: Record inserted {"table":"categories","insert_id":24,"data_keys":["name","slug","is_active","created_at","updated_at"]}
[2025-09-28 15:15:08] DEBUG: Records updated {"table":"categories","affected_rows":1,"where_conditions":["id"]}
[2025-09-28 15:15:08] DEBUG: Record inserted {"table":"categories","insert_id":25,"data_keys":["name","slug","is_active","created_at","updated_at"]}
[2025-09-28 15:15:08] DEBUG: Records updated {"table":"categories","affected_rows":1,"where_conditions":["id"]}
[2025-09-28 15:15:08] DEBUG: Record inserted {"table":"categories","insert_id":26,"data_keys":["name","slug","is_active","created_at","updated_at"]}
[2025-09-28 15:15:08] DEBUG: Records updated {"table":"categories","affected_rows":1,"where_conditions":["id"]}
[2025-09-28 15:15:08] DEBUG: Record inserted {"table":"categories","insert_id":27,"data_keys":["name","slug","is_active","created_at","updated_at"]}
[2025-09-28 15:15:08] DEBUG: Record inserted {"table":"categories","insert_id":28,"data_keys":["name","slug","is_active","created_at","updated_at"]}
[2025-09-28 15:15:08] DEBUG: Records updated {"table":"categories","affected_rows":1,"where_conditions":["id"]}
[2025-09-28 15:15:08] DEBUG: Record inserted {"table":"categories","insert_id":29,"data_keys":["name","slug","is_active","created_at","updated_at"]}
[2025-09-28 15:15:08] DEBUG: Records updated {"table":"categories","affected_rows":1,"where_conditions":["id"]}
[2025-09-28 15:15:08] DEBUG: Record inserted {"table":"categories","insert_id":30,"data_keys":["name","slug","is_active","created_at","updated_at"]}
[2025-09-28 15:15:08] DEBUG: Records updated {"table":"categories","affected_rows":1,"where_conditions":["id"]}
[2025-09-28 15:15:08] DEBUG: Record inserted {"table":"categories","insert_id":31,"data_keys":["name","slug","is_active","created_at","updated_at"]}
[2025-09-28 15:15:08] DEBUG: Records updated {"table":"categories","affected_rows":1,"where_conditions":["id"]}
[2025-09-28 15:15:08] DEBUG: Record inserted {"table":"categories","insert_id":32,"data_keys":["name","slug","is_active","created_at","updated_at"]}
[2025-09-28 15:15:08] DEBUG: Record inserted {"table":"categories","insert_id":33,"data_keys":["name","slug","is_active","created_at","updated_at"]}
[2025-09-28 15:15:08] DEBUG: Records updated {"table":"categories","affected_rows":1,"where_conditions":["id"]}
[2025-09-28 15:15:08] DEBUG: Record inserted {"table":"categories","insert_id":34,"data_keys":["name","slug","is_active","created_at","updated_at"]}
[2025-09-28 15:15:08] DEBUG: Records updated {"table":"categories","affected_rows":1,"where_conditions":["id"]}
[2025-09-28 15:15:08] DEBUG: Record inserted {"table":"categories","insert_id":35,"data_keys":["name","slug","is_active","created_at","updated_at"]}
[2025-09-28 15:15:08] DEBUG: Records updated {"table":"categories","affected_rows":1,"where_conditions":["id"]}
[2025-09-28 15:15:08] DEBUG: Record inserted {"table":"custom_field_definitions","insert_id":1,"data_keys":["key","name","type","is_active","sort_order","is_searchable","options","created_at","updated_at"]}
[2025-09-28 15:15:08] DEBUG: Record inserted {"table":"custom_field_definitions","insert_id":2,"data_keys":["key","name","type","is_active","sort_order","is_searchable","options","created_at","updated_at"]}
[2025-09-28 15:15:08] DEBUG: Record inserted {"table":"custom_field_definitions","insert_id":3,"data_keys":["key","name","type","is_active","sort_order","is_searchable","options","created_at","updated_at"]}
[2025-09-28 15:15:08] DEBUG: Record inserted {"table":"custom_field_definitions","insert_id":4,"data_keys":["key","name","type","is_active","sort_order","is_searchable","options","created_at","updated_at"]}
[2025-09-28 15:15:08] DEBUG: Record inserted {"table":"custom_field_definitions","insert_id":5,"data_keys":["key","name","type","is_active","sort_order","is_searchable","options","created_at","updated_at"]}
[2025-09-28 15:15:08] DEBUG: Record inserted {"table":"custom_field_definitions","insert_id":6,"data_keys":["key","name","type","is_active","sort_order","is_searchable","options","created_at","updated_at"]}
[2025-09-28 15:15:08] DEBUG: Record inserted {"table":"custom_field_definitions","insert_id":7,"data_keys":["key","name","type","is_active","sort_order","is_searchable","options","created_at","updated_at"]}
[2025-09-28 15:15:08] DEBUG: Record inserted {"table":"custom_field_definitions","insert_id":8,"data_keys":["key","name","type","is_active","sort_order","is_searchable","options","created_at","updated_at"]}
[2025-09-28 15:15:08] DEBUG: Record inserted {"table":"custom_field_definitions","insert_id":9,"data_keys":["key","name","type","is_active","sort_order","is_searchable","options","created_at","updated_at"]}
[2025-09-28 15:15:08] DEBUG: Record inserted {"table":"custom_field_definitions","insert_id":10,"data_keys":["key","name","type","is_active","sort_order","is_searchable","options","created_at","updated_at"]}
[2025-09-28 15:15:08] DEBUG: Record inserted {"table":"custom_field_definitions","insert_id":11,"data_keys":["key","name","type","is_active","sort_order","is_searchable","options","created_at","updated_at"]}
[2025-09-28 15:15:08] DEBUG: Record inserted {"table":"custom_field_definitions","insert_id":12,"data_keys":["key","name","type","is_active","sort_order","is_searchable","options","created_at","updated_at"]}
[2025-09-28 15:15:08] DEBUG: Record inserted {"table":"custom_field_definitions","insert_id":13,"data_keys":["key","name","type","is_active","sort_order","is_searchable","options","created_at","updated_at"]}
[2025-09-28 15:15:08] DEBUG: Record inserted {"table":"custom_field_definitions","insert_id":14,"data_keys":["key","name","type","is_active","sort_order","is_searchable","options","created_at","updated_at"]}
[2025-09-28 15:15:08] DEBUG: Record inserted {"table":"custom_field_definitions","insert_id":15,"data_keys":["key","name","type","is_active","sort_order","is_searchable","options","created_at","updated_at"]}
[2025-09-28 15:15:08] DEBUG: Record inserted {"table":"custom_field_definitions","insert_id":16,"data_keys":["key","name","type","is_active","sort_order","is_searchable","options","created_at","updated_at"]}
[2025-09-28 15:15:08] DEBUG: Record inserted {"table":"custom_field_definitions","insert_id":17,"data_keys":["key","name","type","is_active","sort_order","is_searchable","options","created_at","updated_at"]}
[2025-09-28 15:15:08] DEBUG: Record inserted {"table":"custom_field_definitions","insert_id":18,"data_keys":["key","name","type","is_active","sort_order","is_searchable","options","created_at","updated_at"]}
[2025-09-28 15:15:08] INFO: Creating new page {"title":"Premier Properties - Your Dream Home Awaits"}
[2025-09-28 15:15:08] DEBUG: Record inserted {"table":"pages","insert_id":1,"data_keys":["title","page_type","slug","status","meta_title","meta_description","created_at","updated_at"]}
[2025-09-28 15:15:08] INFO: Page created successfully {"page_id":1}
[2025-09-28 15:15:08] DEBUG: Record inserted {"table":"tags","insert_id":42,"data_keys":["name","slug","usage_count","created_at","updated_at"]}
[2025-09-28 15:17:34] INFO: Database connection established {"driver":"mysql","host":"127.0.0.1","database":"block_cms","connection_time":"3.91ms"}
[2025-09-28 15:17:34] DEBUG: Record inserted {"table":"migrations","insert_id":1,"data_keys":["migration","batch"]}
[2025-09-28 15:17:34] DEBUG: Record inserted {"table":"migrations","insert_id":2,"data_keys":["migration","batch"]}
[2025-09-28 15:17:34] DEBUG: Record inserted {"table":"migrations","insert_id":3,"data_keys":["migration","batch"]}
[2025-09-28 15:17:34] DEBUG: Record inserted {"table":"migrations","insert_id":4,"data_keys":["migration","batch"]}
[2025-09-28 15:17:34] DEBUG: Record inserted {"table":"migrations","insert_id":5,"data_keys":["migration","batch"]}
[2025-09-28 15:17:34] DEBUG: Record inserted {"table":"migrations","insert_id":6,"data_keys":["migration","batch"]}
[2025-09-28 15:17:34] DEBUG: Record inserted {"table":"migrations","insert_id":7,"data_keys":["migration","batch"]}
[2025-09-28 15:17:34] DEBUG: Record inserted {"table":"migrations","insert_id":8,"data_keys":["migration","batch"]}
[2025-09-28 15:17:34] DEBUG: Record inserted {"table":"migrations","insert_id":9,"data_keys":["migration","batch"]}
[2025-09-28 15:17:34] DEBUG: Record inserted {"table":"migrations","insert_id":10,"data_keys":["migration","batch"]}
[2025-09-28 15:17:34] DEBUG: Record inserted {"table":"migrations","insert_id":11,"data_keys":["migration","batch"]}
[2025-09-28 15:17:34] DEBUG: Record inserted {"table":"migrations","insert_id":12,"data_keys":["migration","batch"]}
[2025-09-28 15:17:34] DEBUG: Record inserted {"table":"migrations","insert_id":13,"data_keys":["migration","batch"]}
[2025-09-28 15:17:34] DEBUG: Record inserted {"table":"migrations","insert_id":14,"data_keys":["migration","batch"]}
[2025-09-28 15:17:34] DEBUG: Record inserted {"table":"migrations","insert_id":15,"data_keys":["migration","batch"]}
[2025-09-28 15:17:34] DEBUG: Record inserted {"table":"migrations","insert_id":16,"data_keys":["migration","batch"]}
[2025-09-28 15:17:34] DEBUG: Record inserted {"table":"migrations","insert_id":17,"data_keys":["migration","batch"]}
[2025-09-28 15:17:34] DEBUG: Record inserted {"table":"migrations","insert_id":18,"data_keys":["migration","batch"]}
[2025-09-28 15:17:34] DEBUG: Record inserted {"table":"migrations","insert_id":19,"data_keys":["migration","batch"]}
[2025-09-28 15:17:34] DEBUG: Record inserted {"table":"migrations","insert_id":20,"data_keys":["migration","batch"]}
[2025-09-28 15:17:34] DEBUG: Record inserted {"table":"migrations","insert_id":21,"data_keys":["migration","batch"]}
[2025-09-28 15:17:34] DEBUG: Record inserted {"table":"migrations","insert_id":22,"data_keys":["migration","batch"]}
[2025-09-28 15:17:34] DEBUG: Record inserted {"table":"migrations","insert_id":23,"data_keys":["migration","batch"]}
[2025-09-28 15:17:39] INFO: Database connection established {"driver":"mysql","host":"127.0.0.1","database":"block_cms","connection_time":"4.37ms"}
[2025-09-28 15:17:39] INFO: Database connection established {"driver":"mysql","host":"127.0.0.1","database":"block_cms","connection_time":"2.68ms"}
[2025-09-28 15:17:39] DEBUG: Record inserted {"table":"tags","insert_id":1,"data_keys":["name","slug","usage_count","created_at","updated_at"]}
[2025-09-28 15:17:39] DEBUG: Record inserted {"table":"tags","insert_id":2,"data_keys":["name","slug","usage_count","created_at","updated_at"]}
[2025-09-28 15:17:39] DEBUG: Record inserted {"table":"tags","insert_id":3,"data_keys":["name","slug","usage_count","created_at","updated_at"]}
[2025-09-28 15:17:39] DEBUG: Record inserted {"table":"tags","insert_id":4,"data_keys":["name","slug","usage_count","created_at","updated_at"]}
[2025-09-28 15:17:39] DEBUG: Record inserted {"table":"tags","insert_id":5,"data_keys":["name","slug","usage_count","created_at","updated_at"]}
[2025-09-28 15:17:39] DEBUG: Record inserted {"table":"tags","insert_id":6,"data_keys":["name","slug","usage_count","created_at","updated_at"]}
[2025-09-28 15:17:39] DEBUG: Record inserted {"table":"tags","insert_id":7,"data_keys":["name","slug","usage_count","created_at","updated_at"]}
[2025-09-28 15:17:39] DEBUG: Record inserted {"table":"tags","insert_id":8,"data_keys":["name","slug","usage_count","created_at","updated_at"]}
[2025-09-28 15:17:39] DEBUG: Record inserted {"table":"tags","insert_id":9,"data_keys":["name","slug","usage_count","created_at","updated_at"]}
[2025-09-28 15:17:39] DEBUG: Record inserted {"table":"tags","insert_id":10,"data_keys":["name","slug","usage_count","created_at","updated_at"]}
[2025-09-28 15:17:39] DEBUG: Record inserted {"table":"tags","insert_id":11,"data_keys":["name","slug","usage_count","created_at","updated_at"]}
[2025-09-28 15:17:39] DEBUG: Record inserted {"table":"tags","insert_id":12,"data_keys":["name","slug","usage_count","created_at","updated_at"]}
[2025-09-28 15:17:39] DEBUG: Record inserted {"table":"tags","insert_id":13,"data_keys":["name","slug","usage_count","created_at","updated_at"]}
[2025-09-28 15:17:39] DEBUG: Record inserted {"table":"tags","insert_id":14,"data_keys":["name","slug","usage_count","created_at","updated_at"]}
[2025-09-28 15:17:39] DEBUG: Record inserted {"table":"tags","insert_id":15,"data_keys":["name","slug","usage_count","created_at","updated_at"]}
[2025-09-28 15:17:39] DEBUG: Record inserted {"table":"tags","insert_id":16,"data_keys":["name","slug","usage_count","created_at","updated_at"]}
[2025-09-28 15:17:39] DEBUG: Record inserted {"table":"tags","insert_id":17,"data_keys":["name","slug","usage_count","created_at","updated_at"]}
[2025-09-28 15:17:39] DEBUG: Record inserted {"table":"tags","insert_id":18,"data_keys":["name","slug","usage_count","created_at","updated_at"]}
[2025-09-28 15:17:39] DEBUG: Record inserted {"table":"tags","insert_id":19,"data_keys":["name","slug","usage_count","created_at","updated_at"]}
[2025-09-28 15:17:39] DEBUG: Record inserted {"table":"tags","insert_id":20,"data_keys":["name","slug","usage_count","created_at","updated_at"]}
[2025-09-28 15:17:39] DEBUG: Record inserted {"table":"tags","insert_id":21,"data_keys":["name","slug","usage_count","created_at","updated_at"]}
[2025-09-28 15:17:39] DEBUG: Record inserted {"table":"tags","insert_id":22,"data_keys":["name","slug","usage_count","created_at","updated_at"]}
[2025-09-28 15:17:39] DEBUG: Record inserted {"table":"tags","insert_id":23,"data_keys":["name","slug","usage_count","created_at","updated_at"]}
[2025-09-28 15:17:39] DEBUG: Record inserted {"table":"tags","insert_id":24,"data_keys":["name","slug","usage_count","created_at","updated_at"]}
[2025-09-28 15:17:39] DEBUG: Record inserted {"table":"tags","insert_id":25,"data_keys":["name","slug","usage_count","created_at","updated_at"]}
[2025-09-28 15:17:39] DEBUG: Record inserted {"table":"tags","insert_id":26,"data_keys":["name","slug","usage_count","created_at","updated_at"]}
[2025-09-28 15:17:39] DEBUG: Record inserted {"table":"tags","insert_id":27,"data_keys":["name","slug","usage_count","created_at","updated_at"]}
[2025-09-28 15:17:39] DEBUG: Record inserted {"table":"tags","insert_id":28,"data_keys":["name","slug","usage_count","created_at","updated_at"]}
[2025-09-28 15:17:39] DEBUG: Record inserted {"table":"tags","insert_id":29,"data_keys":["name","slug","usage_count","created_at","updated_at"]}
[2025-09-28 15:17:39] DEBUG: Record inserted {"table":"tags","insert_id":30,"data_keys":["name","slug","usage_count","created_at","updated_at"]}
[2025-09-28 15:17:39] DEBUG: Record inserted {"table":"tags","insert_id":31,"data_keys":["name","slug","usage_count","created_at","updated_at"]}
[2025-09-28 15:17:39] DEBUG: Record inserted {"table":"tags","insert_id":32,"data_keys":["name","slug","usage_count","created_at","updated_at"]}
[2025-09-28 15:17:39] DEBUG: Record inserted {"table":"tags","insert_id":33,"data_keys":["name","slug","usage_count","created_at","updated_at"]}
[2025-09-28 15:17:39] DEBUG: Record inserted {"table":"tags","insert_id":34,"data_keys":["name","slug","usage_count","created_at","updated_at"]}
[2025-09-28 15:17:39] DEBUG: Record inserted {"table":"tags","insert_id":35,"data_keys":["name","slug","usage_count","created_at","updated_at"]}
[2025-09-28 15:17:39] DEBUG: Record inserted {"table":"tags","insert_id":36,"data_keys":["name","slug","usage_count","created_at","updated_at"]}
[2025-09-28 15:17:39] DEBUG: Record inserted {"table":"tags","insert_id":37,"data_keys":["name","slug","usage_count","created_at","updated_at"]}
[2025-09-28 15:17:39] DEBUG: Record inserted {"table":"tags","insert_id":38,"data_keys":["name","slug","usage_count","created_at","updated_at"]}
[2025-09-28 15:17:39] DEBUG: Record inserted {"table":"tags","insert_id":39,"data_keys":["name","slug","usage_count","created_at","updated_at"]}
[2025-09-28 15:17:39] DEBUG: Record inserted {"table":"tags","insert_id":40,"data_keys":["name","slug","usage_count","created_at","updated_at"]}
[2025-09-28 15:17:39] DEBUG: Record inserted {"table":"tags","insert_id":41,"data_keys":["name","slug","usage_count","created_at","updated_at"]}
[2025-09-28 15:17:39] DEBUG: Record inserted {"table":"categories","insert_id":1,"data_keys":["name","slug","is_active","created_at","updated_at"]}
[2025-09-28 15:17:39] DEBUG: Record inserted {"table":"categories","insert_id":2,"data_keys":["name","slug","is_active","created_at","updated_at"]}
[2025-09-28 15:17:39] DEBUG: Records updated {"table":"categories","affected_rows":1,"where_conditions":["id"]}
[2025-09-28 15:17:39] DEBUG: Record inserted {"table":"categories","insert_id":3,"data_keys":["name","slug","is_active","created_at","updated_at"]}
[2025-09-28 15:17:39] DEBUG: Records updated {"table":"categories","affected_rows":1,"where_conditions":["id"]}
[2025-09-28 15:17:39] DEBUG: Record inserted {"table":"categories","insert_id":4,"data_keys":["name","slug","is_active","created_at","updated_at"]}
[2025-09-28 15:17:39] DEBUG: Records updated {"table":"categories","affected_rows":1,"where_conditions":["id"]}
[2025-09-28 15:17:39] DEBUG: Record inserted {"table":"categories","insert_id":5,"data_keys":["name","slug","is_active","created_at","updated_at"]}
[2025-09-28 15:17:39] DEBUG: Records updated {"table":"categories","affected_rows":1,"where_conditions":["id"]}
[2025-09-28 15:17:39] DEBUG: Record inserted {"table":"categories","insert_id":6,"data_keys":["name","slug","is_active","created_at","updated_at"]}
[2025-09-28 15:17:39] DEBUG: Records updated {"table":"categories","affected_rows":1,"where_conditions":["id"]}
[2025-09-28 15:17:39] DEBUG: Record inserted {"table":"categories","insert_id":7,"data_keys":["name","slug","is_active","created_at","updated_at"]}
[2025-09-28 15:17:39] DEBUG: Records updated {"table":"categories","affected_rows":1,"where_conditions":["id"]}
[2025-09-28 15:17:39] DEBUG: Record inserted {"table":"categories","insert_id":8,"data_keys":["name","slug","is_active","created_at","updated_at"]}
[2025-09-28 15:17:39] DEBUG: Records updated {"table":"categories","affected_rows":1,"where_conditions":["id"]}
[2025-09-28 15:17:39] DEBUG: Record inserted {"table":"categories","insert_id":9,"data_keys":["name","slug","is_active","created_at","updated_at"]}
[2025-09-28 15:17:39] DEBUG: Records updated {"table":"categories","affected_rows":1,"where_conditions":["id"]}
[2025-09-28 15:17:39] DEBUG: Record inserted {"table":"categories","insert_id":10,"data_keys":["name","slug","is_active","created_at","updated_at"]}
[2025-09-28 15:17:39] DEBUG: Records updated {"table":"categories","affected_rows":1,"where_conditions":["id"]}
[2025-09-28 15:17:39] DEBUG: Record inserted {"table":"categories","insert_id":11,"data_keys":["name","slug","is_active","created_at","updated_at"]}
[2025-09-28 15:17:39] DEBUG: Records updated {"table":"categories","affected_rows":1,"where_conditions":["id"]}
[2025-09-28 15:17:39] DEBUG: Record inserted {"table":"categories","insert_id":12,"data_keys":["name","slug","is_active","created_at","updated_at"]}
[2025-09-28 15:17:39] DEBUG: Records updated {"table":"categories","affected_rows":1,"where_conditions":["id"]}
[2025-09-28 15:17:39] DEBUG: Record inserted {"table":"categories","insert_id":13,"data_keys":["name","slug","is_active","created_at","updated_at"]}
[2025-09-28 15:17:39] DEBUG: Records updated {"table":"categories","affected_rows":1,"where_conditions":["id"]}
[2025-09-28 15:17:39] DEBUG: Record inserted {"table":"categories","insert_id":14,"data_keys":["name","slug","is_active","created_at","updated_at"]}
[2025-09-28 15:17:39] DEBUG: Record inserted {"table":"categories","insert_id":15,"data_keys":["name","slug","is_active","created_at","updated_at"]}
[2025-09-28 15:17:39] DEBUG: Records updated {"table":"categories","affected_rows":1,"where_conditions":["id"]}
[2025-09-28 15:17:39] DEBUG: Record inserted {"table":"categories","insert_id":16,"data_keys":["name","slug","is_active","created_at","updated_at"]}
[2025-09-28 15:17:39] DEBUG: Records updated {"table":"categories","affected_rows":1,"where_conditions":["id"]}
[2025-09-28 15:17:39] DEBUG: Record inserted {"table":"categories","insert_id":17,"data_keys":["name","slug","is_active","created_at","updated_at"]}
[2025-09-28 15:17:39] DEBUG: Records updated {"table":"categories","affected_rows":1,"where_conditions":["id"]}
[2025-09-28 15:17:39] DEBUG: Record inserted {"table":"categories","insert_id":18,"data_keys":["name","slug","is_active","created_at","updated_at"]}
[2025-09-28 15:17:39] DEBUG: Records updated {"table":"categories","affected_rows":1,"where_conditions":["id"]}
[2025-09-28 15:17:39] DEBUG: Record inserted {"table":"categories","insert_id":19,"data_keys":["name","slug","is_active","created_at","updated_at"]}
[2025-09-28 15:17:39] DEBUG: Records updated {"table":"categories","affected_rows":1,"where_conditions":["id"]}
[2025-09-28 15:17:39] DEBUG: Record inserted {"table":"categories","insert_id":20,"data_keys":["name","slug","is_active","created_at","updated_at"]}
[2025-09-28 15:17:39] DEBUG: Records updated {"table":"categories","affected_rows":1,"where_conditions":["id"]}
[2025-09-28 15:17:39] DEBUG: Record inserted {"table":"categories","insert_id":21,"data_keys":["name","slug","is_active","created_at","updated_at"]}
[2025-09-28 15:17:39] DEBUG: Records updated {"table":"categories","affected_rows":1,"where_conditions":["id"]}
[2025-09-28 15:17:39] DEBUG: Record inserted {"table":"categories","insert_id":22,"data_keys":["name","slug","is_active","created_at","updated_at"]}
[2025-09-28 15:17:39] DEBUG: Records updated {"table":"categories","affected_rows":1,"where_conditions":["id"]}
[2025-09-28 15:17:39] DEBUG: Record inserted {"table":"categories","insert_id":23,"data_keys":["name","slug","is_active","created_at","updated_at"]}
[2025-09-28 15:17:39] DEBUG: Records updated {"table":"categories","affected_rows":1,"where_conditions":["id"]}
[2025-09-28 15:17:39] DEBUG: Record inserted {"table":"categories","insert_id":24,"data_keys":["name","slug","is_active","created_at","updated_at"]}
[2025-09-28 15:17:39] DEBUG: Records updated {"table":"categories","affected_rows":1,"where_conditions":["id"]}
[2025-09-28 15:17:39] DEBUG: Record inserted {"table":"categories","insert_id":25,"data_keys":["name","slug","is_active","created_at","updated_at"]}
[2025-09-28 15:17:39] DEBUG: Records updated {"table":"categories","affected_rows":1,"where_conditions":["id"]}
[2025-09-28 15:17:39] DEBUG: Record inserted {"table":"categories","insert_id":26,"data_keys":["name","slug","is_active","created_at","updated_at"]}
[2025-09-28 15:17:39] DEBUG: Records updated {"table":"categories","affected_rows":1,"where_conditions":["id"]}
[2025-09-28 15:17:39] DEBUG: Record inserted {"table":"categories","insert_id":27,"data_keys":["name","slug","is_active","created_at","updated_at"]}
[2025-09-28 15:17:39] DEBUG: Record inserted {"table":"categories","insert_id":28,"data_keys":["name","slug","is_active","created_at","updated_at"]}
[2025-09-28 15:17:39] DEBUG: Records updated {"table":"categories","affected_rows":1,"where_conditions":["id"]}
[2025-09-28 15:17:39] DEBUG: Record inserted {"table":"categories","insert_id":29,"data_keys":["name","slug","is_active","created_at","updated_at"]}
[2025-09-28 15:17:39] DEBUG: Records updated {"table":"categories","affected_rows":1,"where_conditions":["id"]}
[2025-09-28 15:17:39] DEBUG: Record inserted {"table":"categories","insert_id":30,"data_keys":["name","slug","is_active","created_at","updated_at"]}
[2025-09-28 15:17:39] DEBUG: Records updated {"table":"categories","affected_rows":1,"where_conditions":["id"]}
[2025-09-28 15:17:39] DEBUG: Record inserted {"table":"categories","insert_id":31,"data_keys":["name","slug","is_active","created_at","updated_at"]}
[2025-09-28 15:17:39] DEBUG: Records updated {"table":"categories","affected_rows":1,"where_conditions":["id"]}
[2025-09-28 15:17:39] DEBUG: Record inserted {"table":"categories","insert_id":32,"data_keys":["name","slug","is_active","created_at","updated_at"]}
[2025-09-28 15:17:39] DEBUG: Record inserted {"table":"categories","insert_id":33,"data_keys":["name","slug","is_active","created_at","updated_at"]}
[2025-09-28 15:17:39] DEBUG: Records updated {"table":"categories","affected_rows":1,"where_conditions":["id"]}
[2025-09-28 15:17:39] DEBUG: Record inserted {"table":"categories","insert_id":34,"data_keys":["name","slug","is_active","created_at","updated_at"]}
[2025-09-28 15:17:39] DEBUG: Records updated {"table":"categories","affected_rows":1,"where_conditions":["id"]}
[2025-09-28 15:17:39] DEBUG: Record inserted {"table":"categories","insert_id":35,"data_keys":["name","slug","is_active","created_at","updated_at"]}
[2025-09-28 15:17:39] DEBUG: Records updated {"table":"categories","affected_rows":1,"where_conditions":["id"]}
[2025-09-28 15:17:39] DEBUG: Record inserted {"table":"custom_field_definitions","insert_id":1,"data_keys":["key","name","type","is_active","sort_order","is_searchable","options","created_at","updated_at"]}
[2025-09-28 15:17:39] DEBUG: Record inserted {"table":"custom_field_definitions","insert_id":2,"data_keys":["key","name","type","is_active","sort_order","is_searchable","options","created_at","updated_at"]}
[2025-09-28 15:17:39] DEBUG: Record inserted {"table":"custom_field_definitions","insert_id":3,"data_keys":["key","name","type","is_active","sort_order","is_searchable","options","created_at","updated_at"]}
[2025-09-28 15:17:39] DEBUG: Record inserted {"table":"custom_field_definitions","insert_id":4,"data_keys":["key","name","type","is_active","sort_order","is_searchable","options","created_at","updated_at"]}
[2025-09-28 15:17:39] DEBUG: Record inserted {"table":"custom_field_definitions","insert_id":5,"data_keys":["key","name","type","is_active","sort_order","is_searchable","options","created_at","updated_at"]}
[2025-09-28 15:17:39] DEBUG: Record inserted {"table":"custom_field_definitions","insert_id":6,"data_keys":["key","name","type","is_active","sort_order","is_searchable","options","created_at","updated_at"]}
[2025-09-28 15:17:39] DEBUG: Record inserted {"table":"custom_field_definitions","insert_id":7,"data_keys":["key","name","type","is_active","sort_order","is_searchable","options","created_at","updated_at"]}
[2025-09-28 15:17:39] DEBUG: Record inserted {"table":"custom_field_definitions","insert_id":8,"data_keys":["key","name","type","is_active","sort_order","is_searchable","options","created_at","updated_at"]}
[2025-09-28 15:17:39] DEBUG: Record inserted {"table":"custom_field_definitions","insert_id":9,"data_keys":["key","name","type","is_active","sort_order","is_searchable","options","created_at","updated_at"]}
[2025-09-28 15:17:39] DEBUG: Record inserted {"table":"custom_field_definitions","insert_id":10,"data_keys":["key","name","type","is_active","sort_order","is_searchable","options","created_at","updated_at"]}
[2025-09-28 15:17:39] DEBUG: Record inserted {"table":"custom_field_definitions","insert_id":11,"data_keys":["key","name","type","is_active","sort_order","is_searchable","options","created_at","updated_at"]}
[2025-09-28 15:17:39] DEBUG: Record inserted {"table":"custom_field_definitions","insert_id":12,"data_keys":["key","name","type","is_active","sort_order","is_searchable","options","created_at","updated_at"]}
[2025-09-28 15:17:39] DEBUG: Record inserted {"table":"custom_field_definitions","insert_id":13,"data_keys":["key","name","type","is_active","sort_order","is_searchable","options","created_at","updated_at"]}
[2025-09-28 15:17:39] DEBUG: Record inserted {"table":"custom_field_definitions","insert_id":14,"data_keys":["key","name","type","is_active","sort_order","is_searchable","options","created_at","updated_at"]}
[2025-09-28 15:17:39] DEBUG: Record inserted {"table":"custom_field_definitions","insert_id":15,"data_keys":["key","name","type","is_active","sort_order","is_searchable","options","created_at","updated_at"]}
[2025-09-28 15:17:39] DEBUG: Record inserted {"table":"custom_field_definitions","insert_id":16,"data_keys":["key","name","type","is_active","sort_order","is_searchable","options","created_at","updated_at"]}
[2025-09-28 15:17:39] DEBUG: Record inserted {"table":"custom_field_definitions","insert_id":17,"data_keys":["key","name","type","is_active","sort_order","is_searchable","options","created_at","updated_at"]}
[2025-09-28 15:17:39] DEBUG: Record inserted {"table":"custom_field_definitions","insert_id":18,"data_keys":["key","name","type","is_active","sort_order","is_searchable","options","created_at","updated_at"]}
[2025-09-28 15:17:39] INFO: Creating new page {"title":"Premier Properties - Your Dream Home Awaits"}
[2025-09-28 15:17:39] DEBUG: Record inserted {"table":"pages","insert_id":1,"data_keys":["title","page_type","slug","status","meta_title","meta_description","created_at","updated_at"]}
[2025-09-28 15:17:39] INFO: Page created successfully {"page_id":1}
[2025-09-28 15:17:39] DEBUG: Record inserted {"table":"tags","insert_id":42,"data_keys":["name","slug","usage_count","created_at","updated_at"]}
[2025-09-28 15:17:39] DEBUG: Record inserted {"table":"blocks","insert_id":1,"data_keys":["page_id","type","data","order","created_at","updated_at"]}
[2025-09-28 15:17:39] DEBUG: Record inserted {"table":"blocks","insert_id":2,"data_keys":["page_id","type","data","order","created_at","updated_at"]}
[2025-09-28 15:17:39] DEBUG: Record inserted {"table":"blocks","insert_id":3,"data_keys":["page_id","type","data","order","created_at","updated_at"]}
[2025-09-28 15:17:39] DEBUG: Record inserted {"table":"blocks","insert_id":4,"data_keys":["page_id","type","data","order","created_at","updated_at"]}
[2025-09-28 15:17:39] DEBUG: Record inserted {"table":"blocks","insert_id":5,"data_keys":["page_id","type","data","order","created_at","updated_at"]}
[2025-09-28 15:17:39] DEBUG: Record inserted {"table":"blocks","insert_id":6,"data_keys":["page_id","type","data","order","created_at","updated_at"]}
[2025-09-28 15:17:39] DEBUG: Record inserted {"table":"blocks","insert_id":7,"data_keys":["page_id","type","data","order","created_at","updated_at"]}
[2025-09-28 15:17:39] INFO: Creating new page {"title":"About Premier Properties"}
[2025-09-28 15:17:39] DEBUG: Record inserted {"table":"pages","insert_id":2,"data_keys":["title","page_type","slug","status","meta_title","meta_description","created_at","updated_at"]}
[2025-09-28 15:17:39] INFO: Page created successfully {"page_id":2}
[2025-09-28 15:17:39] DEBUG: Record inserted {"table":"blocks","insert_id":8,"data_keys":["page_id","type","data","order","created_at","updated_at"]}
[2025-09-28 15:17:39] ERROR: Invalid block data structure {"block_type":"text","page_id":2}
[2025-09-28 15:17:39] DEBUG: Record inserted {"table":"blocks","insert_id":9,"data_keys":["page_id","type","data","order","created_at","updated_at"]}
[2025-09-28 15:17:39] DEBUG: Record inserted {"table":"blocks","insert_id":10,"data_keys":["page_id","type","data","order","created_at","updated_at"]}
[2025-09-28 15:17:39] DEBUG: Record inserted {"table":"blocks","insert_id":11,"data_keys":["page_id","type","data","order","created_at","updated_at"]}
[2025-09-28 15:17:39] INFO: Creating new page {"title":"Contact Premier Properties"}
[2025-09-28 15:17:39] DEBUG: Record inserted {"table":"pages","insert_id":3,"data_keys":["title","page_type","slug","status","meta_title","meta_description","created_at","updated_at"]}
[2025-09-28 15:17:39] INFO: Page created successfully {"page_id":3}
[2025-09-28 15:17:39] DEBUG: Record inserted {"table":"blocks","insert_id":12,"data_keys":["page_id","type","data","order","created_at","updated_at"]}
[2025-09-28 15:17:39] DEBUG: Record inserted {"table":"blocks","insert_id":13,"data_keys":["page_id","type","data","order","created_at","updated_at"]}
[2025-09-28 15:17:39] ERROR: Invalid block data structure {"block_type":"text","page_id":3}
[2025-09-28 15:17:39] DEBUG: Record inserted {"table":"blocks","insert_id":14,"data_keys":["page_id","type","data","order","created_at","updated_at"]}
[2025-09-28 15:17:39] DEBUG: Record inserted {"table":"blocks","insert_id":15,"data_keys":["page_id","type","data","order","created_at","updated_at"]}
[2025-09-28 15:17:39] DEBUG: Record inserted {"table":"blocks","insert_id":16,"data_keys":["page_id","type","data","order","created_at","updated_at"]}
[2025-09-28 15:17:39] INFO: Creating new page {"title":"Modern Victorian Townhouse in Kensington"}
[2025-09-28 15:17:39] DEBUG: Record inserted {"table":"pages","insert_id":4,"data_keys":["title","slug","status","meta_title","meta_description","page_type","created_at","updated_at"]}
[2025-09-28 15:17:39] INFO: Page created successfully {"page_id":4}
[2025-09-28 15:17:39] DEBUG: Record inserted {"table":"tags","insert_id":43,"data_keys":["name","slug","usage_count","created_at","updated_at"]}
[2025-09-28 15:17:39] DEBUG: Record inserted {"table":"tags","insert_id":44,"data_keys":["name","slug","usage_count","created_at","updated_at"]}
[2025-09-28 15:17:39] DEBUG: Record inserted {"table":"tags","insert_id":45,"data_keys":["name","slug","usage_count","created_at","updated_at"]}
[2025-09-28 15:17:39] DEBUG: Record inserted {"table":"tags","insert_id":46,"data_keys":["name","slug","usage_count","created_at","updated_at"]}
[2025-09-28 15:17:39] DEBUG: Record inserted {"table":"tags","insert_id":47,"data_keys":["name","slug","usage_count","created_at","updated_at"]}
[2025-09-28 15:17:39] DEBUG: Record inserted {"table":"tags","insert_id":48,"data_keys":["name","slug","usage_count","created_at","updated_at"]}
[2025-09-28 15:17:39] DEBUG: Record inserted {"table":"tags","insert_id":49,"data_keys":["name","slug","usage_count","created_at","updated_at"]}
[2025-09-28 15:17:39] DEBUG: Record inserted {"table":"categories","insert_id":36,"data_keys":["name","slug","is_active","created_at","updated_at"]}
[2025-09-28 15:17:39] DEBUG: Record inserted {"table":"categories","insert_id":37,"data_keys":["name","slug","is_active","created_at","updated_at"]}
[2025-09-28 15:17:39] DEBUG: Record inserted {"table":"categories","insert_id":38,"data_keys":["name","slug","is_active","created_at","updated_at"]}
[2025-09-28 15:17:39] DEBUG: Record inserted {"table":"page_custom_fields","insert_id":1,"data_keys":["custom_field_definition_id","field_value","page_id","created_at","updated_at"]}
[2025-09-28 15:17:39] DEBUG: Record inserted {"table":"page_custom_fields","insert_id":2,"data_keys":["custom_field_definition_id","field_value","page_id","created_at","updated_at"]}
[2025-09-28 15:17:39] DEBUG: Record inserted {"table":"page_custom_fields","insert_id":3,"data_keys":["custom_field_definition_id","field_value","page_id","created_at","updated_at"]}
[2025-09-28 15:17:39] DEBUG: Record inserted {"table":"page_custom_fields","insert_id":4,"data_keys":["custom_field_definition_id","field_value","page_id","created_at","updated_at"]}
[2025-09-28 15:17:39] DEBUG: Record inserted {"table":"page_custom_fields","insert_id":5,"data_keys":["custom_field_definition_id","field_value","page_id","created_at","updated_at"]}
[2025-09-28 15:17:39] DEBUG: Record inserted {"table":"page_custom_fields","insert_id":6,"data_keys":["custom_field_definition_id","field_value","page_id","created_at","updated_at"]}
[2025-09-28 15:17:39] DEBUG: Record inserted {"table":"page_custom_fields","insert_id":7,"data_keys":["custom_field_definition_id","field_value","page_id","created_at","updated_at"]}
[2025-09-28 15:17:39] DEBUG: Record inserted {"table":"page_custom_fields","insert_id":8,"data_keys":["custom_field_definition_id","field_value","page_id","created_at","updated_at"]}
[2025-09-28 15:17:39] DEBUG: Record inserted {"table":"page_custom_fields","insert_id":9,"data_keys":["custom_field_definition_id","field_value","page_id","created_at","updated_at"]}
[2025-09-28 15:17:39] DEBUG: Record inserted {"table":"page_custom_fields","insert_id":10,"data_keys":["custom_field_definition_id","field_value","page_id","created_at","updated_at"]}
[2025-09-28 15:17:39] DEBUG: Record inserted {"table":"page_custom_fields","insert_id":11,"data_keys":["custom_field_definition_id","field_value","page_id","created_at","updated_at"]}
[2025-09-28 15:17:39] DEBUG: Record inserted {"table":"blocks","insert_id":17,"data_keys":["page_id","type","data","order","created_at","updated_at"]}
[2025-09-28 15:17:39] ERROR: Invalid block data structure {"block_type":"text","page_id":4}
[2025-09-28 15:17:39] DEBUG: Record inserted {"table":"blocks","insert_id":18,"data_keys":["page_id","type","data","order","created_at","updated_at"]}
[2025-09-28 15:17:39] DEBUG: Record inserted {"table":"blocks","insert_id":19,"data_keys":["page_id","type","data","order","created_at","updated_at"]}
[2025-09-28 15:17:39] DEBUG: Record inserted {"table":"blocks","insert_id":20,"data_keys":["page_id","type","data","order","created_at","updated_at"]}
[2025-09-28 15:17:39] DEBUG: Record inserted {"table":"blocks","insert_id":21,"data_keys":["page_id","type","data","order","created_at","updated_at"]}
[2025-09-28 15:17:39] ERROR: Invalid block data structure {"block_type":"text","page_id":4}
[2025-09-28 15:17:39] DEBUG: Record inserted {"table":"blocks","insert_id":22,"data_keys":["page_id","type","data","order","created_at","updated_at"]}
[2025-09-28 15:17:39] DEBUG: Record inserted {"table":"blocks","insert_id":23,"data_keys":["page_id","type","data","order","created_at","updated_at"]}
[2025-09-28 15:17:39] DEBUG: Record inserted {"table":"blocks","insert_id":24,"data_keys":["page_id","type","data","order","created_at","updated_at"]}
[2025-09-28 15:17:39] DEBUG: Record inserted {"table":"blocks","insert_id":25,"data_keys":["page_id","type","data","order","created_at","updated_at"]}
[2025-09-28 15:17:39] INFO: Creating new page {"title":"Luxury Penthouse Suite in Mayfair"}
[2025-09-28 15:17:39] DEBUG: Record inserted {"table":"pages","insert_id":5,"data_keys":["title","slug","status","meta_title","meta_description","page_type","created_at","updated_at"]}
[2025-09-28 15:17:39] INFO: Page created successfully {"page_id":5}
[2025-09-28 15:17:39] DEBUG: Record inserted {"table":"tags","insert_id":50,"data_keys":["name","slug","usage_count","created_at","updated_at"]}
[2025-09-28 15:17:39] DEBUG: Record inserted {"table":"tags","insert_id":51,"data_keys":["name","slug","usage_count","created_at","updated_at"]}
[2025-09-28 15:17:39] DEBUG: Record inserted {"table":"tags","insert_id":52,"data_keys":["name","slug","usage_count","created_at","updated_at"]}
[2025-09-28 15:17:39] DEBUG: Record inserted {"table":"tags","insert_id":53,"data_keys":["name","slug","usage_count","created_at","updated_at"]}
[2025-09-28 15:17:39] DEBUG: Record inserted {"table":"tags","insert_id":54,"data_keys":["name","slug","usage_count","created_at","updated_at"]}
[2025-09-28 15:17:39] DEBUG: Record inserted {"table":"tags","insert_id":55,"data_keys":["name","slug","usage_count","created_at","updated_at"]}
[2025-09-28 15:17:39] DEBUG: Record inserted {"table":"tags","insert_id":56,"data_keys":["name","slug","usage_count","created_at","updated_at"]}
[2025-09-28 15:17:39] DEBUG: Record inserted {"table":"tags","insert_id":57,"data_keys":["name","slug","usage_count","created_at","updated_at"]}
[2025-09-28 15:17:39] DEBUG: Record inserted {"table":"categories","insert_id":39,"data_keys":["name","slug","is_active","created_at","updated_at"]}
[2025-09-28 15:17:39] DEBUG: Record inserted {"table":"categories","insert_id":40,"data_keys":["name","slug","is_active","created_at","updated_at"]}
[2025-09-28 15:17:39] DEBUG: Record inserted {"table":"categories","insert_id":41,"data_keys":["name","slug","is_active","created_at","updated_at"]}
[2025-09-28 15:17:39] DEBUG: Record inserted {"table":"page_custom_fields","insert_id":12,"data_keys":["custom_field_definition_id","field_value","page_id","created_at","updated_at"]}
[2025-09-28 15:17:39] DEBUG: Record inserted {"table":"page_custom_fields","insert_id":13,"data_keys":["custom_field_definition_id","field_value","page_id","created_at","updated_at"]}
[2025-09-28 15:17:39] DEBUG: Record inserted {"table":"page_custom_fields","insert_id":14,"data_keys":["custom_field_definition_id","field_value","page_id","created_at","updated_at"]}
[2025-09-28 15:17:39] DEBUG: Record inserted {"table":"page_custom_fields","insert_id":15,"data_keys":["custom_field_definition_id","field_value","page_id","created_at","updated_at"]}
[2025-09-28 15:17:39] DEBUG: Record inserted {"table":"page_custom_fields","insert_id":16,"data_keys":["custom_field_definition_id","field_value","page_id","created_at","updated_at"]}
[2025-09-28 15:17:39] DEBUG: Record inserted {"table":"page_custom_fields","insert_id":17,"data_keys":["custom_field_definition_id","field_value","page_id","created_at","updated_at"]}
[2025-09-28 15:17:39] DEBUG: Record inserted {"table":"page_custom_fields","insert_id":18,"data_keys":["custom_field_definition_id","field_value","page_id","created_at","updated_at"]}
[2025-09-28 15:17:39] DEBUG: Record inserted {"table":"page_custom_fields","insert_id":19,"data_keys":["custom_field_definition_id","field_value","page_id","created_at","updated_at"]}
[2025-09-28 15:17:39] DEBUG: Record inserted {"table":"page_custom_fields","insert_id":20,"data_keys":["custom_field_definition_id","field_value","page_id","created_at","updated_at"]}
[2025-09-28 15:17:39] DEBUG: Record inserted {"table":"page_custom_fields","insert_id":21,"data_keys":["custom_field_definition_id","field_value","page_id","created_at","updated_at"]}
[2025-09-28 15:17:39] DEBUG: Record inserted {"table":"page_custom_fields","insert_id":22,"data_keys":["custom_field_definition_id","field_value","page_id","created_at","updated_at"]}
[2025-09-28 15:17:39] DEBUG: Record inserted {"table":"blocks","insert_id":26,"data_keys":["page_id","type","data","order","created_at","updated_at"]}
[2025-09-28 15:17:39] ERROR: Invalid block data structure {"block_type":"text","page_id":5}
[2025-09-28 15:17:39] DEBUG: Record inserted {"table":"blocks","insert_id":27,"data_keys":["page_id","type","data","order","created_at","updated_at"]}
[2025-09-28 15:17:39] DEBUG: Record inserted {"table":"blocks","insert_id":28,"data_keys":["page_id","type","data","order","created_at","updated_at"]}
[2025-09-28 15:17:39] DEBUG: Record inserted {"table":"blocks","insert_id":29,"data_keys":["page_id","type","data","order","created_at","updated_at"]}
[2025-09-28 15:17:39] DEBUG: Record inserted {"table":"blocks","insert_id":30,"data_keys":["page_id","type","data","order","created_at","updated_at"]}
[2025-09-28 15:17:39] ERROR: Invalid block data structure {"block_type":"text","page_id":5}
[2025-09-28 15:17:39] DEBUG: Record inserted {"table":"blocks","insert_id":31,"data_keys":["page_id","type","data","order","created_at","updated_at"]}
[2025-09-28 15:17:39] DEBUG: Record inserted {"table":"blocks","insert_id":32,"data_keys":["page_id","type","data","order","created_at","updated_at"]}
[2025-09-28 15:17:40] DEBUG: Record inserted {"table":"blocks","insert_id":33,"data_keys":["page_id","type","data","order","created_at","updated_at"]}
[2025-09-28 15:17:40] DEBUG: Record inserted {"table":"blocks","insert_id":34,"data_keys":["page_id","type","data","order","created_at","updated_at"]}
[2025-09-28 15:17:40] INFO: Creating new page {"title":"Contemporary Family Home in Richmond"}
[2025-09-28 15:17:40] DEBUG: Record inserted {"table":"pages","insert_id":6,"data_keys":["title","slug","status","meta_title","meta_description","page_type","created_at","updated_at"]}
[2025-09-28 15:17:40] INFO: Page created successfully {"page_id":6}
[2025-09-28 15:17:40] DEBUG: Record inserted {"table":"tags","insert_id":58,"data_keys":["name","slug","usage_count","created_at","updated_at"]}
[2025-09-28 15:17:40] DEBUG: Record inserted {"table":"tags","insert_id":59,"data_keys":["name","slug","usage_count","created_at","updated_at"]}
[2025-09-28 15:17:40] DEBUG: Record inserted {"table":"tags","insert_id":60,"data_keys":["name","slug","usage_count","created_at","updated_at"]}
[2025-09-28 15:17:40] DEBUG: Record inserted {"table":"tags","insert_id":61,"data_keys":["name","slug","usage_count","created_at","updated_at"]}
[2025-09-28 15:17:40] DEBUG: Record inserted {"table":"tags","insert_id":62,"data_keys":["name","slug","usage_count","created_at","updated_at"]}
[2025-09-28 15:17:40] DEBUG: Record inserted {"table":"tags","insert_id":63,"data_keys":["name","slug","usage_count","created_at","updated_at"]}
[2025-09-28 15:17:40] DEBUG: Record inserted {"table":"tags","insert_id":64,"data_keys":["name","slug","usage_count","created_at","updated_at"]}
[2025-09-28 15:17:40] DEBUG: Record inserted {"table":"tags","insert_id":65,"data_keys":["name","slug","usage_count","created_at","updated_at"]}
[2025-09-28 15:17:40] DEBUG: Record inserted {"table":"categories","insert_id":42,"data_keys":["name","slug","is_active","created_at","updated_at"]}
[2025-09-28 15:17:40] DEBUG: Record inserted {"table":"categories","insert_id":43,"data_keys":["name","slug","is_active","created_at","updated_at"]}
[2025-09-28 15:17:40] DEBUG: Record inserted {"table":"categories","insert_id":44,"data_keys":["name","slug","is_active","created_at","updated_at"]}
[2025-09-28 15:17:40] DEBUG: Record inserted {"table":"page_custom_fields","insert_id":23,"data_keys":["custom_field_definition_id","field_value","page_id","created_at","updated_at"]}
[2025-09-28 15:17:40] DEBUG: Record inserted {"table":"page_custom_fields","insert_id":24,"data_keys":["custom_field_definition_id","field_value","page_id","created_at","updated_at"]}
[2025-09-28 15:17:40] DEBUG: Record inserted {"table":"page_custom_fields","insert_id":25,"data_keys":["custom_field_definition_id","field_value","page_id","created_at","updated_at"]}
[2025-09-28 15:17:40] DEBUG: Record inserted {"table":"page_custom_fields","insert_id":26,"data_keys":["custom_field_definition_id","field_value","page_id","created_at","updated_at"]}
[2025-09-28 15:17:40] DEBUG: Record inserted {"table":"page_custom_fields","insert_id":27,"data_keys":["custom_field_definition_id","field_value","page_id","created_at","updated_at"]}
[2025-09-28 15:17:40] DEBUG: Record inserted {"table":"page_custom_fields","insert_id":28,"data_keys":["custom_field_definition_id","field_value","page_id","created_at","updated_at"]}
[2025-09-28 15:17:40] DEBUG: Record inserted {"table":"page_custom_fields","insert_id":29,"data_keys":["custom_field_definition_id","field_value","page_id","created_at","updated_at"]}
[2025-09-28 15:17:40] DEBUG: Record inserted {"table":"page_custom_fields","insert_id":30,"data_keys":["custom_field_definition_id","field_value","page_id","created_at","updated_at"]}
[2025-09-28 15:17:40] DEBUG: Record inserted {"table":"page_custom_fields","insert_id":31,"data_keys":["custom_field_definition_id","field_value","page_id","created_at","updated_at"]}
[2025-09-28 15:17:40] DEBUG: Record inserted {"table":"page_custom_fields","insert_id":32,"data_keys":["custom_field_definition_id","field_value","page_id","created_at","updated_at"]}
[2025-09-28 15:17:40] DEBUG: Record inserted {"table":"page_custom_fields","insert_id":33,"data_keys":["custom_field_definition_id","field_value","page_id","created_at","updated_at"]}
[2025-09-28 15:17:40] DEBUG: Record inserted {"table":"blocks","insert_id":35,"data_keys":["page_id","type","data","order","created_at","updated_at"]}
[2025-09-28 15:17:40] ERROR: Invalid block data structure {"block_type":"text","page_id":6}
[2025-09-28 15:17:40] DEBUG: Record inserted {"table":"blocks","insert_id":36,"data_keys":["page_id","type","data","order","created_at","updated_at"]}
[2025-09-28 15:17:40] DEBUG: Record inserted {"table":"blocks","insert_id":37,"data_keys":["page_id","type","data","order","created_at","updated_at"]}
[2025-09-28 15:17:40] DEBUG: Record inserted {"table":"blocks","insert_id":38,"data_keys":["page_id","type","data","order","created_at","updated_at"]}
[2025-09-28 15:17:40] DEBUG: Record inserted {"table":"blocks","insert_id":39,"data_keys":["page_id","type","data","order","created_at","updated_at"]}
[2025-09-28 15:17:40] ERROR: Invalid block data structure {"block_type":"text","page_id":6}
[2025-09-28 15:17:40] DEBUG: Record inserted {"table":"blocks","insert_id":40,"data_keys":["page_id","type","data","order","created_at","updated_at"]}
[2025-09-28 15:17:40] DEBUG: Record inserted {"table":"blocks","insert_id":41,"data_keys":["page_id","type","data","order","created_at","updated_at"]}
[2025-09-28 15:17:40] DEBUG: Record inserted {"table":"blocks","insert_id":42,"data_keys":["page_id","type","data","order","created_at","updated_at"]}
[2025-09-28 15:17:40] DEBUG: Record inserted {"table":"blocks","insert_id":43,"data_keys":["page_id","type","data","order","created_at","updated_at"]}
[2025-09-28 15:17:40] INFO: Creating new page {"title":"Charming Garden Flat in Hampstead"}
[2025-09-28 15:17:40] DEBUG: Record inserted {"table":"pages","insert_id":7,"data_keys":["title","slug","status","meta_title","meta_description","page_type","created_at","updated_at"]}
[2025-09-28 15:17:40] INFO: Page created successfully {"page_id":7}
[2025-09-28 15:17:40] DEBUG: Record inserted {"table":"tags","insert_id":66,"data_keys":["name","slug","usage_count","created_at","updated_at"]}
[2025-09-28 15:17:40] DEBUG: Record inserted {"table":"tags","insert_id":67,"data_keys":["name","slug","usage_count","created_at","updated_at"]}
[2025-09-28 15:17:40] DEBUG: Record inserted {"table":"tags","insert_id":68,"data_keys":["name","slug","usage_count","created_at","updated_at"]}
[2025-09-28 15:17:40] DEBUG: Record inserted {"table":"tags","insert_id":69,"data_keys":["name","slug","usage_count","created_at","updated_at"]}
[2025-09-28 15:17:40] DEBUG: Record inserted {"table":"tags","insert_id":70,"data_keys":["name","slug","usage_count","created_at","updated_at"]}
[2025-09-28 15:17:40] DEBUG: Record inserted {"table":"tags","insert_id":71,"data_keys":["name","slug","usage_count","created_at","updated_at"]}
[2025-09-28 15:17:40] DEBUG: Record inserted {"table":"categories","insert_id":45,"data_keys":["name","slug","is_active","created_at","updated_at"]}
[2025-09-28 15:17:40] DEBUG: Record inserted {"table":"categories","insert_id":46,"data_keys":["name","slug","is_active","created_at","updated_at"]}
[2025-09-28 15:17:40] DEBUG: Record inserted {"table":"categories","insert_id":47,"data_keys":["name","slug","is_active","created_at","updated_at"]}
[2025-09-28 15:17:40] DEBUG: Record inserted {"table":"page_custom_fields","insert_id":34,"data_keys":["custom_field_definition_id","field_value","page_id","created_at","updated_at"]}
[2025-09-28 15:17:40] DEBUG: Record inserted {"table":"page_custom_fields","insert_id":35,"data_keys":["custom_field_definition_id","field_value","page_id","created_at","updated_at"]}
[2025-09-28 15:17:40] DEBUG: Record inserted {"table":"page_custom_fields","insert_id":36,"data_keys":["custom_field_definition_id","field_value","page_id","created_at","updated_at"]}
[2025-09-28 15:17:40] DEBUG: Record inserted {"table":"page_custom_fields","insert_id":37,"data_keys":["custom_field_definition_id","field_value","page_id","created_at","updated_at"]}
[2025-09-28 15:17:40] DEBUG: Record inserted {"table":"page_custom_fields","insert_id":38,"data_keys":["custom_field_definition_id","field_value","page_id","created_at","updated_at"]}
[2025-09-28 15:17:40] DEBUG: Record inserted {"table":"page_custom_fields","insert_id":39,"data_keys":["custom_field_definition_id","field_value","page_id","created_at","updated_at"]}
[2025-09-28 15:17:40] DEBUG: Record inserted {"table":"page_custom_fields","insert_id":40,"data_keys":["custom_field_definition_id","field_value","page_id","created_at","updated_at"]}
[2025-09-28 15:17:40] DEBUG: Record inserted {"table":"page_custom_fields","insert_id":41,"data_keys":["custom_field_definition_id","field_value","page_id","created_at","updated_at"]}
[2025-09-28 15:17:40] DEBUG: Record inserted {"table":"page_custom_fields","insert_id":42,"data_keys":["custom_field_definition_id","field_value","page_id","created_at","updated_at"]}
[2025-09-28 15:17:40] DEBUG: Record inserted {"table":"page_custom_fields","insert_id":43,"data_keys":["custom_field_definition_id","field_value","page_id","created_at","updated_at"]}
[2025-09-28 15:17:40] DEBUG: Record inserted {"table":"page_custom_fields","insert_id":44,"data_keys":["custom_field_definition_id","field_value","page_id","created_at","updated_at"]}
[2025-09-28 15:17:40] DEBUG: Record inserted {"table":"blocks","insert_id":44,"data_keys":["page_id","type","data","order","created_at","updated_at"]}
[2025-09-28 15:17:40] ERROR: Invalid block data structure {"block_type":"text","page_id":7}
[2025-09-28 15:17:40] DEBUG: Record inserted {"table":"blocks","insert_id":45,"data_keys":["page_id","type","data","order","created_at","updated_at"]}
[2025-09-28 15:17:40] DEBUG: Record inserted {"table":"blocks","insert_id":46,"data_keys":["page_id","type","data","order","created_at","updated_at"]}
[2025-09-28 15:17:40] DEBUG: Record inserted {"table":"blocks","insert_id":47,"data_keys":["page_id","type","data","order","created_at","updated_at"]}
[2025-09-28 15:17:40] DEBUG: Record inserted {"table":"blocks","insert_id":48,"data_keys":["page_id","type","data","order","created_at","updated_at"]}
[2025-09-28 15:17:40] ERROR: Invalid block data structure {"block_type":"text","page_id":7}
[2025-09-28 15:17:40] DEBUG: Record inserted {"table":"blocks","insert_id":49,"data_keys":["page_id","type","data","order","created_at","updated_at"]}
[2025-09-28 15:17:40] DEBUG: Record inserted {"table":"blocks","insert_id":50,"data_keys":["page_id","type","data","order","created_at","updated_at"]}
[2025-09-28 15:17:40] DEBUG: Record inserted {"table":"blocks","insert_id":51,"data_keys":["page_id","type","data","order","created_at","updated_at"]}
[2025-09-28 15:17:40] DEBUG: Record inserted {"table":"blocks","insert_id":52,"data_keys":["page_id","type","data","order","created_at","updated_at"]}
[2025-09-28 15:17:40] INFO: Creating new page {"title":"Riverside Conversion in Greenwich"}
[2025-09-28 15:17:40] DEBUG: Record inserted {"table":"pages","insert_id":8,"data_keys":["title","slug","status","meta_title","meta_description","page_type","created_at","updated_at"]}
[2025-09-28 15:17:40] INFO: Page created successfully {"page_id":8}
[2025-09-28 15:17:40] DEBUG: Record inserted {"table":"tags","insert_id":72,"data_keys":["name","slug","usage_count","created_at","updated_at"]}
[2025-09-28 15:17:40] DEBUG: Record inserted {"table":"tags","insert_id":73,"data_keys":["name","slug","usage_count","created_at","updated_at"]}
[2025-09-28 15:17:40] DEBUG: Record inserted {"table":"tags","insert_id":74,"data_keys":["name","slug","usage_count","created_at","updated_at"]}
[2025-09-28 15:17:40] DEBUG: Record inserted {"table":"tags","insert_id":75,"data_keys":["name","slug","usage_count","created_at","updated_at"]}
[2025-09-28 15:17:40] DEBUG: Record inserted {"table":"tags","insert_id":76,"data_keys":["name","slug","usage_count","created_at","updated_at"]}
[2025-09-28 15:17:40] DEBUG: Record inserted {"table":"tags","insert_id":77,"data_keys":["name","slug","usage_count","created_at","updated_at"]}
[2025-09-28 15:17:40] DEBUG: Record inserted {"table":"tags","insert_id":78,"data_keys":["name","slug","usage_count","created_at","updated_at"]}
[2025-09-28 15:17:40] DEBUG: Record inserted {"table":"categories","insert_id":48,"data_keys":["name","slug","is_active","created_at","updated_at"]}
[2025-09-28 15:17:40] DEBUG: Record inserted {"table":"categories","insert_id":49,"data_keys":["name","slug","is_active","created_at","updated_at"]}
[2025-09-28 15:17:40] DEBUG: Record inserted {"table":"categories","insert_id":50,"data_keys":["name","slug","is_active","created_at","updated_at"]}
[2025-09-28 15:17:40] DEBUG: Record inserted {"table":"page_custom_fields","insert_id":45,"data_keys":["custom_field_definition_id","field_value","page_id","created_at","updated_at"]}
[2025-09-28 15:17:40] DEBUG: Record inserted {"table":"page_custom_fields","insert_id":46,"data_keys":["custom_field_definition_id","field_value","page_id","created_at","updated_at"]}
[2025-09-28 15:17:40] DEBUG: Record inserted {"table":"page_custom_fields","insert_id":47,"data_keys":["custom_field_definition_id","field_value","page_id","created_at","updated_at"]}
[2025-09-28 15:17:40] DEBUG: Record inserted {"table":"page_custom_fields","insert_id":48,"data_keys":["custom_field_definition_id","field_value","page_id","created_at","updated_at"]}
[2025-09-28 15:17:40] DEBUG: Record inserted {"table":"page_custom_fields","insert_id":49,"data_keys":["custom_field_definition_id","field_value","page_id","created_at","updated_at"]}
[2025-09-28 15:17:40] DEBUG: Record inserted {"table":"page_custom_fields","insert_id":50,"data_keys":["custom_field_definition_id","field_value","page_id","created_at","updated_at"]}
[2025-09-28 15:17:40] DEBUG: Record inserted {"table":"page_custom_fields","insert_id":51,"data_keys":["custom_field_definition_id","field_value","page_id","created_at","updated_at"]}
[2025-09-28 15:17:40] DEBUG: Record inserted {"table":"page_custom_fields","insert_id":52,"data_keys":["custom_field_definition_id","field_value","page_id","created_at","updated_at"]}
[2025-09-28 15:17:40] DEBUG: Record inserted {"table":"page_custom_fields","insert_id":53,"data_keys":["custom_field_definition_id","field_value","page_id","created_at","updated_at"]}
[2025-09-28 15:17:40] DEBUG: Record inserted {"table":"page_custom_fields","insert_id":54,"data_keys":["custom_field_definition_id","field_value","page_id","created_at","updated_at"]}
[2025-09-28 15:17:40] DEBUG: Record inserted {"table":"page_custom_fields","insert_id":55,"data_keys":["custom_field_definition_id","field_value","page_id","created_at","updated_at"]}
[2025-09-28 15:17:40] DEBUG: Record inserted {"table":"blocks","insert_id":53,"data_keys":["page_id","type","data","order","created_at","updated_at"]}
[2025-09-28 15:17:40] ERROR: Invalid block data structure {"block_type":"text","page_id":8}
[2025-09-28 15:17:40] DEBUG: Record inserted {"table":"blocks","insert_id":54,"data_keys":["page_id","type","data","order","created_at","updated_at"]}
[2025-09-28 15:17:40] DEBUG: Record inserted {"table":"blocks","insert_id":55,"data_keys":["page_id","type","data","order","created_at","updated_at"]}
[2025-09-28 15:17:40] DEBUG: Record inserted {"table":"blocks","insert_id":56,"data_keys":["page_id","type","data","order","created_at","updated_at"]}
[2025-09-28 15:17:40] DEBUG: Record inserted {"table":"blocks","insert_id":57,"data_keys":["page_id","type","data","order","created_at","updated_at"]}
[2025-09-28 15:17:40] ERROR: Invalid block data structure {"block_type":"text","page_id":8}
[2025-09-28 15:17:40] DEBUG: Record inserted {"table":"blocks","insert_id":58,"data_keys":["page_id","type","data","order","created_at","updated_at"]}
[2025-09-28 15:17:40] DEBUG: Record inserted {"table":"blocks","insert_id":59,"data_keys":["page_id","type","data","order","created_at","updated_at"]}
[2025-09-28 15:17:40] DEBUG: Record inserted {"table":"blocks","insert_id":60,"data_keys":["page_id","type","data","order","created_at","updated_at"]}
[2025-09-28 15:17:40] DEBUG: Record inserted {"table":"blocks","insert_id":61,"data_keys":["page_id","type","data","order","created_at","updated_at"]}
[2025-09-28 15:17:40] INFO: Creating new page {"title":"Georgian Townhouse in Marylebone"}
[2025-09-28 15:17:40] DEBUG: Record inserted {"table":"pages","insert_id":9,"data_keys":["title","slug","status","meta_title","meta_description","page_type","created_at","updated_at"]}
[2025-09-28 15:17:40] INFO: Page created successfully {"page_id":9}
[2025-09-28 15:17:40] DEBUG: Record inserted {"table":"tags","insert_id":79,"data_keys":["name","slug","usage_count","created_at","updated_at"]}
[2025-09-28 15:17:40] DEBUG: Record inserted {"table":"tags","insert_id":80,"data_keys":["name","slug","usage_count","created_at","updated_at"]}
[2025-09-28 15:17:40] DEBUG: Record inserted {"table":"tags","insert_id":81,"data_keys":["name","slug","usage_count","created_at","updated_at"]}
[2025-09-28 15:17:40] DEBUG: Record inserted {"table":"tags","insert_id":82,"data_keys":["name","slug","usage_count","created_at","updated_at"]}
[2025-09-28 15:17:40] DEBUG: Record inserted {"table":"tags","insert_id":83,"data_keys":["name","slug","usage_count","created_at","updated_at"]}
[2025-09-28 15:17:40] DEBUG: Record inserted {"table":"tags","insert_id":84,"data_keys":["name","slug","usage_count","created_at","updated_at"]}
[2025-09-28 15:17:40] DEBUG: Record inserted {"table":"categories","insert_id":51,"data_keys":["name","slug","is_active","created_at","updated_at"]}
[2025-09-28 15:17:40] DEBUG: Record inserted {"table":"categories","insert_id":52,"data_keys":["name","slug","is_active","created_at","updated_at"]}
[2025-09-28 15:17:40] DEBUG: Record inserted {"table":"categories","insert_id":53,"data_keys":["name","slug","is_active","created_at","updated_at"]}
[2025-09-28 15:17:40] DEBUG: Record inserted {"table":"page_custom_fields","insert_id":56,"data_keys":["custom_field_definition_id","field_value","page_id","created_at","updated_at"]}
[2025-09-28 15:17:40] DEBUG: Record inserted {"table":"page_custom_fields","insert_id":57,"data_keys":["custom_field_definition_id","field_value","page_id","created_at","updated_at"]}
[2025-09-28 15:17:40] DEBUG: Record inserted {"table":"page_custom_fields","insert_id":58,"data_keys":["custom_field_definition_id","field_value","page_id","created_at","updated_at"]}
[2025-09-28 15:17:40] DEBUG: Record inserted {"table":"page_custom_fields","insert_id":59,"data_keys":["custom_field_definition_id","field_value","page_id","created_at","updated_at"]}
[2025-09-28 15:17:40] DEBUG: Record inserted {"table":"page_custom_fields","insert_id":60,"data_keys":["custom_field_definition_id","field_value","page_id","created_at","updated_at"]}
[2025-09-28 15:17:40] DEBUG: Record inserted {"table":"page_custom_fields","insert_id":61,"data_keys":["custom_field_definition_id","field_value","page_id","created_at","updated_at"]}
[2025-09-28 15:17:40] DEBUG: Record inserted {"table":"page_custom_fields","insert_id":62,"data_keys":["custom_field_definition_id","field_value","page_id","created_at","updated_at"]}
[2025-09-28 15:17:40] DEBUG: Record inserted {"table":"page_custom_fields","insert_id":63,"data_keys":["custom_field_definition_id","field_value","page_id","created_at","updated_at"]}
[2025-09-28 15:17:40] DEBUG: Record inserted {"table":"page_custom_fields","insert_id":64,"data_keys":["custom_field_definition_id","field_value","page_id","created_at","updated_at"]}
[2025-09-28 15:17:40] DEBUG: Record inserted {"table":"page_custom_fields","insert_id":65,"data_keys":["custom_field_definition_id","field_value","page_id","created_at","updated_at"]}
[2025-09-28 15:17:40] DEBUG: Record inserted {"table":"page_custom_fields","insert_id":66,"data_keys":["custom_field_definition_id","field_value","page_id","created_at","updated_at"]}
[2025-09-28 15:17:40] DEBUG: Record inserted {"table":"blocks","insert_id":62,"data_keys":["page_id","type","data","order","created_at","updated_at"]}
[2025-09-28 15:17:40] ERROR: Invalid block data structure {"block_type":"text","page_id":9}
[2025-09-28 15:17:40] DEBUG: Record inserted {"table":"blocks","insert_id":63,"data_keys":["page_id","type","data","order","created_at","updated_at"]}
[2025-09-28 15:17:40] DEBUG: Record inserted {"table":"blocks","insert_id":64,"data_keys":["page_id","type","data","order","created_at","updated_at"]}
[2025-09-28 15:17:40] DEBUG: Record inserted {"table":"blocks","insert_id":65,"data_keys":["page_id","type","data","order","created_at","updated_at"]}
[2025-09-28 15:17:40] DEBUG: Record inserted {"table":"blocks","insert_id":66,"data_keys":["page_id","type","data","order","created_at","updated_at"]}
[2025-09-28 15:17:40] ERROR: Invalid block data structure {"block_type":"text","page_id":9}
[2025-09-28 15:17:40] DEBUG: Record inserted {"table":"blocks","insert_id":67,"data_keys":["page_id","type","data","order","created_at","updated_at"]}
[2025-09-28 15:17:40] DEBUG: Record inserted {"table":"blocks","insert_id":68,"data_keys":["page_id","type","data","order","created_at","updated_at"]}
[2025-09-28 15:17:40] DEBUG: Record inserted {"table":"blocks","insert_id":69,"data_keys":["page_id","type","data","order","created_at","updated_at"]}
[2025-09-28 15:17:40] DEBUG: Record inserted {"table":"blocks","insert_id":70,"data_keys":["page_id","type","data","order","created_at","updated_at"]}
[2025-09-28 15:19:31] INFO: Database connection established {"driver":"mysql","host":"db","database":"block_cms","connection_time":"2.13ms"}
[2025-09-28 15:19:44] INFO: Database connection established {"driver":"mysql","host":"db","database":"block_cms","connection_time":"3.09ms"}
[2025-09-28 15:19:47] INFO: Database connection established {"driver":"mysql","host":"db","database":"block_cms","connection_time":"2.07ms"}
[2025-09-28 15:19:53] INFO: Database connection established {"driver":"mysql","host":"db","database":"block_cms","connection_time":"0.56ms"}
[2025-09-28 15:19:55] INFO: Database connection established {"driver":"mysql","host":"db","database":"block_cms","connection_time":"1.43ms"}
[2025-09-28 15:19:59] INFO: Database connection established {"driver":"mysql","host":"db","database":"block_cms","connection_time":"1.8ms"}
[2025-09-28 15:20:10] INFO: Database connection established {"driver":"mysql","host":"db","database":"block_cms","connection_time":"1.86ms"}
[2025-09-28 15:21:20] INFO: Database connection established {"driver":"mysql","host":"db","database":"block_cms","connection_time":"1.61ms"}
[2025-09-28 15:23:18] INFO: Database connection established {"driver":"mysql","host":"db","database":"block_cms","connection_time":"2.97ms"}
[2025-09-28 15:24:03] INFO: Database connection established {"driver":"mysql","host":"127.0.0.1","database":"block_cms","connection_time":"3.61ms"}
[2025-09-28 15:24:03] INFO: Database connection established {"driver":"mysql","host":"127.0.0.1","database":"block_cms","connection_time":"1.67ms"}
[2025-09-28 15:24:03] DEBUG: Record inserted {"table":"page_custom_fields","insert_id":67,"data_keys":["page_id","custom_field_definition_id","created_at","updated_at"]}
[2025-09-28 15:24:03] DEBUG: Record inserted {"table":"page_custom_fields","insert_id":68,"data_keys":["page_id","custom_field_definition_id","created_at","updated_at"]}
[2025-09-28 15:24:03] DEBUG: Record inserted {"table":"page_custom_fields","insert_id":69,"data_keys":["page_id","custom_field_definition_id","created_at","updated_at"]}
[2025-09-28 15:24:07] INFO: Database connection established {"driver":"mysql","host":"db","database":"block_cms","connection_time":"1.64ms"}
[2025-09-28 15:25:57] INFO: Database connection established {"driver":"mysql","host":"db","database":"block_cms","connection_time":"2.12ms"}
[2025-09-28 15:26:17] INFO: Database connection established {"driver":"mysql","host":"db","database":"block_cms","connection_time":"0.82ms"}
[2025-09-28 15:28:53] INFO: Database connection established {"driver":"mysql","host":"db","database":"block_cms","connection_time":"1.66ms"}
[2025-09-28 15:28:56] INFO: Database connection established {"driver":"mysql","host":"db","database":"block_cms","connection_time":"2.4ms"}
[2025-09-28 15:30:03] INFO: Database connection established {"driver":"mysql","host":"db","database":"block_cms","connection_time":"1.54ms"}
[2025-09-28 15:31:03] INFO: Database connection established {"driver":"mysql","host":"db","database":"block_cms","connection_time":"1.37ms"}
[2025-09-28 15:31:47] INFO: Database connection established {"driver":"mysql","host":"db","database":"block_cms","connection_time":"2.14ms"}
[2025-09-28 15:32:06] INFO: Database connection established {"driver":"mysql","host":"db","database":"block_cms","connection_time":"1.54ms"}
[2025-09-28 15:32:32] INFO: Database connection established {"driver":"mysql","host":"db","database":"block_cms","connection_time":"1.68ms"}
[2025-09-28 15:32:44] INFO: Database connection established {"driver":"mysql","host":"db","database":"block_cms","connection_time":"1.62ms"}
[2025-09-28 15:34:17] INFO: Database connection established {"driver":"mysql","host":"db","database":"block_cms","connection_time":"1.79ms"}
[2025-09-28 15:34:36] INFO: Database connection established {"driver":"mysql","host":"db","database":"block_cms","connection_time":"2.96ms"}
[2025-09-28 15:34:59] INFO: Database connection established {"driver":"mysql","host":"db","database":"block_cms","connection_time":"1.36ms"}
[2025-09-28 15:35:21] INFO: Database connection established {"driver":"mysql","host":"db","database":"block_cms","connection_time":"1.85ms"}
[2025-09-28 15:35:44] INFO: Database connection established {"driver":"mysql","host":"db","database":"block_cms","connection_time":"1.67ms"}
[2025-09-28 15:36:13] INFO: Database connection established {"driver":"mysql","host":"db","database":"block_cms","connection_time":"1.18ms"}
[2025-09-28 15:36:16] INFO: Database connection established {"driver":"mysql","host":"db","database":"block_cms","connection_time":"1.14ms"}
[2025-09-28 15:36:21] INFO: Database connection established {"driver":"mysql","host":"db","database":"block_cms","connection_time":"1.23ms"}
[2025-09-28 15:39:58] INFO: Database connection established {"driver":"mysql","host":"db","database":"block_cms","connection_time":"0.74ms"}
[2025-09-28 15:39:59] INFO: Database connection established {"driver":"mysql","host":"db","database":"block_cms","connection_time":"1.73ms"}
[2025-09-28 15:39:59] INFO: Database connection established {"driver":"mysql","host":"db","database":"block_cms","connection_time":"1.73ms"}
[2025-09-28 15:39:59] INFO: Database connection established {"driver":"mysql","host":"db","database":"block_cms","connection_time":"1.36ms"}
[2025-09-28 15:40:03] INFO: Database connection established {"driver":"mysql","host":"db","database":"block_cms","connection_time":"0.93ms"}
[2025-09-28 15:40:48] INFO: Database connection established {"driver":"mysql","host":"db","database":"block_cms","connection_time":"2.57ms"}
[2025-09-28 15:40:48] INFO: Database connection established {"driver":"mysql","host":"db","database":"block_cms","connection_time":"0.8ms"}
[2025-09-28 15:41:21] INFO: Database connection established {"driver":"mysql","host":"db","database":"block_cms","connection_time":"1.65ms"}
[2025-09-28 15:41:21] INFO: Database connection established {"driver":"mysql","host":"db","database":"block_cms","connection_time":"0.97ms"}
[2025-09-28 15:41:30] INFO: Database connection established {"driver":"mysql","host":"db","database":"block_cms","connection_time":"1.59ms"}
[2025-09-28 15:41:31] INFO: Database connection established {"driver":"mysql","host":"db","database":"block_cms","connection_time":"1.01ms"}
[2025-09-28 15:42:24] INFO: Database connection established {"driver":"mysql","host":"db","database":"block_cms","connection_time":"1.87ms"}
[2025-09-28 15:42:24] INFO: Database connection established {"driver":"mysql","host":"db","database":"block_cms","connection_time":"1.08ms"}
[2025-09-28 15:43:19] INFO: Database connection established {"driver":"mysql","host":"db","database":"block_cms","connection_time":"1.73ms"}
[2025-09-28 15:43:19] INFO: Database connection established {"driver":"mysql","host":"db","database":"block_cms","connection_time":"0.94ms"}
[2025-09-28 15:44:08] INFO: Database connection established {"driver":"mysql","host":"db","database":"block_cms","connection_time":"1.1ms"}
[2025-09-28 15:44:08] INFO: Database connection established {"driver":"mysql","host":"db","database":"block_cms","connection_time":"0.69ms"}
[2025-09-28 15:44:28] INFO: Database connection established {"driver":"mysql","host":"db","database":"block_cms","connection_time":"1.28ms"}
[2025-09-28 15:44:28] INFO: Database connection established {"driver":"mysql","host":"db","database":"block_cms","connection_time":"0.75ms"}
[2025-09-28 15:45:20] INFO: Database connection established {"driver":"mysql","host":"db","database":"block_cms","connection_time":"1.56ms"}
[2025-09-28 15:45:20] INFO: Database connection established {"driver":"mysql","host":"db","database":"block_cms","connection_time":"0.69ms"}
[2025-09-28 15:45:37] INFO: Database connection established {"driver":"mysql","host":"db","database":"block_cms","connection_time":"2.36ms"}
[2025-09-28 15:45:37] INFO: Database connection established {"driver":"mysql","host":"db","database":"block_cms","connection_time":"0.8ms"}
[2025-09-28 15:47:06] INFO: Database connection established {"driver":"mysql","host":"db","database":"block_cms","connection_time":"1.72ms"}
[2025-09-28 15:47:06] INFO: Database connection established {"driver":"mysql","host":"db","database":"block_cms","connection_time":"0.91ms"}
[2025-09-28 15:48:16] INFO: Database connection established {"driver":"mysql","host":"db","database":"block_cms","connection_time":"2.44ms"}
[2025-09-28 15:48:16] INFO: Database connection established {"driver":"mysql","host":"db","database":"block_cms","connection_time":"0.88ms"}
[2025-09-28 15:48:26] INFO: Database connection established {"driver":"mysql","host":"db","database":"block_cms","connection_time":"1.37ms"}
[2025-09-28 15:48:26] INFO: Database connection established {"driver":"mysql","host":"db","database":"block_cms","connection_time":"0.91ms"}
[2025-09-28 15:48:58] INFO: Database connection established {"driver":"mysql","host":"db","database":"block_cms","connection_time":"0.87ms"}
[2025-09-28 15:48:58] INFO: Database connection established {"driver":"mysql","host":"db","database":"block_cms","connection_time":"0.84ms"}
[2025-09-28 15:49:02] INFO: Database connection established {"driver":"mysql","host":"db","database":"block_cms","connection_time":"0.98ms"}
[2025-09-28 15:49:02] INFO: Database connection established {"driver":"mysql","host":"db","database":"block_cms","connection_time":"0.78ms"}
[2025-09-28 15:49:04] INFO: Database connection established {"driver":"mysql","host":"db","database":"block_cms","connection_time":"1.58ms"}
[2025-09-28 15:49:04] INFO: Database connection established {"driver":"mysql","host":"db","database":"block_cms","connection_time":"0.58ms"}
[2025-09-28 15:49:05] INFO: Database connection established {"driver":"mysql","host":"db","database":"block_cms","connection_time":"1.02ms"}
[2025-09-28 15:49:05] INFO: Database connection established {"driver":"mysql","host":"db","database":"block_cms","connection_time":"1.31ms"}
[2025-09-28 15:49:09] INFO: Database connection established {"driver":"mysql","host":"db","database":"block_cms","connection_time":"1.03ms"}
[2025-09-28 15:49:09] INFO: Database connection established {"driver":"mysql","host":"db","database":"block_cms","connection_time":"1.84ms"}
[2025-09-28 15:49:10] INFO: Database connection established {"driver":"mysql","host":"db","database":"block_cms","connection_time":"1.16ms"}
[2025-09-28 15:49:10] INFO: Database connection established {"driver":"mysql","host":"db","database":"block_cms","connection_time":"0.84ms"}
[2025-09-28 15:49:17] INFO: Database connection established {"driver":"mysql","host":"db","database":"block_cms","connection_time":"0.91ms"}
[2025-09-28 15:49:17] INFO: Database connection established {"driver":"mysql","host":"db","database":"block_cms","connection_time":"0.69ms"}
[2025-09-28 15:49:22] INFO: Database connection established {"driver":"mysql","host":"db","database":"block_cms","connection_time":"1.91ms"}
[2025-09-28 15:49:22] INFO: Database connection established {"driver":"mysql","host":"db","database":"block_cms","connection_time":"0.76ms"}
[2025-09-28 15:49:32] INFO: Database connection established {"driver":"mysql","host":"db","database":"block_cms","connection_time":"1.75ms"}
[2025-09-28 15:49:32] INFO: Database connection established {"driver":"mysql","host":"db","database":"block_cms","connection_time":"0.85ms"}
[2025-09-28 15:49:33] INFO: Database connection established {"driver":"mysql","host":"db","database":"block_cms","connection_time":"1.14ms"}
[2025-09-28 15:49:33] INFO: Database connection established {"driver":"mysql","host":"db","database":"block_cms","connection_time":"0.95ms"}
[2025-09-28 15:51:36] INFO: Database connection established {"driver":"mysql","host":"db","database":"block_cms","connection_time":"1.14ms"}
[2025-09-28 15:51:36] INFO: Database connection established {"driver":"mysql","host":"db","database":"block_cms","connection_time":"1.11ms"}
[2025-09-28 15:51:51] INFO: Database connection established {"driver":"mysql","host":"db","database":"block_cms","connection_time":"1.09ms"}
[2025-09-28 15:51:51] INFO: Database connection established {"driver":"mysql","host":"db","database":"block_cms","connection_time":"0.62ms"}
[2025-09-28 15:51:52] INFO: Database connection established {"driver":"mysql","host":"db","database":"block_cms","connection_time":"1.61ms"}
[2025-09-28 15:51:52] INFO: Database connection established {"driver":"mysql","host":"db","database":"block_cms","connection_time":"1.27ms"}
[2025-09-28 15:56:55] INFO: Database connection established {"driver":"mysql","host":"db","database":"block_cms","connection_time":"1.73ms"}
[2025-09-28 15:56:55] INFO: Database connection established {"driver":"mysql","host":"db","database":"block_cms","connection_time":"0.79ms"}
[2025-09-28 15:57:35] INFO: Database connection established {"driver":"mysql","host":"db","database":"block_cms","connection_time":"2.1ms"}
[2025-09-28 15:57:35] INFO: Database connection established {"driver":"mysql","host":"db","database":"block_cms","connection_time":"0.65ms"}
[2025-09-28 16:18:33] INFO: Database connection established {"driver":"mysql","host":"db","database":"block_cms","connection_time":"0.92ms"}
[2025-09-28 16:18:33] INFO: Database connection established {"driver":"mysql","host":"db","database":"block_cms","connection_time":"0.87ms"}
[2025-09-28 16:18:33] INFO: Database connection established {"driver":"mysql","host":"db","database":"block_cms","connection_time":"0.66ms"}
[2025-09-28 16:18:33] INFO: Database connection established {"driver":"mysql","host":"db","database":"block_cms","connection_time":"0.52ms"}
[2025-09-28 16:30:56] INFO: Database connection established {"driver":"mysql","host":"127.0.0.1","database":"block_cms","connection_time":"3.14ms"}
[2025-09-28 16:30:56] INFO: Database connection established {"driver":"mysql","host":"127.0.0.1","database":"block_cms","connection_time":"1.78ms"}
[2025-09-28 16:30:56] DEBUG: Record inserted {"table":"blocks","insert_id":71,"data_keys":["page_id","type","data","order","created_at","updated_at"]}
[2025-09-28 16:30:56] DEBUG: Record inserted {"table":"blocks","insert_id":72,"data_keys":["page_id","type","data","order","created_at","updated_at"]}
[2025-09-28 16:30:56] DEBUG: Record inserted {"table":"blocks","insert_id":73,"data_keys":["page_id","type","data","order","created_at","updated_at"]}
[2025-09-28 16:30:56] DEBUG: Record inserted {"table":"blocks","insert_id":74,"data_keys":["page_id","type","data","order","created_at","updated_at"]}
[2025-09-28 16:30:56] DEBUG: Record inserted {"table":"blocks","insert_id":75,"data_keys":["page_id","type","data","order","created_at","updated_at"]}
[2025-09-28 16:30:56] DEBUG: Record inserted {"table":"blocks","insert_id":76,"data_keys":["page_id","type","data","order","created_at","updated_at"]}
[2025-09-28 16:31:08] INFO: Database connection established {"driver":"mysql","host":"db","database":"block_cms","connection_time":"1.04ms"}
[2025-09-28 16:31:08] INFO: Database connection established {"driver":"mysql","host":"db","database":"block_cms","connection_time":"0.87ms"}
[2025-09-28 16:31:11] INFO: Database connection established {"driver":"mysql","host":"db","database":"block_cms","connection_time":"1.29ms"}
[2025-09-28 16:31:11] INFO: Database connection established {"driver":"mysql","host":"db","database":"block_cms","connection_time":"0.78ms"}
[2025-09-28 16:31:52] INFO: Database connection established {"driver":"mysql","host":"db","database":"block_cms","connection_time":"1.85ms"}
[2025-09-28 16:31:52] INFO: Database connection established {"driver":"mysql","host":"db","database":"block_cms","connection_time":"0.78ms"}
[2025-09-28 16:31:58] INFO: Database connection established {"driver":"mysql","host":"db","database":"block_cms","connection_time":"1.27ms"}
[2025-09-28 16:31:58] INFO: Database connection established {"driver":"mysql","host":"db","database":"block_cms","connection_time":"1ms"}
[2025-09-28 16:33:15] INFO: Database connection established {"driver":"mysql","host":"db","database":"block_cms","connection_time":"1.67ms"}
[2025-09-28 16:33:15] INFO: Database connection established {"driver":"mysql","host":"db","database":"block_cms","connection_time":"0.82ms"}
[2025-09-28 16:33:18] INFO: Database connection established {"driver":"mysql","host":"db","database":"block_cms","connection_time":"1.69ms"}
[2025-09-28 16:33:18] INFO: Database connection established {"driver":"mysql","host":"db","database":"block_cms","connection_time":"0.99ms"}
[2025-09-28 16:33:19] INFO: Database connection established {"driver":"mysql","host":"db","database":"block_cms","connection_time":"2.42ms"}
[2025-09-28 16:33:19] INFO: Database connection established {"driver":"mysql","host":"db","database":"block_cms","connection_time":"0.84ms"}
[2025-09-28 16:33:19] INFO: Database connection established {"driver":"mysql","host":"db","database":"block_cms","connection_time":"1.05ms"}
[2025-09-28 16:33:19] INFO: Database connection established {"driver":"mysql","host":"db","database":"block_cms","connection_time":"0.87ms"}
[2025-09-28 16:34:11] INFO: Database connection established {"driver":"mysql","host":"db","database":"block_cms","connection_time":"3.9ms"}
[2025-09-28 16:34:11] INFO: Database connection established {"driver":"mysql","host":"db","database":"block_cms","connection_time":"0.86ms"}
[2025-09-28 16:34:49] INFO: Database connection established {"driver":"mysql","host":"db","database":"block_cms","connection_time":"0.6ms"}
[2025-09-28 16:34:49] INFO: Database connection established {"driver":"mysql","host":"db","database":"block_cms","connection_time":"0.69ms"}
[2025-09-28 16:34:55] INFO: Database connection established {"driver":"mysql","host":"db","database":"block_cms","connection_time":"1.47ms"}
[2025-09-28 16:34:55] INFO: Database connection established {"driver":"mysql","host":"db","database":"block_cms","connection_time":"0.95ms"}
[2025-09-28 16:41:01] INFO: Database connection established {"driver":"mysql","host":"db","database":"block_cms","connection_time":"1.66ms"}
[2025-09-28 16:41:01] INFO: Database connection established {"driver":"mysql","host":"db","database":"block_cms","connection_time":"0.94ms"}
[2025-09-28 16:42:41] INFO: Database connection established {"driver":"mysql","host":"db","database":"block_cms","connection_time":"1.61ms"}
[2025-09-28 16:42:41] INFO: Database connection established {"driver":"mysql","host":"db","database":"block_cms","connection_time":"1.01ms"}
[2025-09-28 16:43:05] INFO: Database connection established {"driver":"mysql","host":"db","database":"block_cms","connection_time":"1.81ms"}
[2025-09-28 16:43:05] INFO: Database connection established {"driver":"mysql","host":"db","database":"block_cms","connection_time":"0.89ms"}
[2025-09-28 16:44:16] INFO: Database connection established {"driver":"mysql","host":"db","database":"block_cms","connection_time":"1.88ms"}
[2025-09-28 16:44:16] INFO: Database connection established {"driver":"mysql","host":"db","database":"block_cms","connection_time":"0.81ms"}
[2025-09-28 16:44:17] INFO: Database connection established {"driver":"mysql","host":"db","database":"block_cms","connection_time":"0.6ms"}
[2025-09-28 16:44:17] INFO: Database connection established {"driver":"mysql","host":"db","database":"block_cms","connection_time":"0.67ms"}
[2025-09-28 16:44:17] INFO: Database connection established {"driver":"mysql","host":"db","database":"block_cms","connection_time":"0.77ms"}
[2025-09-28 16:44:17] INFO: Database connection established {"driver":"mysql","host":"db","database":"block_cms","connection_time":"0.83ms"}
[2025-09-28 16:44:17] INFO: Database connection established {"driver":"mysql","host":"db","database":"block_cms","connection_time":"1.03ms"}
[2025-09-28 16:44:17] INFO: Database connection established {"driver":"mysql","host":"db","database":"block_cms","connection_time":"0.91ms"}
[2025-09-28 16:44:17] INFO: Database connection established {"driver":"mysql","host":"db","database":"block_cms","connection_time":"1.04ms"}
[2025-09-28 16:44:17] INFO: Database connection established {"driver":"mysql","host":"db","database":"block_cms","connection_time":"0.92ms"}
[2025-09-28 16:44:17] INFO: Database connection established {"driver":"mysql","host":"db","database":"block_cms","connection_time":"1.48ms"}
[2025-09-28 16:44:17] INFO: Database connection established {"driver":"mysql","host":"db","database":"block_cms","connection_time":"0.9ms"}
[2025-09-28 16:44:17] INFO: Database connection established {"driver":"mysql","host":"db","database":"block_cms","connection_time":"1.1ms"}
[2025-09-28 16:44:17] INFO: Database connection established {"driver":"mysql","host":"db","database":"block_cms","connection_time":"0.95ms"}
[2025-09-28 16:44:18] INFO: Database connection established {"driver":"mysql","host":"db","database":"block_cms","connection_time":"1.09ms"}
[2025-09-28 16:44:18] INFO: Database connection established {"driver":"mysql","host":"db","database":"block_cms","connection_time":"0.81ms"}
[2025-09-28 16:44:18] INFO: Database connection established {"driver":"mysql","host":"db","database":"block_cms","connection_time":"1.6ms"}
[2025-09-28 16:44:18] INFO: Database connection established {"driver":"mysql","host":"db","database":"block_cms","connection_time":"0.99ms"}
[2025-09-28 16:44:29] INFO: Database connection established {"driver":"mysql","host":"db","database":"block_cms","connection_time":"1.61ms"}
[2025-09-28 16:44:29] INFO: Database connection established {"driver":"mysql","host":"db","database":"block_cms","connection_time":"1.12ms"}
[2025-09-28 16:44:46] INFO: Database connection established {"driver":"mysql","host":"db","database":"block_cms","connection_time":"0.98ms"}
[2025-09-28 16:44:46] INFO: Database connection established {"driver":"mysql","host":"db","database":"block_cms","connection_time":"0.78ms"}
[2025-09-28 16:47:54] INFO: Database connection established {"driver":"mysql","host":"db","database":"block_cms","connection_time":"1.75ms"}
[2025-09-28 16:47:54] INFO: Database connection established {"driver":"mysql","host":"db","database":"block_cms","connection_time":"1.04ms"}
[2025-09-28 16:48:37] INFO: Database connection established {"driver":"mysql","host":"db","database":"block_cms","connection_time":"1.57ms"}
[2025-09-28 16:48:37] INFO: Database connection established {"driver":"mysql","host":"db","database":"block_cms","connection_time":"0.99ms"}
[2025-09-28 16:48:47] INFO: Database connection established {"driver":"mysql","host":"db","database":"block_cms","connection_time":"1.07ms"}
[2025-09-28 16:48:47] INFO: Database connection established {"driver":"mysql","host":"db","database":"block_cms","connection_time":"0.79ms"}
[2025-09-28 16:50:01] INFO: Database connection established {"driver":"mysql","host":"db","database":"block_cms","connection_time":"1.58ms"}
[2025-09-28 16:50:01] INFO: Database connection established {"driver":"mysql","host":"db","database":"block_cms","connection_time":"0.84ms"}
[2025-09-28 16:50:13] INFO: Database connection established {"driver":"mysql","host":"db","database":"block_cms","connection_time":"1.77ms"}
[2025-09-28 16:50:13] INFO: Database connection established {"driver":"mysql","host":"db","database":"block_cms","connection_time":"1.19ms"}
[2025-09-28 16:51:12] INFO: Database connection established {"driver":"mysql","host":"db","database":"block_cms","connection_time":"1.06ms"}
[2025-09-28 16:51:12] INFO: Database connection established {"driver":"mysql","host":"db","database":"block_cms","connection_time":"1.04ms"}
