[2025-09-22 11:32:34] INFO: Database connection established {"driver":"mysql","host":"db","database":"block_cms","connection_time":"0.94ms"}
[2025-09-22 11:33:18] INFO: Database connection established {"driver":"mysql","host":"db","database":"block_cms","connection_time":"0.78ms"}
[2025-09-22 11:33:34] INFO: Database connection established {"driver":"mysql","host":"db","database":"block_cms","connection_time":"1.19ms"}
[2025-09-22 11:34:10] INFO: Database connection established {"driver":"mysql","host":"db","database":"block_cms","connection_time":"1.61ms"}
[2025-09-22 11:34:28] INFO: Database connection established {"driver":"mysql","host":"db","database":"block_cms","connection_time":"1.18ms"}
[2025-09-22 11:34:44] INFO: Database connection established {"driver":"mysql","host":"db","database":"block_cms","connection_time":"0.7ms"}
[2025-09-22 11:34:51] INFO: Database connection established {"driver":"mysql","host":"db","database":"block_cms","connection_time":"0.91ms"}
[2025-09-22 11:35:41] INFO: Database connection established {"driver":"mysql","host":"db","database":"block_cms","connection_time":"0.63ms"}
[2025-09-22 11:35:52] INFO: Database connection established {"driver":"mysql","host":"db","database":"block_cms","connection_time":"1.44ms"}
[2025-09-22 11:36:05] INFO: Database connection established {"driver":"mysql","host":"db","database":"block_cms","connection_time":"0.89ms"}
[2025-09-22 11:36:14] INFO: Database connection established {"driver":"mysql","host":"db","database":"block_cms","connection_time":"1.54ms"}
[2025-09-22 11:37:13] INFO: Database connection established {"driver":"mysql","host":"db","database":"block_cms","connection_time":"1.75ms"}
[2025-09-22 11:37:37] INFO: Database connection established {"driver":"mysql","host":"db","database":"block_cms","connection_time":"1.04ms"}
[2025-09-22 11:38:22] INFO: Database connection established {"driver":"mysql","host":"db","database":"block_cms","connection_time":"1.1ms"}
[2025-09-22 11:38:35] INFO: Database connection established {"driver":"mysql","host":"db","database":"block_cms","connection_time":"1.54ms"}
[2025-09-22 11:38:41] INFO: Database connection established {"driver":"mysql","host":"db","database":"block_cms","connection_time":"0.89ms"}
[2025-09-22 11:39:14] INFO: Database connection established {"driver":"mysql","host":"db","database":"block_cms","connection_time":"1.32ms"}
[2025-09-22 11:39:26] INFO: Database connection established {"driver":"mysql","host":"db","database":"block_cms","connection_time":"1.36ms"}
[2025-09-22 11:39:58] INFO: Database connection established {"driver":"mysql","host":"db","database":"block_cms","connection_time":"1.67ms"}
[2025-09-22 11:40:43] INFO: Database connection established {"driver":"mysql","host":"db","database":"block_cms","connection_time":"1.94ms"}
[2025-09-22 11:41:21] INFO: Database connection established {"driver":"mysql","host":"db","database":"block_cms","connection_time":"0.95ms"}
[2025-09-22 11:42:04] INFO: Database connection established {"driver":"mysql","host":"db","database":"block_cms","connection_time":"0.91ms"}
[2025-09-22 11:42:16] INFO: Database connection established {"driver":"mysql","host":"db","database":"block_cms","connection_time":"0.84ms"}
[2025-09-22 11:42:27] INFO: Database connection established {"driver":"mysql","host":"db","database":"block_cms","connection_time":"1.11ms"}
[2025-09-22 11:42:38] INFO: Database connection established {"driver":"mysql","host":"db","database":"block_cms","connection_time":"2.46ms"}
[2025-09-22 11:42:58] INFO: Database connection established {"driver":"mysql","host":"db","database":"block_cms","connection_time":"1.88ms"}
[2025-09-22 11:43:10] INFO: Database connection established {"driver":"mysql","host":"db","database":"block_cms","connection_time":"2.05ms"}
[2025-09-22 11:43:21] INFO: Database connection established {"driver":"mysql","host":"db","database":"block_cms","connection_time":"0.62ms"}
[2025-09-22 11:43:29] INFO: Database connection established {"driver":"mysql","host":"db","database":"block_cms","connection_time":"1.27ms"}
[2025-09-22 11:44:11] INFO: Database connection established {"driver":"mysql","host":"db","database":"block_cms","connection_time":"0.97ms"}
[2025-09-22 11:44:31] INFO: Database connection established {"driver":"mysql","host":"db","database":"block_cms","connection_time":"1.04ms"}
[2025-09-22 11:45:06] INFO: Database connection established {"driver":"mysql","host":"db","database":"block_cms","connection_time":"0.95ms"}
[2025-09-22 11:45:32] INFO: Database connection established {"driver":"mysql","host":"db","database":"block_cms","connection_time":"1.75ms"}
[2025-09-22 11:46:37] INFO: Database connection established {"driver":"mysql","host":"db","database":"block_cms","connection_time":"2.02ms"}
[2025-09-22 11:46:59] INFO: Database connection established {"driver":"mysql","host":"db","database":"block_cms","connection_time":"1.88ms"}
[2025-09-22 11:47:08] INFO: Database connection established {"driver":"mysql","host":"db","database":"block_cms","connection_time":"0.92ms"}
[2025-09-22 11:47:24] INFO: Database connection established {"driver":"mysql","host":"db","database":"block_cms","connection_time":"0.92ms"}
[2025-09-22 11:47:42] INFO: Database connection established {"driver":"mysql","host":"db","database":"block_cms","connection_time":"1.13ms"}
[2025-09-22 11:47:57] INFO: Database connection established {"driver":"mysql","host":"db","database":"block_cms","connection_time":"1.06ms"}
[2025-09-22 11:51:57] INFO: Database connection established {"driver":"mysql","host":"db","database":"block_cms","connection_time":"1.44ms"}
[2025-09-22 11:52:30] INFO: Database connection established {"driver":"mysql","host":"db","database":"block_cms","connection_time":"1.41ms"}
[2025-09-22 11:52:50] INFO: Database connection established {"driver":"mysql","host":"db","database":"block_cms","connection_time":"1.56ms"}
[2025-09-22 11:53:04] INFO: Database connection established {"driver":"mysql","host":"db","database":"block_cms","connection_time":"1.7ms"}
[2025-09-22 11:53:12] INFO: Database connection established {"driver":"mysql","host":"db","database":"block_cms","connection_time":"1.73ms"}
[2025-09-22 11:54:01] INFO: Database connection established {"driver":"mysql","host":"db","database":"block_cms","connection_time":"1.05ms"}
[2025-09-22 11:54:09] INFO: Database connection established {"driver":"mysql","host":"db","database":"block_cms","connection_time":"0.92ms"}
[2025-09-22 11:54:28] INFO: Database connection established {"driver":"mysql","host":"db","database":"block_cms","connection_time":"0.99ms"}
[2025-09-22 11:57:06] INFO: Database connection established {"driver":"mysql","host":"db","database":"block_cms","connection_time":"1.1ms"}
[2025-09-22 11:57:24] INFO: Database connection established {"driver":"mysql","host":"db","database":"block_cms","connection_time":"0.8ms"}
[2025-09-22 11:57:39] INFO: Database connection established {"driver":"mysql","host":"db","database":"block_cms","connection_time":"1.34ms"}
[2025-09-22 11:57:48] INFO: Database connection established {"driver":"mysql","host":"db","database":"block_cms","connection_time":"1.17ms"}
[2025-09-22 11:58:06] INFO: Database connection established {"driver":"mysql","host":"db","database":"block_cms","connection_time":"7.84ms"}
[2025-09-22 11:58:18] INFO: Database connection established {"driver":"mysql","host":"db","database":"block_cms","connection_time":"1.17ms"}
[2025-09-22 11:58:29] INFO: Database connection established {"driver":"mysql","host":"db","database":"block_cms","connection_time":"1.96ms"}
[2025-09-22 11:58:48] INFO: Database connection established {"driver":"mysql","host":"db","database":"block_cms","connection_time":"1.01ms"}
[2025-09-22 11:59:17] INFO: Database connection established {"driver":"mysql","host":"db","database":"block_cms","connection_time":"0.89ms"}
[2025-09-22 11:59:37] INFO: Database connection established {"driver":"mysql","host":"db","database":"block_cms","connection_time":"0.57ms"}
[2025-09-22 11:59:51] INFO: Database connection established {"driver":"mysql","host":"db","database":"block_cms","connection_time":"1.38ms"}
[2025-09-22 12:01:26] INFO: Database connection established {"driver":"mysql","host":"db","database":"block_cms","connection_time":"0.87ms"}
[2025-09-22 12:01:52] INFO: Database connection established {"driver":"mysql","host":"db","database":"block_cms","connection_time":"1.11ms"}
[2025-09-22 12:02:06] INFO: Database connection established {"driver":"mysql","host":"db","database":"block_cms","connection_time":"0.92ms"}
[2025-09-22 12:02:10] INFO: Database connection established {"driver":"mysql","host":"db","database":"block_cms","connection_time":"2.04ms"}
[2025-09-22 12:02:42] INFO: Database connection established {"driver":"mysql","host":"db","database":"block_cms","connection_time":"0.93ms"}
[2025-09-22 12:03:12] INFO: Database connection established {"driver":"mysql","host":"db","database":"block_cms","connection_time":"0.98ms"}
[2025-09-22 12:03:55] INFO: Database connection established {"driver":"mysql","host":"db","database":"block_cms","connection_time":"0.94ms"}
[2025-09-22 12:04:12] INFO: Database connection established {"driver":"mysql","host":"db","database":"block_cms","connection_time":"1.77ms"}
[2025-09-22 12:04:26] INFO: Database connection established {"driver":"mysql","host":"db","database":"block_cms","connection_time":"0.88ms"}
[2025-09-22 12:05:08] INFO: Database connection established {"driver":"mysql","host":"db","database":"block_cms","connection_time":"1.44ms"}
[2025-09-22 12:05:17] INFO: Database connection established {"driver":"mysql","host":"db","database":"block_cms","connection_time":"1.07ms"}
[2025-09-22 12:06:55] INFO: Database connection established {"driver":"mysql","host":"db","database":"block_cms","connection_time":"1.22ms"}
[2025-09-22 12:07:11] INFO: Database connection established {"driver":"mysql","host":"db","database":"block_cms","connection_time":"0.95ms"}
[2025-09-22 12:07:18] INFO: Database connection established {"driver":"mysql","host":"db","database":"block_cms","connection_time":"1.64ms"}
[2025-09-22 12:07:44] INFO: Database connection established {"driver":"mysql","host":"db","database":"block_cms","connection_time":"0.68ms"}
[2025-09-22 12:07:53] INFO: Database connection established {"driver":"mysql","host":"db","database":"block_cms","connection_time":"1.5ms"}
[2025-09-22 12:08:08] INFO: Database connection established {"driver":"mysql","host":"db","database":"block_cms","connection_time":"1.09ms"}
[2025-09-22 12:08:28] INFO: Database connection established {"driver":"mysql","host":"db","database":"block_cms","connection_time":"1.65ms"}
[2025-09-22 12:08:40] INFO: Database connection established {"driver":"mysql","host":"db","database":"block_cms","connection_time":"0.94ms"}
[2025-09-22 12:15:26] INFO: Database connection established {"driver":"mysql","host":"db","database":"block_cms","connection_time":"1ms"}
[2025-09-22 12:15:52] INFO: Database connection established {"driver":"mysql","host":"db","database":"block_cms","connection_time":"0.56ms"}
[2025-09-22 12:16:05] INFO: Database connection established {"driver":"mysql","host":"db","database":"block_cms","connection_time":"0.87ms"}
[2025-09-22 12:16:16] INFO: Database connection established {"driver":"mysql","host":"db","database":"block_cms","connection_time":"1.29ms"}
[2025-09-22 12:16:53] INFO: Database connection established {"driver":"mysql","host":"db","database":"block_cms","connection_time":"1.11ms"}
[2025-09-22 12:17:01] INFO: Database connection established {"driver":"mysql","host":"db","database":"block_cms","connection_time":"1.18ms"}
[2025-09-22 12:17:20] INFO: Database connection established {"driver":"mysql","host":"db","database":"block_cms","connection_time":"1.04ms"}
[2025-09-22 12:17:30] INFO: Database connection established {"driver":"mysql","host":"db","database":"block_cms","connection_time":"0.97ms"}
[2025-09-22 12:17:37] INFO: Database connection established {"driver":"mysql","host":"db","database":"block_cms","connection_time":"1.56ms"}
[2025-09-22 12:17:41] INFO: Database connection established {"driver":"mysql","host":"db","database":"block_cms","connection_time":"1.73ms"}
[2025-09-22 12:17:53] INFO: Database connection established {"driver":"mysql","host":"db","database":"block_cms","connection_time":"1.02ms"}
[2025-09-22 12:18:22] INFO: Database connection established {"driver":"mysql","host":"db","database":"block_cms","connection_time":"0.89ms"}
[2025-09-22 12:18:27] INFO: Database connection established {"driver":"mysql","host":"db","database":"block_cms","connection_time":"1.97ms"}
[2025-09-22 12:18:31] INFO: Database connection established {"driver":"mysql","host":"db","database":"block_cms","connection_time":"1.76ms"}
[2025-09-22 12:18:50] INFO: Database connection established {"driver":"mysql","host":"db","database":"block_cms","connection_time":"1.04ms"}
[2025-09-22 12:19:32] INFO: Database connection established {"driver":"mysql","host":"db","database":"block_cms","connection_time":"0.74ms"}
[2025-09-22 12:20:01] INFO: Database connection established {"driver":"mysql","host":"db","database":"block_cms","connection_time":"1.29ms"}
[2025-09-22 12:20:24] INFO: Database connection established {"driver":"mysql","host":"db","database":"block_cms","connection_time":"0.59ms"}
[2025-09-22 12:20:35] INFO: Database connection established {"driver":"mysql","host":"db","database":"block_cms","connection_time":"1.98ms"}
[2025-09-22 12:22:15] INFO: Database connection established {"driver":"mysql","host":"db","database":"block_cms","connection_time":"1.03ms"}
[2025-09-22 12:23:14] INFO: Database connection established {"driver":"mysql","host":"db","database":"block_cms","connection_time":"1.95ms"}
[2025-09-22 12:23:29] INFO: Database connection established {"driver":"mysql","host":"db","database":"block_cms","connection_time":"1.81ms"}
[2025-09-22 12:24:14] INFO: Database connection established {"driver":"mysql","host":"db","database":"block_cms","connection_time":"1.84ms"}
[2025-09-22 12:24:40] INFO: Database connection established {"driver":"mysql","host":"db","database":"block_cms","connection_time":"1.07ms"}
[2025-09-22 14:15:36] INFO: Database connection established {"driver":"mysql","host":"db","database":"block_cms","connection_time":"0.88ms"}
[2025-09-22 14:15:43] INFO: Database connection established {"driver":"mysql","host":"db","database":"block_cms","connection_time":"0.87ms"}
[2025-09-22 14:16:13] INFO: Database connection established {"driver":"mysql","host":"db","database":"block_cms","connection_time":"1ms"}
[2025-09-22 14:16:25] INFO: Database connection established {"driver":"mysql","host":"db","database":"block_cms","connection_time":"1.24ms"}
[2025-09-22 14:16:38] INFO: Database connection established {"driver":"mysql","host":"db","database":"block_cms","connection_time":"1.38ms"}
[2025-09-22 14:16:44] INFO: Database connection established {"driver":"mysql","host":"db","database":"block_cms","connection_time":"0.75ms"}
[2025-09-22 14:18:00] INFO: Database connection established {"driver":"mysql","host":"db","database":"block_cms","connection_time":"0.96ms"}
[2025-09-22 14:18:16] INFO: Database connection established {"driver":"mysql","host":"db","database":"block_cms","connection_time":"1.67ms"}
[2025-09-22 14:25:07] INFO: Database connection established {"driver":"mysql","host":"db","database":"block_cms","connection_time":"0.7ms"}
[2025-09-22 14:25:07] DEBUG: Database transaction started
[2025-09-22 14:25:30] INFO: Database connection established {"driver":"mysql","host":"db","database":"block_cms","connection_time":"1.03ms"}
[2025-09-22 14:25:30] DEBUG: Database transaction started
[2025-09-22 14:25:30] INFO: Creating new page {"title":"test mike"}
[2025-09-22 14:25:30] DEBUG: Record inserted {"table":"pages","insert_id":44,"data_keys":["title","slug","status","meta_title","meta_description","published_at","created_at","updated_at"]}
[2025-09-22 14:25:30] INFO: Page created successfully {"page_id":44}
[2025-09-22 14:25:30] DEBUG: Record inserted {"table":"page_metadata","insert_id":26,"data_keys":["content_type","block_category","author","publish_date","expiry_date","visibility","password","featured","allow_comments","is_reusable_block","block_preview_image","page_id","created_at","updated_at"]}
[2025-09-22 14:25:30] DEBUG: Record inserted {"table":"page_seo","insert_id":26,"data_keys":["meta_keywords","canonical_url","no_index","no_follow","og_title","og_description","og_image","twitter_card","schema_markup","page_id","created_at","updated_at"]}
[2025-09-22 14:25:30] DEBUG: Record inserted {"table":"page_settings","insert_id":25,"data_keys":["template","custom_css","custom_js","redirect_url","menu_order","parent_page","latitude","longitude","address","price","currency","sale_price","recurring","recurring_period","page_id","created_at","updated_at"]}
[2025-09-22 14:25:30] DEBUG: Record inserted {"table":"page_social","insert_id":23,"data_keys":["enable_sharing","platforms","share_text","share_hashtags","share_via","track_shares","track_clicks","pixel_ids","gtm_events","show_follower_count","show_share_count","show_recent_activity","testimonial_integration","auto_embed_links","embed_width","embed_height","lazy_load_embeds","page_id","created_at","updated_at"]}
[2025-09-22 14:25:30] DEBUG: Records deleted {"table":"page_categories","affected_rows":0,"where_conditions":["page_id"]}
[2025-09-22 14:25:30] DEBUG: Record inserted {"table":"categories","insert_id":67,"data_keys":["name","slug","is_active","created_at","updated_at"]}
[2025-09-22 14:25:30] DEBUG: Record inserted {"table":"page_categories","insert_id":66,"data_keys":["page_id","category_id","created_at","updated_at"]}
[2025-09-22 14:25:30] DEBUG: Record inserted {"table":"categories","insert_id":68,"data_keys":["name","slug","is_active","created_at","updated_at"]}
[2025-09-22 14:25:30] DEBUG: Record inserted {"table":"page_categories","insert_id":67,"data_keys":["page_id","category_id","created_at","updated_at"]}
[2025-09-22 14:25:30] DEBUG: Record inserted {"table":"categories","insert_id":69,"data_keys":["name","slug","is_active","created_at","updated_at"]}
[2025-09-22 14:25:30] DEBUG: Record inserted {"table":"page_categories","insert_id":68,"data_keys":["page_id","category_id","created_at","updated_at"]}
[2025-09-22 14:25:30] DEBUG: Records deleted {"table":"page_tags","affected_rows":0,"where_conditions":["page_id"]}
[2025-09-22 14:25:30] DEBUG: Record inserted {"table":"tags","insert_id":60,"data_keys":["name","slug","usage_count","created_at","updated_at"]}
[2025-09-22 14:25:30] DEBUG: Record inserted {"table":"page_tags","insert_id":60,"data_keys":["page_id","tag_id","created_at","updated_at"]}
[2025-09-22 14:25:30] DEBUG: Record inserted {"table":"tags","insert_id":61,"data_keys":["name","slug","usage_count","created_at","updated_at"]}
[2025-09-22 14:25:30] DEBUG: Record inserted {"table":"page_tags","insert_id":61,"data_keys":["page_id","tag_id","created_at","updated_at"]}
[2025-09-22 14:25:30] DEBUG: Record inserted {"table":"tags","insert_id":62,"data_keys":["name","slug","usage_count","created_at","updated_at"]}
[2025-09-22 14:25:30] DEBUG: Record inserted {"table":"page_tags","insert_id":62,"data_keys":["page_id","tag_id","created_at","updated_at"]}
[2025-09-22 14:25:58] INFO: Database connection established {"driver":"mysql","host":"db","database":"block_cms","connection_time":"0.86ms"}
[2025-09-22 14:25:58] DEBUG: Database transaction started
[2025-09-22 14:25:58] INFO: Creating new page {"title":"test mike"}
[2025-09-22 14:25:58] DEBUG: Record inserted {"table":"pages","insert_id":45,"data_keys":["title","slug","status","meta_title","meta_description","published_at","created_at","updated_at"]}
[2025-09-22 14:25:58] INFO: Page created successfully {"page_id":45}
[2025-09-22 14:25:58] DEBUG: Record inserted {"table":"page_metadata","insert_id":27,"data_keys":["content_type","block_category","author","publish_date","expiry_date","visibility","password","featured","allow_comments","is_reusable_block","block_preview_image","page_id","created_at","updated_at"]}
[2025-09-22 14:25:58] DEBUG: Record inserted {"table":"page_seo","insert_id":27,"data_keys":["meta_keywords","canonical_url","no_index","no_follow","og_title","og_description","og_image","twitter_card","schema_markup","page_id","created_at","updated_at"]}
[2025-09-22 14:25:58] DEBUG: Record inserted {"table":"page_settings","insert_id":26,"data_keys":["template","custom_css","custom_js","redirect_url","menu_order","parent_page","latitude","longitude","address","price","currency","sale_price","recurring","recurring_period","page_id","created_at","updated_at"]}
[2025-09-22 14:25:58] DEBUG: Record inserted {"table":"page_social","insert_id":24,"data_keys":["enable_sharing","platforms","share_text","share_hashtags","share_via","track_shares","track_clicks","pixel_ids","gtm_events","show_follower_count","show_share_count","show_recent_activity","testimonial_integration","auto_embed_links","embed_width","embed_height","lazy_load_embeds","page_id","created_at","updated_at"]}
[2025-09-22 14:25:58] DEBUG: Records deleted {"table":"page_categories","affected_rows":0,"where_conditions":["page_id"]}
[2025-09-22 14:25:58] DEBUG: Record inserted {"table":"categories","insert_id":70,"data_keys":["name","slug","is_active","created_at","updated_at"]}
[2025-09-22 14:25:58] DEBUG: Record inserted {"table":"page_categories","insert_id":69,"data_keys":["page_id","category_id","created_at","updated_at"]}
[2025-09-22 14:25:58] DEBUG: Record inserted {"table":"categories","insert_id":71,"data_keys":["name","slug","is_active","created_at","updated_at"]}
[2025-09-22 14:25:58] DEBUG: Record inserted {"table":"page_categories","insert_id":70,"data_keys":["page_id","category_id","created_at","updated_at"]}
[2025-09-22 14:25:58] DEBUG: Record inserted {"table":"categories","insert_id":72,"data_keys":["name","slug","is_active","created_at","updated_at"]}
[2025-09-22 14:25:58] DEBUG: Record inserted {"table":"page_categories","insert_id":71,"data_keys":["page_id","category_id","created_at","updated_at"]}
[2025-09-22 14:25:58] DEBUG: Records deleted {"table":"page_tags","affected_rows":0,"where_conditions":["page_id"]}
[2025-09-22 14:25:58] DEBUG: Record inserted {"table":"tags","insert_id":63,"data_keys":["name","slug","usage_count","created_at","updated_at"]}
[2025-09-22 14:25:58] DEBUG: Record inserted {"table":"page_tags","insert_id":63,"data_keys":["page_id","tag_id","created_at","updated_at"]}
[2025-09-22 14:25:58] DEBUG: Record inserted {"table":"tags","insert_id":64,"data_keys":["name","slug","usage_count","created_at","updated_at"]}
[2025-09-22 14:25:58] DEBUG: Record inserted {"table":"page_tags","insert_id":64,"data_keys":["page_id","tag_id","created_at","updated_at"]}
[2025-09-22 14:25:58] DEBUG: Record inserted {"table":"tags","insert_id":65,"data_keys":["name","slug","usage_count","created_at","updated_at"]}
[2025-09-22 14:25:58] DEBUG: Record inserted {"table":"page_tags","insert_id":65,"data_keys":["page_id","tag_id","created_at","updated_at"]}
[2025-09-22 14:27:17] INFO: Database connection established {"driver":"mysql","host":"db","database":"block_cms","connection_time":"1.14ms"}
[2025-09-22 14:27:17] DEBUG: Database transaction started
[2025-09-22 14:27:17] INFO: Creating new page {"title":"test mike"}
[2025-09-22 14:29:24] INFO: Database connection established {"driver":"mysql","host":"db","database":"block_cms","connection_time":"0.74ms"}
[2025-09-22 14:29:52] INFO: Database connection established {"driver":"mysql","host":"db","database":"block_cms","connection_time":"1.03ms"}
[2025-09-22 14:29:52] DEBUG: Database transaction started
[2025-09-22 14:30:10] INFO: Database connection established {"driver":"mysql","host":"db","database":"block_cms","connection_time":"1.79ms"}
[2025-09-22 14:30:10] DEBUG: Database transaction started
[2025-09-22 14:30:10] INFO: Creating new page {"title":"test mike"}
[2025-09-22 14:33:14] INFO: Database connection established {"driver":"mysql","host":"db","database":"block_cms","connection_time":"2.91ms"}
[2025-09-22 14:33:14] DEBUG: Database transaction started
[2025-09-22 14:33:50] INFO: Database connection established {"driver":"mysql","host":"db","database":"block_cms","connection_time":"1.09ms"}
[2025-09-22 14:33:50] DEBUG: Database transaction started
[2025-09-22 14:34:34] INFO: Database connection established {"driver":"mysql","host":"db","database":"block_cms","connection_time":"0.56ms"}
[2025-09-22 14:34:34] DEBUG: Database transaction started
[2025-09-22 14:35:47] INFO: Database connection established {"driver":"mysql","host":"db","database":"block_cms","connection_time":"1.34ms"}
[2025-09-22 14:35:47] DEBUG: Database transaction started
[2025-09-22 14:36:31] INFO: Database connection established {"driver":"mysql","host":"db","database":"block_cms","connection_time":"1.53ms"}
[2025-09-22 14:36:31] DEBUG: Database transaction started
[2025-09-22 14:37:20] INFO: Database connection established {"driver":"mysql","host":"db","database":"block_cms","connection_time":"1.51ms"}
[2025-09-22 14:37:20] DEBUG: Database transaction started
[2025-09-22 14:37:28] INFO: Database connection established {"driver":"mysql","host":"db","database":"block_cms","connection_time":"1.04ms"}
[2025-09-22 14:37:28] DEBUG: Database transaction started
[2025-09-22 14:37:28] DEBUG: Records updated {"table":"pages","affected_rows":1,"where_conditions":["id"]}
[2025-09-22 14:37:41] INFO: Database connection established {"driver":"mysql","host":"db","database":"block_cms","connection_time":"0.89ms"}
[2025-09-22 14:37:41] DEBUG: Database transaction started
[2025-09-22 14:37:41] DEBUG: Records updated {"table":"pages","affected_rows":1,"where_conditions":["id"]}
[2025-09-22 14:38:10] INFO: Database connection established {"driver":"mysql","host":"db","database":"block_cms","connection_time":"0.88ms"}
[2025-09-22 14:38:10] DEBUG: Database transaction started
[2025-09-22 14:38:10] DEBUG: Records updated {"table":"pages","affected_rows":1,"where_conditions":["id"]}
[2025-09-22 14:38:27] INFO: Database connection established {"driver":"mysql","host":"db","database":"block_cms","connection_time":"1.02ms"}
[2025-09-22 14:38:27] DEBUG: Database transaction started
[2025-09-22 14:38:27] DEBUG: Records updated {"table":"pages","affected_rows":1,"where_conditions":["id"]}
[2025-09-22 14:38:27] DEBUG: Records updated {"table":"page_metadata","affected_rows":1,"where_conditions":["id"]}
[2025-09-22 14:38:46] INFO: Database connection established {"driver":"mysql","host":"db","database":"block_cms","connection_time":"1.84ms"}
[2025-09-22 14:38:46] DEBUG: Database transaction started
[2025-09-22 14:38:46] DEBUG: Records updated {"table":"pages","affected_rows":1,"where_conditions":["id"]}
[2025-09-22 14:38:46] DEBUG: Records updated {"table":"page_metadata","affected_rows":1,"where_conditions":["id"]}
[2025-09-22 14:38:46] DEBUG: Records updated {"table":"page_seo","affected_rows":1,"where_conditions":["id"]}
[2025-09-22 14:38:46] DEBUG: Record inserted {"table":"page_settings","insert_id":27,"data_keys":["template","custom_css","custom_js","redirect_url","menu_order","parent_page","latitude","longitude","address","price","currency","sale_price","recurring","recurring_period","page_id","created_at","updated_at"]}
[2025-09-22 14:38:46] DEBUG: Record inserted {"table":"page_social","insert_id":25,"data_keys":["enable_sharing","platforms","share_text","share_hashtags","share_via","track_shares","track_clicks","pixel_ids","gtm_events","show_follower_count","show_share_count","show_recent_activity","testimonial_integration","auto_embed_links","embed_width","embed_height","lazy_load_embeds","page_id","created_at","updated_at"]}
[2025-09-22 14:38:46] DEBUG: Records deleted {"table":"page_categories","affected_rows":2,"where_conditions":["page_id"]}
[2025-09-22 14:38:46] DEBUG: Record inserted {"table":"categories","insert_id":73,"data_keys":["name","slug","is_active","created_at","updated_at"]}
[2025-09-22 14:38:46] DEBUG: Record inserted {"table":"page_categories","insert_id":72,"data_keys":["page_id","category_id","created_at","updated_at"]}
[2025-09-22 14:38:46] DEBUG: Record inserted {"table":"categories","insert_id":74,"data_keys":["name","slug","is_active","created_at","updated_at"]}
[2025-09-22 14:38:46] DEBUG: Record inserted {"table":"page_categories","insert_id":73,"data_keys":["page_id","category_id","created_at","updated_at"]}
[2025-09-22 14:38:46] DEBUG: Record inserted {"table":"categories","insert_id":75,"data_keys":["name","slug","is_active","created_at","updated_at"]}
[2025-09-22 14:38:46] DEBUG: Record inserted {"table":"page_categories","insert_id":74,"data_keys":["page_id","category_id","created_at","updated_at"]}
[2025-09-22 14:39:13] INFO: Database connection established {"driver":"mysql","host":"db","database":"block_cms","connection_time":"0.94ms"}
[2025-09-22 14:39:13] DEBUG: Database transaction started
[2025-09-22 14:39:13] DEBUG: Records updated {"table":"pages","affected_rows":1,"where_conditions":["id"]}
[2025-09-22 14:39:13] DEBUG: Records updated {"table":"page_metadata","affected_rows":1,"where_conditions":["id"]}
[2025-09-22 14:39:13] DEBUG: Records updated {"table":"page_seo","affected_rows":1,"where_conditions":["id"]}
[2025-09-22 14:39:13] DEBUG: Record inserted {"table":"page_settings","insert_id":28,"data_keys":["template","custom_css","custom_js","redirect_url","menu_order","parent_page","latitude","longitude","address","price","currency","sale_price","recurring","recurring_period","page_id","created_at","updated_at"]}
[2025-09-22 14:39:13] DEBUG: Record inserted {"table":"page_social","insert_id":26,"data_keys":["enable_sharing","platforms","share_text","share_hashtags","share_via","track_shares","track_clicks","pixel_ids","gtm_events","show_follower_count","show_share_count","show_recent_activity","testimonial_integration","auto_embed_links","embed_width","embed_height","lazy_load_embeds","page_id","created_at","updated_at"]}
[2025-09-22 14:39:37] INFO: Database connection established {"driver":"mysql","host":"db","database":"block_cms","connection_time":"1.08ms"}
[2025-09-22 14:39:37] DEBUG: Database transaction started
[2025-09-22 14:39:37] DEBUG: Records updated {"table":"pages","affected_rows":1,"where_conditions":["id"]}
[2025-09-22 14:39:37] DEBUG: Records updated {"table":"page_metadata","affected_rows":1,"where_conditions":["id"]}
[2025-09-22 14:39:37] DEBUG: Records updated {"table":"page_seo","affected_rows":1,"where_conditions":["id"]}
[2025-09-22 14:39:37] DEBUG: Record inserted {"table":"page_settings","insert_id":29,"data_keys":["template","custom_css","custom_js","redirect_url","menu_order","parent_page","latitude","longitude","address","price","currency","sale_price","recurring","recurring_period","page_id","created_at","updated_at"]}
[2025-09-22 14:39:37] DEBUG: Record inserted {"table":"page_social","insert_id":27,"data_keys":["enable_sharing","platforms","share_text","share_hashtags","share_via","track_shares","track_clicks","pixel_ids","gtm_events","show_follower_count","show_share_count","show_recent_activity","testimonial_integration","auto_embed_links","embed_width","embed_height","lazy_load_embeds","page_id","created_at","updated_at"]}
[2025-09-22 14:39:37] DEBUG: Records deleted {"table":"page_categories","affected_rows":2,"where_conditions":["page_id"]}
[2025-09-22 14:39:37] DEBUG: Record inserted {"table":"categories","insert_id":76,"data_keys":["name","slug","is_active","created_at","updated_at"]}
[2025-09-22 14:39:37] DEBUG: Record inserted {"table":"page_categories","insert_id":75,"data_keys":["page_id","category_id","created_at","updated_at"]}
[2025-09-22 14:39:37] DEBUG: Record inserted {"table":"categories","insert_id":77,"data_keys":["name","slug","is_active","created_at","updated_at"]}
[2025-09-22 14:39:37] DEBUG: Record inserted {"table":"page_categories","insert_id":76,"data_keys":["page_id","category_id","created_at","updated_at"]}
[2025-09-22 14:39:37] DEBUG: Record inserted {"table":"categories","insert_id":78,"data_keys":["name","slug","is_active","created_at","updated_at"]}
[2025-09-22 14:39:37] DEBUG: Record inserted {"table":"page_categories","insert_id":77,"data_keys":["page_id","category_id","created_at","updated_at"]}
[2025-09-22 14:39:49] INFO: Database connection established {"driver":"mysql","host":"db","database":"block_cms","connection_time":"1.18ms"}
[2025-09-22 14:39:49] DEBUG: Database transaction started
[2025-09-22 14:39:49] DEBUG: Records updated {"table":"pages","affected_rows":1,"where_conditions":["id"]}
[2025-09-22 14:39:49] DEBUG: Records updated {"table":"page_metadata","affected_rows":1,"where_conditions":["id"]}
[2025-09-22 14:39:49] DEBUG: Records updated {"table":"page_seo","affected_rows":1,"where_conditions":["id"]}
[2025-09-22 14:39:49] DEBUG: Record inserted {"table":"page_settings","insert_id":30,"data_keys":["template","custom_css","custom_js","redirect_url","menu_order","parent_page","latitude","longitude","address","price","currency","sale_price","recurring","recurring_period","page_id","created_at","updated_at"]}
[2025-09-22 14:39:49] DEBUG: Record inserted {"table":"page_social","insert_id":28,"data_keys":["enable_sharing","platforms","share_text","share_hashtags","share_via","track_shares","track_clicks","pixel_ids","gtm_events","show_follower_count","show_share_count","show_recent_activity","testimonial_integration","auto_embed_links","embed_width","embed_height","lazy_load_embeds","page_id","created_at","updated_at"]}
[2025-09-22 14:39:49] DEBUG: Records deleted {"table":"page_categories","affected_rows":2,"where_conditions":["page_id"]}
[2025-09-22 14:39:49] DEBUG: Record inserted {"table":"categories","insert_id":79,"data_keys":["name","slug","is_active","created_at","updated_at"]}
[2025-09-22 14:39:49] DEBUG: Record inserted {"table":"page_categories","insert_id":78,"data_keys":["page_id","category_id","created_at","updated_at"]}
[2025-09-22 14:39:49] DEBUG: Record inserted {"table":"categories","insert_id":80,"data_keys":["name","slug","is_active","created_at","updated_at"]}
[2025-09-22 14:39:49] DEBUG: Record inserted {"table":"page_categories","insert_id":79,"data_keys":["page_id","category_id","created_at","updated_at"]}
[2025-09-22 14:39:49] DEBUG: Record inserted {"table":"categories","insert_id":81,"data_keys":["name","slug","is_active","created_at","updated_at"]}
[2025-09-22 14:39:49] DEBUG: Record inserted {"table":"page_categories","insert_id":80,"data_keys":["page_id","category_id","created_at","updated_at"]}
[2025-09-22 14:40:39] INFO: Database connection established {"driver":"mysql","host":"db","database":"block_cms","connection_time":"0.89ms"}
[2025-09-22 14:40:39] DEBUG: Database transaction started
[2025-09-22 14:40:39] DEBUG: Records updated {"table":"pages","affected_rows":1,"where_conditions":["id"]}
[2025-09-22 14:40:39] DEBUG: Records updated {"table":"page_metadata","affected_rows":1,"where_conditions":["id"]}
[2025-09-22 14:40:39] DEBUG: Records updated {"table":"page_seo","affected_rows":1,"where_conditions":["id"]}
[2025-09-22 14:40:39] DEBUG: Record inserted {"table":"page_settings","insert_id":31,"data_keys":["template","custom_css","custom_js","redirect_url","menu_order","parent_page","latitude","longitude","address","price","currency","sale_price","recurring","recurring_period","page_id","created_at","updated_at"]}
[2025-09-22 14:40:39] DEBUG: Record inserted {"table":"page_social","insert_id":29,"data_keys":["enable_sharing","platforms","share_text","share_hashtags","share_via","track_shares","track_clicks","pixel_ids","gtm_events","show_follower_count","show_share_count","show_recent_activity","testimonial_integration","auto_embed_links","embed_width","embed_height","lazy_load_embeds","page_id","created_at","updated_at"]}
[2025-09-22 14:40:39] DEBUG: Records deleted {"table":"page_categories","affected_rows":2,"where_conditions":["page_id"]}
[2025-09-22 14:40:39] DEBUG: Record inserted {"table":"categories","insert_id":82,"data_keys":["name","slug","is_active","created_at","updated_at"]}
[2025-09-22 14:40:39] DEBUG: Record inserted {"table":"page_categories","insert_id":81,"data_keys":["page_id","category_id","created_at","updated_at"]}
[2025-09-22 14:40:39] DEBUG: Record inserted {"table":"categories","insert_id":83,"data_keys":["name","slug","is_active","created_at","updated_at"]}
[2025-09-22 14:40:39] DEBUG: Record inserted {"table":"page_categories","insert_id":82,"data_keys":["page_id","category_id","created_at","updated_at"]}
[2025-09-22 14:40:39] DEBUG: Record inserted {"table":"categories","insert_id":84,"data_keys":["name","slug","is_active","created_at","updated_at"]}
[2025-09-22 14:40:39] DEBUG: Record inserted {"table":"page_categories","insert_id":83,"data_keys":["page_id","category_id","created_at","updated_at"]}
[2025-09-22 14:41:20] INFO: Database connection established {"driver":"mysql","host":"db","database":"block_cms","connection_time":"1.54ms"}
[2025-09-22 14:41:20] DEBUG: Database transaction started
[2025-09-22 14:41:20] DEBUG: Records updated {"table":"pages","affected_rows":1,"where_conditions":["id"]}
[2025-09-22 14:41:20] DEBUG: Records updated {"table":"page_metadata","affected_rows":1,"where_conditions":["id"]}
[2025-09-22 14:41:20] DEBUG: Records updated {"table":"page_seo","affected_rows":1,"where_conditions":["id"]}
[2025-09-22 14:41:20] DEBUG: Record inserted {"table":"page_settings","insert_id":32,"data_keys":["template","custom_css","custom_js","redirect_url","menu_order","parent_page","latitude","longitude","address","price","currency","sale_price","recurring","recurring_period","page_id","created_at","updated_at"]}
[2025-09-22 14:41:20] DEBUG: Record inserted {"table":"page_social","insert_id":30,"data_keys":["enable_sharing","platforms","share_text","share_hashtags","share_via","track_shares","track_clicks","pixel_ids","gtm_events","show_follower_count","show_share_count","show_recent_activity","testimonial_integration","auto_embed_links","embed_width","embed_height","lazy_load_embeds","page_id","created_at","updated_at"]}
[2025-09-22 14:41:20] DEBUG: Records deleted {"table":"page_categories","affected_rows":2,"where_conditions":["page_id"]}
[2025-09-22 14:41:20] DEBUG: Record inserted {"table":"categories","insert_id":85,"data_keys":["name","slug","is_active","created_at","updated_at"]}
[2025-09-22 14:41:20] DEBUG: Record inserted {"table":"page_categories","insert_id":84,"data_keys":["page_id","category_id","created_at","updated_at"]}
[2025-09-22 14:41:20] DEBUG: Record inserted {"table":"categories","insert_id":86,"data_keys":["name","slug","is_active","created_at","updated_at"]}
[2025-09-22 14:41:20] DEBUG: Record inserted {"table":"page_categories","insert_id":85,"data_keys":["page_id","category_id","created_at","updated_at"]}
[2025-09-22 14:41:20] DEBUG: Record inserted {"table":"categories","insert_id":87,"data_keys":["name","slug","is_active","created_at","updated_at"]}
[2025-09-22 14:41:20] DEBUG: Record inserted {"table":"page_categories","insert_id":86,"data_keys":["page_id","category_id","created_at","updated_at"]}
[2025-09-22 14:41:20] DEBUG: Records deleted {"table":"page_tags","affected_rows":2,"where_conditions":["page_id"]}
[2025-09-22 14:41:50] INFO: Database connection established {"driver":"mysql","host":"db","database":"block_cms","connection_time":"1.3ms"}
[2025-09-22 14:41:50] DEBUG: Database transaction started
[2025-09-22 14:41:50] DEBUG: Records updated {"table":"pages","affected_rows":1,"where_conditions":["id"]}
[2025-09-22 14:41:50] DEBUG: Records updated {"table":"page_metadata","affected_rows":1,"where_conditions":["id"]}
[2025-09-22 14:41:50] DEBUG: Records updated {"table":"page_seo","affected_rows":1,"where_conditions":["id"]}
[2025-09-22 14:41:50] DEBUG: Record inserted {"table":"page_settings","insert_id":33,"data_keys":["template","custom_css","custom_js","redirect_url","menu_order","parent_page","latitude","longitude","address","price","currency","sale_price","recurring","recurring_period","page_id","created_at","updated_at"]}
[2025-09-22 14:41:50] DEBUG: Record inserted {"table":"page_social","insert_id":31,"data_keys":["enable_sharing","platforms","share_text","share_hashtags","share_via","track_shares","track_clicks","pixel_ids","gtm_events","show_follower_count","show_share_count","show_recent_activity","testimonial_integration","auto_embed_links","embed_width","embed_height","lazy_load_embeds","page_id","created_at","updated_at"]}
[2025-09-22 14:41:50] DEBUG: Records deleted {"table":"page_categories","affected_rows":2,"where_conditions":["page_id"]}
[2025-09-22 14:41:50] DEBUG: Record inserted {"table":"categories","insert_id":88,"data_keys":["name","slug","is_active","created_at","updated_at"]}
[2025-09-22 14:41:50] DEBUG: Record inserted {"table":"page_categories","insert_id":87,"data_keys":["page_id","category_id","created_at","updated_at"]}
[2025-09-22 14:41:50] DEBUG: Record inserted {"table":"categories","insert_id":89,"data_keys":["name","slug","is_active","created_at","updated_at"]}
[2025-09-22 14:41:50] DEBUG: Record inserted {"table":"page_categories","insert_id":88,"data_keys":["page_id","category_id","created_at","updated_at"]}
[2025-09-22 14:41:50] DEBUG: Record inserted {"table":"categories","insert_id":90,"data_keys":["name","slug","is_active","created_at","updated_at"]}
[2025-09-22 14:41:50] DEBUG: Record inserted {"table":"page_categories","insert_id":89,"data_keys":["page_id","category_id","created_at","updated_at"]}
[2025-09-22 14:41:50] DEBUG: Records deleted {"table":"page_tags","affected_rows":2,"where_conditions":["page_id"]}
[2025-09-22 14:42:03] INFO: Database connection established {"driver":"mysql","host":"db","database":"block_cms","connection_time":"2.18ms"}
[2025-09-22 14:42:03] DEBUG: Database transaction started
[2025-09-22 14:42:03] DEBUG: Records updated {"table":"pages","affected_rows":1,"where_conditions":["id"]}
[2025-09-22 14:42:03] DEBUG: Records updated {"table":"page_metadata","affected_rows":1,"where_conditions":["id"]}
[2025-09-22 14:42:03] DEBUG: Records updated {"table":"page_seo","affected_rows":1,"where_conditions":["id"]}
[2025-09-22 14:42:03] DEBUG: Record inserted {"table":"page_settings","insert_id":34,"data_keys":["template","custom_css","custom_js","redirect_url","menu_order","parent_page","latitude","longitude","address","price","currency","sale_price","recurring","recurring_period","page_id","created_at","updated_at"]}
[2025-09-22 14:42:03] DEBUG: Record inserted {"table":"page_social","insert_id":32,"data_keys":["enable_sharing","platforms","share_text","share_hashtags","share_via","track_shares","track_clicks","pixel_ids","gtm_events","show_follower_count","show_share_count","show_recent_activity","testimonial_integration","auto_embed_links","embed_width","embed_height","lazy_load_embeds","page_id","created_at","updated_at"]}
[2025-09-22 14:42:03] DEBUG: Records deleted {"table":"page_categories","affected_rows":2,"where_conditions":["page_id"]}
[2025-09-22 14:42:03] DEBUG: Record inserted {"table":"categories","insert_id":91,"data_keys":["name","slug","is_active","created_at","updated_at"]}
[2025-09-22 14:42:03] DEBUG: Record inserted {"table":"page_categories","insert_id":90,"data_keys":["page_id","category_id","created_at","updated_at"]}
[2025-09-22 14:42:03] DEBUG: Record inserted {"table":"categories","insert_id":92,"data_keys":["name","slug","is_active","created_at","updated_at"]}
[2025-09-22 14:42:03] DEBUG: Record inserted {"table":"page_categories","insert_id":91,"data_keys":["page_id","category_id","created_at","updated_at"]}
[2025-09-22 14:42:03] DEBUG: Record inserted {"table":"categories","insert_id":93,"data_keys":["name","slug","is_active","created_at","updated_at"]}
[2025-09-22 14:42:03] DEBUG: Record inserted {"table":"page_categories","insert_id":92,"data_keys":["page_id","category_id","created_at","updated_at"]}
[2025-09-22 14:42:03] DEBUG: Records deleted {"table":"page_tags","affected_rows":2,"where_conditions":["page_id"]}
[2025-09-22 14:42:15] INFO: Database connection established {"driver":"mysql","host":"db","database":"block_cms","connection_time":"1.48ms"}
[2025-09-22 14:42:15] DEBUG: Database transaction started
[2025-09-22 14:42:15] DEBUG: Records updated {"table":"pages","affected_rows":1,"where_conditions":["id"]}
[2025-09-22 14:42:15] DEBUG: Records updated {"table":"page_metadata","affected_rows":1,"where_conditions":["id"]}
[2025-09-22 14:42:15] DEBUG: Records updated {"table":"page_seo","affected_rows":1,"where_conditions":["id"]}
[2025-09-22 14:42:15] DEBUG: Record inserted {"table":"page_settings","insert_id":35,"data_keys":["template","custom_css","custom_js","redirect_url","menu_order","parent_page","latitude","longitude","address","price","currency","sale_price","recurring","recurring_period","page_id","created_at","updated_at"]}
[2025-09-22 14:42:15] DEBUG: Record inserted {"table":"page_social","insert_id":33,"data_keys":["enable_sharing","platforms","share_text","share_hashtags","share_via","track_shares","track_clicks","pixel_ids","gtm_events","show_follower_count","show_share_count","show_recent_activity","testimonial_integration","auto_embed_links","embed_width","embed_height","lazy_load_embeds","page_id","created_at","updated_at"]}
[2025-09-22 14:42:15] DEBUG: Records deleted {"table":"page_categories","affected_rows":2,"where_conditions":["page_id"]}
[2025-09-22 14:42:15] DEBUG: Record inserted {"table":"categories","insert_id":94,"data_keys":["name","slug","is_active","created_at","updated_at"]}
[2025-09-22 14:42:15] DEBUG: Record inserted {"table":"page_categories","insert_id":93,"data_keys":["page_id","category_id","created_at","updated_at"]}
[2025-09-22 14:42:15] DEBUG: Record inserted {"table":"categories","insert_id":95,"data_keys":["name","slug","is_active","created_at","updated_at"]}
[2025-09-22 14:42:15] DEBUG: Record inserted {"table":"page_categories","insert_id":94,"data_keys":["page_id","category_id","created_at","updated_at"]}
[2025-09-22 14:42:15] DEBUG: Record inserted {"table":"categories","insert_id":96,"data_keys":["name","slug","is_active","created_at","updated_at"]}
[2025-09-22 14:42:15] DEBUG: Record inserted {"table":"page_categories","insert_id":95,"data_keys":["page_id","category_id","created_at","updated_at"]}
[2025-09-22 14:42:15] DEBUG: Records deleted {"table":"page_tags","affected_rows":2,"where_conditions":["page_id"]}
[2025-09-22 14:43:08] INFO: Database connection established {"driver":"mysql","host":"db","database":"block_cms","connection_time":"0.98ms"}
[2025-09-22 14:43:08] DEBUG: Database transaction started
[2025-09-22 14:43:08] DEBUG: Records updated {"table":"pages","affected_rows":1,"where_conditions":["id"]}
[2025-09-22 14:43:08] DEBUG: Records updated {"table":"page_metadata","affected_rows":1,"where_conditions":["id"]}
[2025-09-22 14:43:08] DEBUG: Records updated {"table":"page_seo","affected_rows":1,"where_conditions":["id"]}
[2025-09-22 14:43:08] DEBUG: Record inserted {"table":"page_settings","insert_id":36,"data_keys":["template","custom_css","custom_js","redirect_url","menu_order","parent_page","latitude","longitude","address","price","currency","sale_price","recurring","recurring_period","page_id","created_at","updated_at"]}
[2025-09-22 14:43:08] DEBUG: Record inserted {"table":"page_social","insert_id":34,"data_keys":["enable_sharing","platforms","share_text","share_hashtags","share_via","track_shares","track_clicks","pixel_ids","gtm_events","show_follower_count","show_share_count","show_recent_activity","testimonial_integration","auto_embed_links","embed_width","embed_height","lazy_load_embeds","page_id","created_at","updated_at"]}
[2025-09-22 14:43:08] DEBUG: Records deleted {"table":"page_categories","affected_rows":2,"where_conditions":["page_id"]}
[2025-09-22 14:43:08] DEBUG: Record inserted {"table":"categories","insert_id":97,"data_keys":["name","slug","is_active","created_at","updated_at"]}
[2025-09-22 14:43:08] DEBUG: Record inserted {"table":"page_categories","insert_id":96,"data_keys":["page_id","category_id","created_at","updated_at"]}
[2025-09-22 14:43:08] DEBUG: Record inserted {"table":"categories","insert_id":98,"data_keys":["name","slug","is_active","created_at","updated_at"]}
[2025-09-22 14:43:08] DEBUG: Record inserted {"table":"page_categories","insert_id":97,"data_keys":["page_id","category_id","created_at","updated_at"]}
[2025-09-22 14:43:08] DEBUG: Record inserted {"table":"categories","insert_id":99,"data_keys":["name","slug","is_active","created_at","updated_at"]}
[2025-09-22 14:43:08] DEBUG: Record inserted {"table":"page_categories","insert_id":98,"data_keys":["page_id","category_id","created_at","updated_at"]}
[2025-09-22 14:43:08] DEBUG: Records deleted {"table":"page_tags","affected_rows":2,"where_conditions":["page_id"]}
[2025-09-22 14:43:21] INFO: Database connection established {"driver":"mysql","host":"db","database":"block_cms","connection_time":"0.92ms"}
[2025-09-22 14:43:21] DEBUG: Database transaction started
[2025-09-22 14:43:21] DEBUG: Records updated {"table":"pages","affected_rows":1,"where_conditions":["id"]}
[2025-09-22 14:43:21] DEBUG: Records updated {"table":"page_metadata","affected_rows":1,"where_conditions":["id"]}
[2025-09-22 14:43:21] DEBUG: Records updated {"table":"page_seo","affected_rows":1,"where_conditions":["id"]}
[2025-09-22 14:43:21] DEBUG: Record inserted {"table":"page_settings","insert_id":37,"data_keys":["template","custom_css","custom_js","redirect_url","menu_order","parent_page","latitude","longitude","address","price","currency","sale_price","recurring","recurring_period","page_id","created_at","updated_at"]}
[2025-09-22 14:43:21] DEBUG: Record inserted {"table":"page_social","insert_id":35,"data_keys":["enable_sharing","platforms","share_text","share_hashtags","share_via","track_shares","track_clicks","pixel_ids","gtm_events","show_follower_count","show_share_count","show_recent_activity","testimonial_integration","auto_embed_links","embed_width","embed_height","lazy_load_embeds","page_id","created_at","updated_at"]}
[2025-09-22 14:43:21] DEBUG: Records deleted {"table":"page_categories","affected_rows":2,"where_conditions":["page_id"]}
[2025-09-22 14:43:21] DEBUG: Record inserted {"table":"categories","insert_id":100,"data_keys":["name","slug","is_active","created_at","updated_at"]}
[2025-09-22 14:43:21] DEBUG: Record inserted {"table":"page_categories","insert_id":99,"data_keys":["page_id","category_id","created_at","updated_at"]}
[2025-09-22 14:43:21] DEBUG: Record inserted {"table":"categories","insert_id":101,"data_keys":["name","slug","is_active","created_at","updated_at"]}
[2025-09-22 14:43:21] DEBUG: Record inserted {"table":"page_categories","insert_id":100,"data_keys":["page_id","category_id","created_at","updated_at"]}
[2025-09-22 14:43:21] DEBUG: Record inserted {"table":"categories","insert_id":102,"data_keys":["name","slug","is_active","created_at","updated_at"]}
[2025-09-22 14:43:21] DEBUG: Record inserted {"table":"page_categories","insert_id":101,"data_keys":["page_id","category_id","created_at","updated_at"]}
[2025-09-22 14:43:32] INFO: Database connection established {"driver":"mysql","host":"db","database":"block_cms","connection_time":"1.38ms"}
[2025-09-22 14:43:32] DEBUG: Database transaction started
[2025-09-22 14:43:32] DEBUG: Records updated {"table":"pages","affected_rows":1,"where_conditions":["id"]}
[2025-09-22 14:43:32] DEBUG: Records updated {"table":"page_metadata","affected_rows":1,"where_conditions":["id"]}
[2025-09-22 14:43:32] DEBUG: Records updated {"table":"page_seo","affected_rows":1,"where_conditions":["id"]}
[2025-09-22 14:43:32] DEBUG: Record inserted {"table":"page_settings","insert_id":38,"data_keys":["template","custom_css","custom_js","redirect_url","menu_order","parent_page","latitude","longitude","address","price","currency","sale_price","recurring","recurring_period","page_id","created_at","updated_at"]}
[2025-09-22 14:43:32] DEBUG: Record inserted {"table":"page_social","insert_id":36,"data_keys":["enable_sharing","platforms","share_text","share_hashtags","share_via","track_shares","track_clicks","pixel_ids","gtm_events","show_follower_count","show_share_count","show_recent_activity","testimonial_integration","auto_embed_links","embed_width","embed_height","lazy_load_embeds","page_id","created_at","updated_at"]}
[2025-09-22 14:43:32] DEBUG: Records deleted {"table":"page_categories","affected_rows":2,"where_conditions":["page_id"]}
[2025-09-22 14:43:32] DEBUG: Record inserted {"table":"categories","insert_id":103,"data_keys":["name","slug","is_active","created_at","updated_at"]}
[2025-09-22 14:43:32] DEBUG: Record inserted {"table":"page_categories","insert_id":102,"data_keys":["page_id","category_id","created_at","updated_at"]}
[2025-09-22 14:43:32] DEBUG: Record inserted {"table":"categories","insert_id":104,"data_keys":["name","slug","is_active","created_at","updated_at"]}
[2025-09-22 14:43:32] DEBUG: Record inserted {"table":"page_categories","insert_id":103,"data_keys":["page_id","category_id","created_at","updated_at"]}
[2025-09-22 14:43:32] DEBUG: Record inserted {"table":"categories","insert_id":105,"data_keys":["name","slug","is_active","created_at","updated_at"]}
[2025-09-22 14:43:32] DEBUG: Record inserted {"table":"page_categories","insert_id":104,"data_keys":["page_id","category_id","created_at","updated_at"]}
[2025-09-22 14:45:25] INFO: Database connection established {"driver":"mysql","host":"db","database":"block_cms","connection_time":"2.17ms"}
[2025-09-22 14:45:25] DEBUG: Database transaction started
[2025-09-22 14:45:25] DEBUG: Records updated {"table":"pages","affected_rows":1,"where_conditions":["id"]}
[2025-09-22 14:45:25] DEBUG: Records updated {"table":"page_metadata","affected_rows":1,"where_conditions":["id"]}
[2025-09-22 14:45:25] DEBUG: Records updated {"table":"page_seo","affected_rows":1,"where_conditions":["id"]}
[2025-09-22 14:45:25] DEBUG: Record inserted {"table":"page_settings","insert_id":39,"data_keys":["template","custom_css","custom_js","redirect_url","menu_order","parent_page","latitude","longitude","address","price","currency","sale_price","recurring","recurring_period","page_id","created_at","updated_at"]}
[2025-09-22 14:45:25] DEBUG: Record inserted {"table":"page_social","insert_id":37,"data_keys":["enable_sharing","platforms","share_text","share_hashtags","share_via","track_shares","track_clicks","pixel_ids","gtm_events","show_follower_count","show_share_count","show_recent_activity","testimonial_integration","auto_embed_links","embed_width","embed_height","lazy_load_embeds","page_id","created_at","updated_at"]}
[2025-09-22 14:45:25] DEBUG: Records deleted {"table":"page_categories","affected_rows":2,"where_conditions":["page_id"]}
[2025-09-22 14:45:25] DEBUG: Record inserted {"table":"categories","insert_id":106,"data_keys":["name","slug","is_active","created_at","updated_at"]}
[2025-09-22 14:45:25] DEBUG: Record inserted {"table":"page_categories","insert_id":105,"data_keys":["page_id","category_id","created_at","updated_at"]}
[2025-09-22 14:45:25] DEBUG: Record inserted {"table":"categories","insert_id":107,"data_keys":["name","slug","is_active","created_at","updated_at"]}
[2025-09-22 14:45:25] DEBUG: Record inserted {"table":"page_categories","insert_id":106,"data_keys":["page_id","category_id","created_at","updated_at"]}
[2025-09-22 14:45:25] DEBUG: Record inserted {"table":"categories","insert_id":108,"data_keys":["name","slug","is_active","created_at","updated_at"]}
[2025-09-22 14:45:25] DEBUG: Record inserted {"table":"page_categories","insert_id":107,"data_keys":["page_id","category_id","created_at","updated_at"]}
[2025-09-22 14:45:25] DEBUG: Records deleted {"table":"page_tags","affected_rows":2,"where_conditions":["page_id"]}
[2025-09-22 14:45:35] INFO: Database connection established {"driver":"mysql","host":"db","database":"block_cms","connection_time":"1.05ms"}
[2025-09-22 14:45:35] DEBUG: Database transaction started
[2025-09-22 14:45:35] DEBUG: Records updated {"table":"pages","affected_rows":1,"where_conditions":["id"]}
[2025-09-22 14:45:35] DEBUG: Records updated {"table":"page_metadata","affected_rows":1,"where_conditions":["id"]}
[2025-09-22 14:45:35] DEBUG: Records updated {"table":"page_seo","affected_rows":1,"where_conditions":["id"]}
[2025-09-22 14:45:35] DEBUG: Record inserted {"table":"page_settings","insert_id":40,"data_keys":["template","custom_css","custom_js","redirect_url","menu_order","parent_page","latitude","longitude","address","price","currency","sale_price","recurring","recurring_period","page_id","created_at","updated_at"]}
[2025-09-22 14:45:35] DEBUG: Record inserted {"table":"page_social","insert_id":38,"data_keys":["enable_sharing","platforms","share_text","share_hashtags","share_via","track_shares","track_clicks","pixel_ids","gtm_events","show_follower_count","show_share_count","show_recent_activity","testimonial_integration","auto_embed_links","embed_width","embed_height","lazy_load_embeds","page_id","created_at","updated_at"]}
[2025-09-22 14:45:35] DEBUG: Records deleted {"table":"page_categories","affected_rows":2,"where_conditions":["page_id"]}
[2025-09-22 14:45:35] DEBUG: Record inserted {"table":"categories","insert_id":109,"data_keys":["name","slug","is_active","created_at","updated_at"]}
[2025-09-22 14:45:35] DEBUG: Record inserted {"table":"page_categories","insert_id":108,"data_keys":["page_id","category_id","created_at","updated_at"]}
[2025-09-22 14:45:35] DEBUG: Record inserted {"table":"categories","insert_id":110,"data_keys":["name","slug","is_active","created_at","updated_at"]}
[2025-09-22 14:45:35] DEBUG: Record inserted {"table":"page_categories","insert_id":109,"data_keys":["page_id","category_id","created_at","updated_at"]}
[2025-09-22 14:45:35] DEBUG: Record inserted {"table":"categories","insert_id":111,"data_keys":["name","slug","is_active","created_at","updated_at"]}
[2025-09-22 14:45:35] DEBUG: Record inserted {"table":"page_categories","insert_id":110,"data_keys":["page_id","category_id","created_at","updated_at"]}
[2025-09-22 14:45:35] DEBUG: Records deleted {"table":"page_tags","affected_rows":2,"where_conditions":["page_id"]}
[2025-09-22 14:45:58] INFO: Database connection established {"driver":"mysql","host":"db","database":"block_cms","connection_time":"1.11ms"}
[2025-09-22 14:45:58] DEBUG: Database transaction started
[2025-09-22 14:45:58] DEBUG: Records updated {"table":"pages","affected_rows":1,"where_conditions":["id"]}
[2025-09-22 14:45:58] DEBUG: Records updated {"table":"page_metadata","affected_rows":1,"where_conditions":["id"]}
[2025-09-22 14:45:58] DEBUG: Records updated {"table":"page_seo","affected_rows":1,"where_conditions":["id"]}
[2025-09-22 14:45:58] DEBUG: Record inserted {"table":"page_settings","insert_id":41,"data_keys":["template","custom_css","custom_js","redirect_url","menu_order","parent_page","latitude","longitude","address","price","currency","sale_price","recurring","recurring_period","page_id","created_at","updated_at"]}
[2025-09-22 14:45:58] DEBUG: Record inserted {"table":"page_social","insert_id":39,"data_keys":["enable_sharing","platforms","share_text","share_hashtags","share_via","track_shares","track_clicks","pixel_ids","gtm_events","show_follower_count","show_share_count","show_recent_activity","testimonial_integration","auto_embed_links","embed_width","embed_height","lazy_load_embeds","page_id","created_at","updated_at"]}
[2025-09-22 14:45:58] DEBUG: Records deleted {"table":"page_categories","affected_rows":2,"where_conditions":["page_id"]}
[2025-09-22 14:45:58] DEBUG: Record inserted {"table":"categories","insert_id":112,"data_keys":["name","slug","is_active","created_at","updated_at"]}
[2025-09-22 14:45:58] DEBUG: Record inserted {"table":"page_categories","insert_id":111,"data_keys":["page_id","category_id","created_at","updated_at"]}
[2025-09-22 14:45:58] DEBUG: Record inserted {"table":"categories","insert_id":113,"data_keys":["name","slug","is_active","created_at","updated_at"]}
[2025-09-22 14:45:58] DEBUG: Record inserted {"table":"page_categories","insert_id":112,"data_keys":["page_id","category_id","created_at","updated_at"]}
[2025-09-22 14:45:58] DEBUG: Record inserted {"table":"categories","insert_id":114,"data_keys":["name","slug","is_active","created_at","updated_at"]}
[2025-09-22 14:45:58] DEBUG: Record inserted {"table":"page_categories","insert_id":113,"data_keys":["page_id","category_id","created_at","updated_at"]}
[2025-09-22 14:45:58] DEBUG: Records deleted {"table":"page_tags","affected_rows":2,"where_conditions":["page_id"]}
[2025-09-22 14:46:35] INFO: Database connection established {"driver":"mysql","host":"db","database":"block_cms","connection_time":"0.93ms"}
[2025-09-22 14:46:35] DEBUG: Database transaction started
[2025-09-22 14:46:35] DEBUG: Records updated {"table":"pages","affected_rows":1,"where_conditions":["id"]}
[2025-09-22 14:46:35] DEBUG: Records updated {"table":"page_metadata","affected_rows":1,"where_conditions":["id"]}
[2025-09-22 14:46:35] DEBUG: Records updated {"table":"page_seo","affected_rows":1,"where_conditions":["id"]}
[2025-09-22 14:46:35] DEBUG: Record inserted {"table":"page_settings","insert_id":42,"data_keys":["template","custom_css","custom_js","redirect_url","menu_order","parent_page","latitude","longitude","address","price","currency","sale_price","recurring","recurring_period","page_id","created_at","updated_at"]}
[2025-09-22 14:46:35] DEBUG: Record inserted {"table":"page_social","insert_id":40,"data_keys":["enable_sharing","platforms","share_text","share_hashtags","share_via","track_shares","track_clicks","pixel_ids","gtm_events","show_follower_count","show_share_count","show_recent_activity","testimonial_integration","auto_embed_links","embed_width","embed_height","lazy_load_embeds","page_id","created_at","updated_at"]}
[2025-09-22 14:46:35] DEBUG: Records deleted {"table":"page_categories","affected_rows":2,"where_conditions":["page_id"]}
[2025-09-22 14:46:35] DEBUG: Record inserted {"table":"categories","insert_id":115,"data_keys":["name","slug","is_active","created_at","updated_at"]}
[2025-09-22 14:46:35] DEBUG: Record inserted {"table":"page_categories","insert_id":114,"data_keys":["page_id","category_id","created_at","updated_at"]}
[2025-09-22 14:46:35] DEBUG: Record inserted {"table":"categories","insert_id":116,"data_keys":["name","slug","is_active","created_at","updated_at"]}
[2025-09-22 14:46:35] DEBUG: Record inserted {"table":"page_categories","insert_id":115,"data_keys":["page_id","category_id","created_at","updated_at"]}
[2025-09-22 14:46:35] DEBUG: Record inserted {"table":"categories","insert_id":117,"data_keys":["name","slug","is_active","created_at","updated_at"]}
[2025-09-22 14:46:35] DEBUG: Record inserted {"table":"page_categories","insert_id":116,"data_keys":["page_id","category_id","created_at","updated_at"]}
[2025-09-22 14:46:35] DEBUG: Records deleted {"table":"page_tags","affected_rows":2,"where_conditions":["page_id"]}
[2025-09-22 14:46:35] DEBUG: Records updated {"table":"tags","affected_rows":1,"where_conditions":["id"]}
[2025-09-22 14:46:45] INFO: Database connection established {"driver":"mysql","host":"db","database":"block_cms","connection_time":"2.16ms"}
[2025-09-22 14:46:45] DEBUG: Database transaction started
[2025-09-22 14:46:45] DEBUG: Records updated {"table":"pages","affected_rows":1,"where_conditions":["id"]}
[2025-09-22 14:46:45] DEBUG: Records updated {"table":"page_metadata","affected_rows":1,"where_conditions":["id"]}
[2025-09-22 14:46:45] DEBUG: Records updated {"table":"page_seo","affected_rows":1,"where_conditions":["id"]}
[2025-09-22 14:46:45] DEBUG: Record inserted {"table":"page_settings","insert_id":43,"data_keys":["template","custom_css","custom_js","redirect_url","menu_order","parent_page","latitude","longitude","address","price","currency","sale_price","recurring","recurring_period","page_id","created_at","updated_at"]}
[2025-09-22 14:46:45] DEBUG: Record inserted {"table":"page_social","insert_id":41,"data_keys":["enable_sharing","platforms","share_text","share_hashtags","share_via","track_shares","track_clicks","pixel_ids","gtm_events","show_follower_count","show_share_count","show_recent_activity","testimonial_integration","auto_embed_links","embed_width","embed_height","lazy_load_embeds","page_id","created_at","updated_at"]}
[2025-09-22 14:46:45] DEBUG: Records deleted {"table":"page_categories","affected_rows":2,"where_conditions":["page_id"]}
[2025-09-22 14:46:45] DEBUG: Record inserted {"table":"categories","insert_id":118,"data_keys":["name","slug","is_active","created_at","updated_at"]}
[2025-09-22 14:46:45] DEBUG: Record inserted {"table":"page_categories","insert_id":117,"data_keys":["page_id","category_id","created_at","updated_at"]}
[2025-09-22 14:46:45] DEBUG: Record inserted {"table":"categories","insert_id":119,"data_keys":["name","slug","is_active","created_at","updated_at"]}
[2025-09-22 14:46:45] DEBUG: Record inserted {"table":"page_categories","insert_id":118,"data_keys":["page_id","category_id","created_at","updated_at"]}
[2025-09-22 14:46:45] DEBUG: Record inserted {"table":"categories","insert_id":120,"data_keys":["name","slug","is_active","created_at","updated_at"]}
[2025-09-22 14:46:45] DEBUG: Record inserted {"table":"page_categories","insert_id":119,"data_keys":["page_id","category_id","created_at","updated_at"]}
[2025-09-22 14:46:45] DEBUG: Records deleted {"table":"page_tags","affected_rows":2,"where_conditions":["page_id"]}
[2025-09-22 14:46:45] DEBUG: Records updated {"table":"tags","affected_rows":1,"where_conditions":["id"]}
[2025-09-22 14:46:58] INFO: Database connection established {"driver":"mysql","host":"db","database":"block_cms","connection_time":"0.86ms"}
[2025-09-22 14:46:58] DEBUG: Database transaction started
[2025-09-22 14:46:58] DEBUG: Records updated {"table":"pages","affected_rows":1,"where_conditions":["id"]}
[2025-09-22 14:46:58] DEBUG: Records updated {"table":"page_metadata","affected_rows":1,"where_conditions":["id"]}
[2025-09-22 14:46:58] DEBUG: Records updated {"table":"page_seo","affected_rows":1,"where_conditions":["id"]}
[2025-09-22 14:46:58] DEBUG: Record inserted {"table":"page_settings","insert_id":44,"data_keys":["template","custom_css","custom_js","redirect_url","menu_order","parent_page","latitude","longitude","address","price","currency","sale_price","recurring","recurring_period","page_id","created_at","updated_at"]}
[2025-09-22 14:46:58] DEBUG: Record inserted {"table":"page_social","insert_id":42,"data_keys":["enable_sharing","platforms","share_text","share_hashtags","share_via","track_shares","track_clicks","pixel_ids","gtm_events","show_follower_count","show_share_count","show_recent_activity","testimonial_integration","auto_embed_links","embed_width","embed_height","lazy_load_embeds","page_id","created_at","updated_at"]}
[2025-09-22 14:46:58] DEBUG: Records deleted {"table":"page_categories","affected_rows":2,"where_conditions":["page_id"]}
[2025-09-22 14:46:58] DEBUG: Record inserted {"table":"categories","insert_id":121,"data_keys":["name","slug","is_active","created_at","updated_at"]}
[2025-09-22 14:46:58] DEBUG: Record inserted {"table":"page_categories","insert_id":120,"data_keys":["page_id","category_id","created_at","updated_at"]}
[2025-09-22 14:46:58] DEBUG: Record inserted {"table":"categories","insert_id":122,"data_keys":["name","slug","is_active","created_at","updated_at"]}
[2025-09-22 14:46:58] DEBUG: Record inserted {"table":"page_categories","insert_id":121,"data_keys":["page_id","category_id","created_at","updated_at"]}
[2025-09-22 14:46:58] DEBUG: Record inserted {"table":"categories","insert_id":123,"data_keys":["name","slug","is_active","created_at","updated_at"]}
[2025-09-22 14:46:58] DEBUG: Record inserted {"table":"page_categories","insert_id":122,"data_keys":["page_id","category_id","created_at","updated_at"]}
[2025-09-22 14:46:58] DEBUG: Records deleted {"table":"page_tags","affected_rows":2,"where_conditions":["page_id"]}
[2025-09-22 14:46:58] DEBUG: Records updated {"table":"tags","affected_rows":1,"where_conditions":["id"]}
[2025-09-22 14:46:58] DEBUG: Record inserted {"table":"tags","insert_id":66,"data_keys":["name","slug","usage_count","created_at","updated_at"]}
[2025-09-22 14:46:58] DEBUG: Record inserted {"table":"page_tags","insert_id":66,"data_keys":["page_id","tag_id","created_at","updated_at"]}
[2025-09-22 14:46:58] DEBUG: Record inserted {"table":"tags","insert_id":67,"data_keys":["name","slug","usage_count","created_at","updated_at"]}
[2025-09-22 14:46:58] DEBUG: Record inserted {"table":"page_tags","insert_id":67,"data_keys":["page_id","tag_id","created_at","updated_at"]}
[2025-09-22 14:46:58] DEBUG: Record inserted {"table":"tags","insert_id":68,"data_keys":["name","slug","usage_count","created_at","updated_at"]}
[2025-09-22 14:46:58] DEBUG: Record inserted {"table":"page_tags","insert_id":68,"data_keys":["page_id","tag_id","created_at","updated_at"]}
[2025-09-22 14:47:23] INFO: Database connection established {"driver":"mysql","host":"db","database":"block_cms","connection_time":"1.14ms"}
[2025-09-22 14:47:23] DEBUG: Database transaction started
[2025-09-22 14:47:23] DEBUG: Records updated {"table":"pages","affected_rows":1,"where_conditions":["id"]}
[2025-09-22 14:47:23] DEBUG: Records updated {"table":"page_metadata","affected_rows":1,"where_conditions":["id"]}
[2025-09-22 14:47:23] DEBUG: Records updated {"table":"page_seo","affected_rows":1,"where_conditions":["id"]}
[2025-09-22 14:47:23] DEBUG: Record inserted {"table":"page_settings","insert_id":45,"data_keys":["template","custom_css","custom_js","redirect_url","menu_order","parent_page","latitude","longitude","address","price","currency","sale_price","recurring","recurring_period","page_id","created_at","updated_at"]}
[2025-09-22 14:47:23] DEBUG: Record inserted {"table":"page_social","insert_id":43,"data_keys":["enable_sharing","platforms","share_text","share_hashtags","share_via","track_shares","track_clicks","pixel_ids","gtm_events","show_follower_count","show_share_count","show_recent_activity","testimonial_integration","auto_embed_links","embed_width","embed_height","lazy_load_embeds","page_id","created_at","updated_at"]}
[2025-09-22 14:47:23] DEBUG: Records deleted {"table":"page_categories","affected_rows":2,"where_conditions":["page_id"]}
[2025-09-22 14:47:23] DEBUG: Record inserted {"table":"categories","insert_id":124,"data_keys":["name","slug","is_active","created_at","updated_at"]}
[2025-09-22 14:47:23] DEBUG: Record inserted {"table":"page_categories","insert_id":123,"data_keys":["page_id","category_id","created_at","updated_at"]}
[2025-09-22 14:47:23] DEBUG: Record inserted {"table":"categories","insert_id":125,"data_keys":["name","slug","is_active","created_at","updated_at"]}
[2025-09-22 14:47:23] DEBUG: Record inserted {"table":"page_categories","insert_id":124,"data_keys":["page_id","category_id","created_at","updated_at"]}
[2025-09-22 14:47:23] DEBUG: Record inserted {"table":"categories","insert_id":126,"data_keys":["name","slug","is_active","created_at","updated_at"]}
[2025-09-22 14:47:23] DEBUG: Record inserted {"table":"page_categories","insert_id":125,"data_keys":["page_id","category_id","created_at","updated_at"]}
[2025-09-22 14:47:23] DEBUG: Records deleted {"table":"page_tags","affected_rows":2,"where_conditions":["page_id"]}
[2025-09-22 14:47:23] DEBUG: Records updated {"table":"tags","affected_rows":1,"where_conditions":["id"]}
[2025-09-22 14:47:23] DEBUG: Record inserted {"table":"tags","insert_id":69,"data_keys":["name","slug","usage_count","created_at","updated_at"]}
[2025-09-22 14:47:23] DEBUG: Record inserted {"table":"page_tags","insert_id":69,"data_keys":["page_id","tag_id","created_at","updated_at"]}
[2025-09-22 14:47:23] DEBUG: Record inserted {"table":"tags","insert_id":70,"data_keys":["name","slug","usage_count","created_at","updated_at"]}
[2025-09-22 14:47:23] DEBUG: Record inserted {"table":"page_tags","insert_id":70,"data_keys":["page_id","tag_id","created_at","updated_at"]}
[2025-09-22 14:47:23] DEBUG: Record inserted {"table":"tags","insert_id":71,"data_keys":["name","slug","usage_count","created_at","updated_at"]}
[2025-09-22 14:47:23] DEBUG: Record inserted {"table":"page_tags","insert_id":71,"data_keys":["page_id","tag_id","created_at","updated_at"]}
[2025-09-22 14:47:32] INFO: Database connection established {"driver":"mysql","host":"db","database":"block_cms","connection_time":"1.25ms"}
[2025-09-22 14:47:32] DEBUG: Database transaction started
[2025-09-22 14:47:32] DEBUG: Records updated {"table":"pages","affected_rows":1,"where_conditions":["id"]}
[2025-09-22 14:47:32] DEBUG: Records updated {"table":"page_metadata","affected_rows":1,"where_conditions":["id"]}
[2025-09-22 14:47:32] DEBUG: Records updated {"table":"page_seo","affected_rows":1,"where_conditions":["id"]}
[2025-09-22 14:47:32] DEBUG: Record inserted {"table":"page_settings","insert_id":46,"data_keys":["template","custom_css","custom_js","redirect_url","menu_order","parent_page","latitude","longitude","address","price","currency","sale_price","recurring","recurring_period","page_id","created_at","updated_at"]}
[2025-09-22 14:47:32] DEBUG: Record inserted {"table":"page_social","insert_id":44,"data_keys":["enable_sharing","platforms","share_text","share_hashtags","share_via","track_shares","track_clicks","pixel_ids","gtm_events","show_follower_count","show_share_count","show_recent_activity","testimonial_integration","auto_embed_links","embed_width","embed_height","lazy_load_embeds","page_id","created_at","updated_at"]}
[2025-09-22 14:47:32] DEBUG: Records deleted {"table":"page_categories","affected_rows":2,"where_conditions":["page_id"]}
[2025-09-22 14:47:32] DEBUG: Record inserted {"table":"categories","insert_id":127,"data_keys":["name","slug","is_active","created_at","updated_at"]}
[2025-09-22 14:47:32] DEBUG: Record inserted {"table":"page_categories","insert_id":126,"data_keys":["page_id","category_id","created_at","updated_at"]}
[2025-09-22 14:47:32] DEBUG: Record inserted {"table":"categories","insert_id":128,"data_keys":["name","slug","is_active","created_at","updated_at"]}
[2025-09-22 14:47:32] DEBUG: Record inserted {"table":"page_categories","insert_id":127,"data_keys":["page_id","category_id","created_at","updated_at"]}
[2025-09-22 14:47:32] DEBUG: Record inserted {"table":"categories","insert_id":129,"data_keys":["name","slug","is_active","created_at","updated_at"]}
[2025-09-22 14:47:32] DEBUG: Record inserted {"table":"page_categories","insert_id":128,"data_keys":["page_id","category_id","created_at","updated_at"]}
[2025-09-22 14:47:32] DEBUG: Records deleted {"table":"page_tags","affected_rows":2,"where_conditions":["page_id"]}
[2025-09-22 14:47:32] DEBUG: Records updated {"table":"tags","affected_rows":1,"where_conditions":["id"]}
[2025-09-22 14:47:32] DEBUG: Record inserted {"table":"tags","insert_id":72,"data_keys":["name","slug","usage_count","created_at","updated_at"]}
[2025-09-22 14:47:32] DEBUG: Record inserted {"table":"page_tags","insert_id":72,"data_keys":["page_id","tag_id","created_at","updated_at"]}
[2025-09-22 14:47:32] DEBUG: Record inserted {"table":"tags","insert_id":73,"data_keys":["name","slug","usage_count","created_at","updated_at"]}
[2025-09-22 14:47:32] DEBUG: Record inserted {"table":"page_tags","insert_id":73,"data_keys":["page_id","tag_id","created_at","updated_at"]}
[2025-09-22 14:47:32] DEBUG: Record inserted {"table":"tags","insert_id":74,"data_keys":["name","slug","usage_count","created_at","updated_at"]}
[2025-09-22 14:47:32] DEBUG: Record inserted {"table":"page_tags","insert_id":74,"data_keys":["page_id","tag_id","created_at","updated_at"]}
[2025-09-22 14:47:45] INFO: Database connection established {"driver":"mysql","host":"db","database":"block_cms","connection_time":"0.55ms"}
[2025-09-22 14:47:45] DEBUG: Database transaction started
[2025-09-22 14:47:45] DEBUG: Records updated {"table":"pages","affected_rows":1,"where_conditions":["id"]}
[2025-09-22 14:47:45] DEBUG: Records updated {"table":"page_metadata","affected_rows":1,"where_conditions":["id"]}
[2025-09-22 14:47:45] DEBUG: Records updated {"table":"page_seo","affected_rows":1,"where_conditions":["id"]}
[2025-09-22 14:47:45] DEBUG: Record inserted {"table":"page_settings","insert_id":47,"data_keys":["template","custom_css","custom_js","redirect_url","menu_order","parent_page","latitude","longitude","address","price","currency","sale_price","recurring","recurring_period","page_id","created_at","updated_at"]}
[2025-09-22 14:47:45] DEBUG: Record inserted {"table":"page_social","insert_id":45,"data_keys":["enable_sharing","platforms","share_text","share_hashtags","share_via","track_shares","track_clicks","pixel_ids","gtm_events","show_follower_count","show_share_count","show_recent_activity","testimonial_integration","auto_embed_links","embed_width","embed_height","lazy_load_embeds","page_id","created_at","updated_at"]}
[2025-09-22 14:47:45] DEBUG: Records deleted {"table":"page_categories","affected_rows":2,"where_conditions":["page_id"]}
[2025-09-22 14:47:45] DEBUG: Record inserted {"table":"categories","insert_id":130,"data_keys":["name","slug","is_active","created_at","updated_at"]}
[2025-09-22 14:47:45] DEBUG: Record inserted {"table":"page_categories","insert_id":129,"data_keys":["page_id","category_id","created_at","updated_at"]}
[2025-09-22 14:47:45] DEBUG: Record inserted {"table":"categories","insert_id":131,"data_keys":["name","slug","is_active","created_at","updated_at"]}
[2025-09-22 14:47:45] DEBUG: Record inserted {"table":"page_categories","insert_id":130,"data_keys":["page_id","category_id","created_at","updated_at"]}
[2025-09-22 14:47:45] DEBUG: Record inserted {"table":"categories","insert_id":132,"data_keys":["name","slug","is_active","created_at","updated_at"]}
[2025-09-22 14:47:45] DEBUG: Record inserted {"table":"page_categories","insert_id":131,"data_keys":["page_id","category_id","created_at","updated_at"]}
[2025-09-22 14:47:45] DEBUG: Records deleted {"table":"page_tags","affected_rows":2,"where_conditions":["page_id"]}
[2025-09-22 14:47:45] DEBUG: Records updated {"table":"tags","affected_rows":1,"where_conditions":["id"]}
[2025-09-22 14:47:45] DEBUG: Record inserted {"table":"tags","insert_id":75,"data_keys":["name","slug","usage_count","created_at","updated_at"]}
[2025-09-22 14:47:45] DEBUG: Record inserted {"table":"page_tags","insert_id":75,"data_keys":["page_id","tag_id","created_at","updated_at"]}
[2025-09-22 14:47:45] DEBUG: Record inserted {"table":"tags","insert_id":76,"data_keys":["name","slug","usage_count","created_at","updated_at"]}
[2025-09-22 14:47:45] DEBUG: Record inserted {"table":"page_tags","insert_id":76,"data_keys":["page_id","tag_id","created_at","updated_at"]}
[2025-09-22 14:47:45] DEBUG: Record inserted {"table":"tags","insert_id":77,"data_keys":["name","slug","usage_count","created_at","updated_at"]}
[2025-09-22 14:47:45] DEBUG: Record inserted {"table":"page_tags","insert_id":77,"data_keys":["page_id","tag_id","created_at","updated_at"]}
[2025-09-22 14:48:23] INFO: Database connection established {"driver":"mysql","host":"db","database":"block_cms","connection_time":"1.35ms"}
[2025-09-22 14:48:23] DEBUG: Database transaction started
[2025-09-22 14:48:23] DEBUG: Records updated {"table":"pages","affected_rows":1,"where_conditions":["id"]}
[2025-09-22 14:48:23] DEBUG: Records updated {"table":"page_metadata","affected_rows":1,"where_conditions":["id"]}
[2025-09-22 14:48:23] DEBUG: Records updated {"table":"page_seo","affected_rows":1,"where_conditions":["id"]}
[2025-09-22 14:48:23] DEBUG: Record inserted {"table":"page_settings","insert_id":48,"data_keys":["template","custom_css","custom_js","redirect_url","menu_order","parent_page","latitude","longitude","address","price","currency","sale_price","recurring","recurring_period","page_id","created_at","updated_at"]}
[2025-09-22 14:48:23] DEBUG: Record inserted {"table":"page_social","insert_id":46,"data_keys":["enable_sharing","platforms","share_text","share_hashtags","share_via","track_shares","track_clicks","pixel_ids","gtm_events","show_follower_count","show_share_count","show_recent_activity","testimonial_integration","auto_embed_links","embed_width","embed_height","lazy_load_embeds","page_id","created_at","updated_at"]}
[2025-09-22 14:48:23] DEBUG: Records deleted {"table":"page_categories","affected_rows":2,"where_conditions":["page_id"]}
[2025-09-22 14:48:23] DEBUG: Record inserted {"table":"categories","insert_id":133,"data_keys":["name","slug","is_active","created_at","updated_at"]}
[2025-09-22 14:48:23] DEBUG: Record inserted {"table":"page_categories","insert_id":132,"data_keys":["page_id","category_id","created_at","updated_at"]}
[2025-09-22 14:48:23] DEBUG: Record inserted {"table":"categories","insert_id":134,"data_keys":["name","slug","is_active","created_at","updated_at"]}
[2025-09-22 14:48:23] DEBUG: Record inserted {"table":"page_categories","insert_id":133,"data_keys":["page_id","category_id","created_at","updated_at"]}
[2025-09-22 14:48:23] DEBUG: Record inserted {"table":"categories","insert_id":135,"data_keys":["name","slug","is_active","created_at","updated_at"]}
[2025-09-22 14:48:23] DEBUG: Record inserted {"table":"page_categories","insert_id":134,"data_keys":["page_id","category_id","created_at","updated_at"]}
[2025-09-22 14:48:23] DEBUG: Records deleted {"table":"page_tags","affected_rows":2,"where_conditions":["page_id"]}
[2025-09-22 14:48:23] DEBUG: Records updated {"table":"tags","affected_rows":1,"where_conditions":["id"]}
[2025-09-22 14:48:23] DEBUG: Record inserted {"table":"tags","insert_id":78,"data_keys":["name","slug","usage_count","created_at","updated_at"]}
[2025-09-22 14:48:23] DEBUG: Record inserted {"table":"page_tags","insert_id":78,"data_keys":["page_id","tag_id","created_at","updated_at"]}
[2025-09-22 14:48:23] DEBUG: Record inserted {"table":"tags","insert_id":79,"data_keys":["name","slug","usage_count","created_at","updated_at"]}
[2025-09-22 14:48:23] DEBUG: Record inserted {"table":"page_tags","insert_id":79,"data_keys":["page_id","tag_id","created_at","updated_at"]}
[2025-09-22 14:48:23] DEBUG: Record inserted {"table":"tags","insert_id":80,"data_keys":["name","slug","usage_count","created_at","updated_at"]}
[2025-09-22 14:48:23] DEBUG: Record inserted {"table":"page_tags","insert_id":80,"data_keys":["page_id","tag_id","created_at","updated_at"]}
[2025-09-22 14:48:46] INFO: Database connection established {"driver":"mysql","host":"db","database":"block_cms","connection_time":"2.34ms"}
[2025-09-22 14:48:46] DEBUG: Database transaction started
[2025-09-22 14:48:46] DEBUG: Records updated {"table":"pages","affected_rows":1,"where_conditions":["id"]}
[2025-09-22 14:48:46] DEBUG: Records updated {"table":"page_metadata","affected_rows":1,"where_conditions":["id"]}
[2025-09-22 14:48:46] DEBUG: Records updated {"table":"page_seo","affected_rows":1,"where_conditions":["id"]}
[2025-09-22 14:48:46] DEBUG: Record inserted {"table":"page_settings","insert_id":49,"data_keys":["template","custom_css","custom_js","redirect_url","menu_order","parent_page","latitude","longitude","address","price","currency","sale_price","recurring","recurring_period","page_id","created_at","updated_at"]}
[2025-09-22 14:48:46] DEBUG: Record inserted {"table":"page_social","insert_id":47,"data_keys":["enable_sharing","platforms","share_text","share_hashtags","share_via","track_shares","track_clicks","pixel_ids","gtm_events","show_follower_count","show_share_count","show_recent_activity","testimonial_integration","auto_embed_links","embed_width","embed_height","lazy_load_embeds","page_id","created_at","updated_at"]}
[2025-09-22 14:48:46] DEBUG: Records deleted {"table":"page_categories","affected_rows":2,"where_conditions":["page_id"]}
[2025-09-22 14:48:46] DEBUG: Record inserted {"table":"categories","insert_id":136,"data_keys":["name","slug","is_active","created_at","updated_at"]}
[2025-09-22 14:48:46] DEBUG: Record inserted {"table":"page_categories","insert_id":135,"data_keys":["page_id","category_id","created_at","updated_at"]}
[2025-09-22 14:48:46] DEBUG: Record inserted {"table":"categories","insert_id":137,"data_keys":["name","slug","is_active","created_at","updated_at"]}
[2025-09-22 14:48:46] DEBUG: Record inserted {"table":"page_categories","insert_id":136,"data_keys":["page_id","category_id","created_at","updated_at"]}
[2025-09-22 14:48:46] DEBUG: Record inserted {"table":"categories","insert_id":138,"data_keys":["name","slug","is_active","created_at","updated_at"]}
[2025-09-22 14:48:46] DEBUG: Record inserted {"table":"page_categories","insert_id":137,"data_keys":["page_id","category_id","created_at","updated_at"]}
[2025-09-22 14:48:46] DEBUG: Records deleted {"table":"page_tags","affected_rows":2,"where_conditions":["page_id"]}
[2025-09-22 14:48:46] DEBUG: Records updated {"table":"tags","affected_rows":1,"where_conditions":["id"]}
[2025-09-22 14:48:46] DEBUG: Record inserted {"table":"tags","insert_id":81,"data_keys":["name","slug","usage_count","created_at","updated_at"]}
[2025-09-22 14:48:46] DEBUG: Record inserted {"table":"page_tags","insert_id":81,"data_keys":["page_id","tag_id","created_at","updated_at"]}
[2025-09-22 14:48:46] DEBUG: Record inserted {"table":"tags","insert_id":82,"data_keys":["name","slug","usage_count","created_at","updated_at"]}
[2025-09-22 14:48:46] DEBUG: Record inserted {"table":"page_tags","insert_id":82,"data_keys":["page_id","tag_id","created_at","updated_at"]}
[2025-09-22 14:48:46] DEBUG: Record inserted {"table":"tags","insert_id":83,"data_keys":["name","slug","usage_count","created_at","updated_at"]}
[2025-09-22 14:48:46] DEBUG: Record inserted {"table":"page_tags","insert_id":83,"data_keys":["page_id","tag_id","created_at","updated_at"]}
[2025-09-22 14:48:52] INFO: Database connection established {"driver":"mysql","host":"db","database":"block_cms","connection_time":"2.4ms"}
[2025-09-22 14:48:52] DEBUG: Database transaction started
[2025-09-22 14:48:52] DEBUG: Records updated {"table":"pages","affected_rows":1,"where_conditions":["id"]}
[2025-09-22 14:48:52] DEBUG: Records updated {"table":"page_metadata","affected_rows":1,"where_conditions":["id"]}
[2025-09-22 14:48:52] DEBUG: Records updated {"table":"page_seo","affected_rows":1,"where_conditions":["id"]}
[2025-09-22 14:48:52] DEBUG: Record inserted {"table":"page_settings","insert_id":50,"data_keys":["template","custom_css","custom_js","redirect_url","menu_order","parent_page","latitude","longitude","address","price","currency","sale_price","recurring","recurring_period","page_id","created_at","updated_at"]}
[2025-09-22 14:48:52] DEBUG: Record inserted {"table":"page_social","insert_id":48,"data_keys":["enable_sharing","platforms","share_text","share_hashtags","share_via","track_shares","track_clicks","pixel_ids","gtm_events","show_follower_count","show_share_count","show_recent_activity","testimonial_integration","auto_embed_links","embed_width","embed_height","lazy_load_embeds","page_id","created_at","updated_at"]}
[2025-09-22 14:48:52] DEBUG: Records deleted {"table":"page_categories","affected_rows":2,"where_conditions":["page_id"]}
[2025-09-22 14:48:52] DEBUG: Record inserted {"table":"categories","insert_id":139,"data_keys":["name","slug","is_active","created_at","updated_at"]}
[2025-09-22 14:48:52] DEBUG: Record inserted {"table":"page_categories","insert_id":138,"data_keys":["page_id","category_id","created_at","updated_at"]}
[2025-09-22 14:48:52] DEBUG: Record inserted {"table":"categories","insert_id":140,"data_keys":["name","slug","is_active","created_at","updated_at"]}
[2025-09-22 14:48:52] DEBUG: Record inserted {"table":"page_categories","insert_id":139,"data_keys":["page_id","category_id","created_at","updated_at"]}
[2025-09-22 14:48:52] DEBUG: Record inserted {"table":"categories","insert_id":141,"data_keys":["name","slug","is_active","created_at","updated_at"]}
[2025-09-22 14:48:52] DEBUG: Record inserted {"table":"page_categories","insert_id":140,"data_keys":["page_id","category_id","created_at","updated_at"]}
[2025-09-22 14:48:52] DEBUG: Records deleted {"table":"page_tags","affected_rows":2,"where_conditions":["page_id"]}
[2025-09-22 14:48:52] DEBUG: Records updated {"table":"tags","affected_rows":1,"where_conditions":["id"]}
[2025-09-22 14:48:52] DEBUG: Record inserted {"table":"tags","insert_id":84,"data_keys":["name","slug","usage_count","created_at","updated_at"]}
[2025-09-22 14:48:52] DEBUG: Record inserted {"table":"page_tags","insert_id":84,"data_keys":["page_id","tag_id","created_at","updated_at"]}
[2025-09-22 14:48:52] DEBUG: Record inserted {"table":"tags","insert_id":85,"data_keys":["name","slug","usage_count","created_at","updated_at"]}
[2025-09-22 14:48:52] DEBUG: Record inserted {"table":"page_tags","insert_id":85,"data_keys":["page_id","tag_id","created_at","updated_at"]}
[2025-09-22 14:48:52] DEBUG: Record inserted {"table":"tags","insert_id":86,"data_keys":["name","slug","usage_count","created_at","updated_at"]}
[2025-09-22 14:48:52] DEBUG: Record inserted {"table":"page_tags","insert_id":86,"data_keys":["page_id","tag_id","created_at","updated_at"]}
[2025-09-22 14:49:27] INFO: Database connection established {"driver":"mysql","host":"db","database":"block_cms","connection_time":"0.88ms"}
[2025-09-22 14:49:27] DEBUG: Database transaction started
[2025-09-22 14:49:27] DEBUG: Records updated {"table":"pages","affected_rows":1,"where_conditions":["id"]}
[2025-09-22 14:49:27] DEBUG: Records updated {"table":"page_metadata","affected_rows":1,"where_conditions":["id"]}
[2025-09-22 14:49:27] DEBUG: Records updated {"table":"page_seo","affected_rows":1,"where_conditions":["id"]}
[2025-09-22 14:49:27] DEBUG: Record inserted {"table":"page_settings","insert_id":51,"data_keys":["template","custom_css","custom_js","redirect_url","menu_order","parent_page","latitude","longitude","address","price","currency","sale_price","recurring","recurring_period","page_id","created_at","updated_at"]}
[2025-09-22 14:49:27] DEBUG: Record inserted {"table":"page_social","insert_id":49,"data_keys":["enable_sharing","platforms","share_text","share_hashtags","share_via","track_shares","track_clicks","pixel_ids","gtm_events","show_follower_count","show_share_count","show_recent_activity","testimonial_integration","auto_embed_links","embed_width","embed_height","lazy_load_embeds","page_id","created_at","updated_at"]}
[2025-09-22 14:49:27] DEBUG: Records deleted {"table":"page_categories","affected_rows":2,"where_conditions":["page_id"]}
[2025-09-22 14:49:27] DEBUG: Record inserted {"table":"categories","insert_id":142,"data_keys":["name","slug","is_active","created_at","updated_at"]}
[2025-09-22 14:49:27] DEBUG: Record inserted {"table":"page_categories","insert_id":141,"data_keys":["page_id","category_id","created_at","updated_at"]}
[2025-09-22 14:49:27] DEBUG: Record inserted {"table":"categories","insert_id":143,"data_keys":["name","slug","is_active","created_at","updated_at"]}
[2025-09-22 14:49:27] DEBUG: Record inserted {"table":"page_categories","insert_id":142,"data_keys":["page_id","category_id","created_at","updated_at"]}
[2025-09-22 14:49:27] DEBUG: Record inserted {"table":"categories","insert_id":144,"data_keys":["name","slug","is_active","created_at","updated_at"]}
[2025-09-22 14:49:27] DEBUG: Record inserted {"table":"page_categories","insert_id":143,"data_keys":["page_id","category_id","created_at","updated_at"]}
[2025-09-22 14:49:27] DEBUG: Records deleted {"table":"page_tags","affected_rows":2,"where_conditions":["page_id"]}
[2025-09-22 14:49:27] DEBUG: Records updated {"table":"tags","affected_rows":1,"where_conditions":["id"]}
[2025-09-22 14:49:27] DEBUG: Record inserted {"table":"tags","insert_id":87,"data_keys":["name","slug","usage_count","created_at","updated_at"]}
[2025-09-22 14:49:27] DEBUG: Record inserted {"table":"page_tags","insert_id":87,"data_keys":["page_id","tag_id","created_at","updated_at"]}
[2025-09-22 14:49:27] DEBUG: Record inserted {"table":"tags","insert_id":88,"data_keys":["name","slug","usage_count","created_at","updated_at"]}
[2025-09-22 14:49:27] DEBUG: Record inserted {"table":"page_tags","insert_id":88,"data_keys":["page_id","tag_id","created_at","updated_at"]}
[2025-09-22 14:49:27] DEBUG: Record inserted {"table":"tags","insert_id":89,"data_keys":["name","slug","usage_count","created_at","updated_at"]}
[2025-09-22 14:49:27] DEBUG: Record inserted {"table":"page_tags","insert_id":89,"data_keys":["page_id","tag_id","created_at","updated_at"]}
[2025-09-22 14:49:49] INFO: Database connection established {"driver":"mysql","host":"db","database":"block_cms","connection_time":"1.05ms"}
[2025-09-22 14:49:49] DEBUG: Database transaction started
[2025-09-22 14:49:49] DEBUG: Records updated {"table":"pages","affected_rows":1,"where_conditions":["id"]}
[2025-09-22 14:49:49] DEBUG: Records updated {"table":"page_metadata","affected_rows":1,"where_conditions":["id"]}
[2025-09-22 14:49:49] DEBUG: Records updated {"table":"page_seo","affected_rows":1,"where_conditions":["id"]}
[2025-09-22 14:49:49] DEBUG: Record inserted {"table":"page_settings","insert_id":52,"data_keys":["template","custom_css","custom_js","redirect_url","menu_order","parent_page","latitude","longitude","address","price","currency","sale_price","recurring","recurring_period","page_id","created_at","updated_at"]}
[2025-09-22 14:49:49] DEBUG: Record inserted {"table":"page_social","insert_id":50,"data_keys":["enable_sharing","platforms","share_text","share_hashtags","share_via","track_shares","track_clicks","pixel_ids","gtm_events","show_follower_count","show_share_count","show_recent_activity","testimonial_integration","auto_embed_links","embed_width","embed_height","lazy_load_embeds","page_id","created_at","updated_at"]}
[2025-09-22 14:49:49] DEBUG: Records deleted {"table":"page_categories","affected_rows":2,"where_conditions":["page_id"]}
[2025-09-22 14:49:49] DEBUG: Record inserted {"table":"categories","insert_id":145,"data_keys":["name","slug","is_active","created_at","updated_at"]}
[2025-09-22 14:49:49] DEBUG: Record inserted {"table":"page_categories","insert_id":144,"data_keys":["page_id","category_id","created_at","updated_at"]}
[2025-09-22 14:49:49] DEBUG: Record inserted {"table":"categories","insert_id":146,"data_keys":["name","slug","is_active","created_at","updated_at"]}
[2025-09-22 14:49:49] DEBUG: Record inserted {"table":"page_categories","insert_id":145,"data_keys":["page_id","category_id","created_at","updated_at"]}
[2025-09-22 14:49:49] DEBUG: Record inserted {"table":"categories","insert_id":147,"data_keys":["name","slug","is_active","created_at","updated_at"]}
[2025-09-22 14:49:49] DEBUG: Record inserted {"table":"page_categories","insert_id":146,"data_keys":["page_id","category_id","created_at","updated_at"]}
[2025-09-22 14:49:49] DEBUG: Records deleted {"table":"page_tags","affected_rows":2,"where_conditions":["page_id"]}
[2025-09-22 14:49:49] DEBUG: Records updated {"table":"tags","affected_rows":1,"where_conditions":["id"]}
[2025-09-22 14:49:49] DEBUG: Record inserted {"table":"tags","insert_id":90,"data_keys":["name","slug","usage_count","created_at","updated_at"]}
[2025-09-22 14:49:49] DEBUG: Record inserted {"table":"page_tags","insert_id":90,"data_keys":["page_id","tag_id","created_at","updated_at"]}
[2025-09-22 14:49:49] DEBUG: Record inserted {"table":"tags","insert_id":91,"data_keys":["name","slug","usage_count","created_at","updated_at"]}
[2025-09-22 14:49:49] DEBUG: Record inserted {"table":"page_tags","insert_id":91,"data_keys":["page_id","tag_id","created_at","updated_at"]}
[2025-09-22 14:49:49] DEBUG: Record inserted {"table":"tags","insert_id":92,"data_keys":["name","slug","usage_count","created_at","updated_at"]}
[2025-09-22 14:49:49] DEBUG: Record inserted {"table":"page_tags","insert_id":92,"data_keys":["page_id","tag_id","created_at","updated_at"]}
[2025-09-22 14:52:21] INFO: Database connection established {"driver":"mysql","host":"db","database":"block_cms","connection_time":"1.26ms"}
[2025-09-22 14:52:21] DEBUG: Database transaction started
[2025-09-22 14:52:21] DEBUG: Records updated {"table":"pages","affected_rows":1,"where_conditions":["id"]}
[2025-09-22 14:52:21] DEBUG: Records updated {"table":"page_metadata","affected_rows":1,"where_conditions":["id"]}
[2025-09-22 14:52:21] DEBUG: Records updated {"table":"page_seo","affected_rows":1,"where_conditions":["id"]}
[2025-09-22 14:52:21] DEBUG: Record inserted {"table":"page_settings","insert_id":53,"data_keys":["template","custom_css","custom_js","redirect_url","menu_order","parent_page","latitude","longitude","address","price","currency","sale_price","recurring","recurring_period","page_id","created_at","updated_at"]}
[2025-09-22 14:52:21] DEBUG: Record inserted {"table":"page_social","insert_id":51,"data_keys":["enable_sharing","platforms","share_text","share_hashtags","share_via","track_shares","track_clicks","pixel_ids","gtm_events","show_follower_count","show_share_count","show_recent_activity","testimonial_integration","auto_embed_links","embed_width","embed_height","lazy_load_embeds","page_id","created_at","updated_at"]}
[2025-09-22 14:52:21] DEBUG: Records deleted {"table":"page_categories","affected_rows":2,"where_conditions":["page_id"]}
[2025-09-22 14:52:21] DEBUG: Record inserted {"table":"categories","insert_id":148,"data_keys":["name","slug","is_active","created_at","updated_at"]}
[2025-09-22 14:52:21] DEBUG: Record inserted {"table":"page_categories","insert_id":147,"data_keys":["page_id","category_id","created_at","updated_at"]}
[2025-09-22 14:52:21] DEBUG: Record inserted {"table":"categories","insert_id":149,"data_keys":["name","slug","is_active","created_at","updated_at"]}
[2025-09-22 14:52:21] DEBUG: Record inserted {"table":"page_categories","insert_id":148,"data_keys":["page_id","category_id","created_at","updated_at"]}
[2025-09-22 14:52:21] DEBUG: Record inserted {"table":"categories","insert_id":150,"data_keys":["name","slug","is_active","created_at","updated_at"]}
[2025-09-22 14:52:21] DEBUG: Record inserted {"table":"page_categories","insert_id":149,"data_keys":["page_id","category_id","created_at","updated_at"]}
[2025-09-22 14:52:21] DEBUG: Records deleted {"table":"page_tags","affected_rows":2,"where_conditions":["page_id"]}
[2025-09-22 14:52:21] DEBUG: Records updated {"table":"tags","affected_rows":1,"where_conditions":["id"]}
[2025-09-22 14:52:21] DEBUG: Record inserted {"table":"tags","insert_id":93,"data_keys":["name","slug","usage_count","created_at","updated_at"]}
[2025-09-22 14:52:21] DEBUG: Record inserted {"table":"page_tags","insert_id":93,"data_keys":["page_id","tag_id","created_at","updated_at"]}
[2025-09-22 14:52:21] DEBUG: Record inserted {"table":"tags","insert_id":94,"data_keys":["name","slug","usage_count","created_at","updated_at"]}
[2025-09-22 14:52:21] DEBUG: Record inserted {"table":"page_tags","insert_id":94,"data_keys":["page_id","tag_id","created_at","updated_at"]}
[2025-09-22 14:52:21] DEBUG: Record inserted {"table":"tags","insert_id":95,"data_keys":["name","slug","usage_count","created_at","updated_at"]}
[2025-09-22 14:52:21] DEBUG: Record inserted {"table":"page_tags","insert_id":95,"data_keys":["page_id","tag_id","created_at","updated_at"]}
[2025-09-22 15:00:15] INFO: Database connection established {"driver":"mysql","host":"db","database":"block_cms","connection_time":"1.24ms"}
[2025-09-22 15:01:37] INFO: Database connection established {"driver":"mysql","host":"db","database":"block_cms","connection_time":"1.9ms"}
[2025-09-22 15:01:37] DEBUG: Database transaction started
[2025-09-22 15:01:37] DEBUG: Records updated {"table":"pages","affected_rows":1,"where_conditions":["id"]}
[2025-09-22 15:01:37] DEBUG: Records updated {"table":"page_metadata","affected_rows":1,"where_conditions":["id"]}
[2025-09-22 15:01:37] DEBUG: Records updated {"table":"page_seo","affected_rows":1,"where_conditions":["id"]}
[2025-09-22 15:01:37] DEBUG: Record inserted {"table":"page_settings","insert_id":54,"data_keys":["template","custom_css","custom_js","redirect_url","menu_order","parent_page","latitude","longitude","address","price","currency","sale_price","recurring","recurring_period","page_id","created_at","updated_at"]}
[2025-09-22 15:02:00] INFO: Database connection established {"driver":"mysql","host":"db","database":"block_cms","connection_time":"0.94ms"}
[2025-09-22 15:02:00] DEBUG: Database transaction started
[2025-09-22 15:02:00] DEBUG: Records updated {"table":"pages","affected_rows":1,"where_conditions":["id"]}
[2025-09-22 15:02:00] DEBUG: Records updated {"table":"page_metadata","affected_rows":1,"where_conditions":["id"]}
[2025-09-22 15:02:00] DEBUG: Records updated {"table":"page_seo","affected_rows":1,"where_conditions":["id"]}
[2025-09-22 15:02:00] DEBUG: Record inserted {"table":"page_settings","insert_id":55,"data_keys":["template","custom_css","custom_js","redirect_url","menu_order","parent_page","latitude","longitude","address","price","currency","sale_price","recurring","recurring_period","page_id","created_at","updated_at"]}
[2025-09-22 15:04:14] INFO: Database connection established {"driver":"mysql","host":"db","database":"block_cms","connection_time":"0.94ms"}
[2025-09-22 15:04:14] DEBUG: Database transaction started
[2025-09-22 15:04:14] DEBUG: Records updated {"table":"pages","affected_rows":1,"where_conditions":["id"]}
[2025-09-22 15:04:14] DEBUG: Records updated {"table":"page_metadata","affected_rows":1,"where_conditions":["id"]}
[2025-09-22 15:04:14] DEBUG: Records updated {"table":"page_seo","affected_rows":1,"where_conditions":["id"]}
[2025-09-22 15:04:14] DEBUG: Record inserted {"table":"page_settings","insert_id":56,"data_keys":["template","custom_css","custom_js","redirect_url","menu_order","parent_page","latitude","longitude","address","price","currency","sale_price","recurring","recurring_period","page_id","created_at","updated_at"]}
[2025-09-22 15:04:24] INFO: Database connection established {"driver":"mysql","host":"db","database":"block_cms","connection_time":"1.71ms"}
[2025-09-22 15:04:24] DEBUG: Database transaction started
[2025-09-22 15:04:24] DEBUG: Records updated {"table":"pages","affected_rows":1,"where_conditions":["id"]}
[2025-09-22 15:04:24] DEBUG: Records updated {"table":"page_metadata","affected_rows":1,"where_conditions":["id"]}
[2025-09-22 15:04:24] DEBUG: Records updated {"table":"page_seo","affected_rows":1,"where_conditions":["id"]}
[2025-09-22 15:04:24] DEBUG: Record inserted {"table":"page_settings","insert_id":57,"data_keys":["template","custom_css","custom_js","redirect_url","menu_order","parent_page","latitude","longitude","address","price","currency","sale_price","recurring","recurring_period","page_id","created_at","updated_at"]}
[2025-09-22 15:04:40] INFO: Database connection established {"driver":"mysql","host":"db","database":"block_cms","connection_time":"0.99ms"}
[2025-09-22 15:04:40] DEBUG: Database transaction started
[2025-09-22 15:04:40] DEBUG: Records updated {"table":"pages","affected_rows":1,"where_conditions":["id"]}
[2025-09-22 15:04:40] DEBUG: Records updated {"table":"page_metadata","affected_rows":1,"where_conditions":["id"]}
[2025-09-22 15:04:40] DEBUG: Records updated {"table":"page_seo","affected_rows":1,"where_conditions":["id"]}
[2025-09-22 15:04:40] DEBUG: Record inserted {"table":"page_settings","insert_id":58,"data_keys":["template","custom_css","custom_js","redirect_url","menu_order","parent_page","latitude","longitude","address","price","currency","sale_price","recurring","recurring_period","page_id","created_at","updated_at"]}
[2025-09-22 15:07:19] INFO: Database connection established {"driver":"mysql","host":"db","database":"block_cms","connection_time":"0.95ms"}
[2025-09-22 15:07:19] DEBUG: Database transaction started
[2025-09-22 15:07:19] DEBUG: Records updated {"table":"pages","affected_rows":1,"where_conditions":["id"]}
[2025-09-22 15:07:19] DEBUG: Records updated {"table":"page_metadata","affected_rows":1,"where_conditions":["id"]}
[2025-09-22 15:07:19] DEBUG: Records updated {"table":"page_seo","affected_rows":1,"where_conditions":["id"]}
[2025-09-22 15:07:19] DEBUG: Record inserted {"table":"page_settings","insert_id":59,"data_keys":["template","custom_css","custom_js","redirect_url","menu_order","parent_page","latitude","longitude","address","price","currency","sale_price","recurring","recurring_period","page_id","created_at","updated_at"]}
[2025-09-22 15:07:19] DEBUG: Records deleted {"table":"page_access_roles","affected_rows":1,"where_conditions":["page_id"]}
[2025-09-22 15:07:19] DEBUG: Record inserted {"table":"page_access_roles","insert_id":2,"data_keys":["page_id","role","created_at","updated_at"]}
[2025-09-22 15:07:24] INFO: Database connection established {"driver":"mysql","host":"db","database":"block_cms","connection_time":"0.98ms"}
[2025-09-22 15:07:24] DEBUG: Database transaction started
[2025-09-22 15:07:24] DEBUG: Records updated {"table":"pages","affected_rows":1,"where_conditions":["id"]}
[2025-09-22 15:07:24] DEBUG: Records updated {"table":"page_metadata","affected_rows":1,"where_conditions":["id"]}
[2025-09-22 15:07:24] DEBUG: Records updated {"table":"page_seo","affected_rows":1,"where_conditions":["id"]}
[2025-09-22 15:07:24] DEBUG: Record inserted {"table":"page_settings","insert_id":60,"data_keys":["template","custom_css","custom_js","redirect_url","menu_order","parent_page","latitude","longitude","address","price","currency","sale_price","recurring","recurring_period","page_id","created_at","updated_at"]}
[2025-09-22 15:07:24] DEBUG: Records deleted {"table":"page_access_roles","affected_rows":1,"where_conditions":["page_id"]}
[2025-09-22 15:07:24] DEBUG: Record inserted {"table":"page_access_roles","insert_id":3,"data_keys":["page_id","role","created_at","updated_at"]}
[2025-09-22 15:07:24] DEBUG: Record inserted {"table":"page_social","insert_id":52,"data_keys":["enable_sharing","platforms","share_text","share_hashtags","share_via","track_shares","track_clicks","pixel_ids","gtm_events","show_follower_count","show_share_count","show_recent_activity","testimonial_integration","auto_embed_links","embed_width","embed_height","lazy_load_embeds","page_id","created_at","updated_at"]}
[2025-09-22 15:07:24] DEBUG: Records deleted {"table":"page_categories","affected_rows":2,"where_conditions":["page_id"]}
[2025-09-22 15:07:24] DEBUG: Record inserted {"table":"categories","insert_id":151,"data_keys":["name","slug","is_active","created_at","updated_at"]}
[2025-09-22 15:07:24] DEBUG: Record inserted {"table":"page_categories","insert_id":150,"data_keys":["page_id","category_id","created_at","updated_at"]}
[2025-09-22 15:07:24] DEBUG: Record inserted {"table":"categories","insert_id":152,"data_keys":["name","slug","is_active","created_at","updated_at"]}
[2025-09-22 15:07:24] DEBUG: Record inserted {"table":"page_categories","insert_id":151,"data_keys":["page_id","category_id","created_at","updated_at"]}
[2025-09-22 15:07:24] DEBUG: Record inserted {"table":"categories","insert_id":153,"data_keys":["name","slug","is_active","created_at","updated_at"]}
[2025-09-22 15:07:24] DEBUG: Record inserted {"table":"page_categories","insert_id":152,"data_keys":["page_id","category_id","created_at","updated_at"]}
[2025-09-22 15:07:24] DEBUG: Records deleted {"table":"page_tags","affected_rows":2,"where_conditions":["page_id"]}
[2025-09-22 15:07:24] DEBUG: Records updated {"table":"tags","affected_rows":1,"where_conditions":["id"]}
[2025-09-22 15:07:24] DEBUG: Record inserted {"table":"tags","insert_id":96,"data_keys":["name","slug","usage_count","created_at","updated_at"]}
[2025-09-22 15:07:24] DEBUG: Record inserted {"table":"page_tags","insert_id":96,"data_keys":["page_id","tag_id","created_at","updated_at"]}
[2025-09-22 15:07:24] DEBUG: Record inserted {"table":"tags","insert_id":97,"data_keys":["name","slug","usage_count","created_at","updated_at"]}
[2025-09-22 15:07:24] DEBUG: Record inserted {"table":"page_tags","insert_id":97,"data_keys":["page_id","tag_id","created_at","updated_at"]}
[2025-09-22 15:07:24] DEBUG: Record inserted {"table":"tags","insert_id":98,"data_keys":["name","slug","usage_count","created_at","updated_at"]}
[2025-09-22 15:07:24] DEBUG: Record inserted {"table":"page_tags","insert_id":98,"data_keys":["page_id","tag_id","created_at","updated_at"]}
[2025-09-22 15:13:42] INFO: Database connection established {"driver":"mysql","host":"db","database":"block_cms","connection_time":"1.77ms"}
[2025-09-22 15:13:42] DEBUG: Database transaction started
[2025-09-22 15:13:42] DEBUG: Records updated {"table":"pages","affected_rows":1,"where_conditions":["id"]}
[2025-09-22 15:13:42] DEBUG: Records updated {"table":"page_metadata","affected_rows":1,"where_conditions":["id"]}
[2025-09-22 15:13:42] DEBUG: Records updated {"table":"page_seo","affected_rows":1,"where_conditions":["id"]}
[2025-09-22 15:13:42] DEBUG: Record inserted {"table":"page_settings","insert_id":61,"data_keys":["template","custom_css","custom_js","redirect_url","menu_order","parent_page","latitude","longitude","address","price","currency","sale_price","recurring","recurring_period","page_id","created_at","updated_at"]}
[2025-09-22 15:13:42] DEBUG: Records deleted {"table":"page_access_roles","affected_rows":1,"where_conditions":["page_id"]}
[2025-09-22 15:13:42] DEBUG: Record inserted {"table":"page_access_roles","insert_id":4,"data_keys":["page_id","role","created_at","updated_at"]}
[2025-09-22 15:13:42] DEBUG: Record inserted {"table":"page_social","insert_id":53,"data_keys":["enable_sharing","platforms","share_text","share_hashtags","share_via","track_shares","track_clicks","pixel_ids","gtm_events","show_follower_count","show_share_count","show_recent_activity","testimonial_integration","auto_embed_links","embed_width","embed_height","lazy_load_embeds","page_id","created_at","updated_at"]}
[2025-09-22 15:13:42] DEBUG: Records deleted {"table":"page_categories","affected_rows":2,"where_conditions":["page_id"]}
[2025-09-22 15:13:42] DEBUG: Record inserted {"table":"categories","insert_id":154,"data_keys":["name","slug","is_active","created_at","updated_at"]}
[2025-09-22 15:13:42] DEBUG: Record inserted {"table":"page_categories","insert_id":153,"data_keys":["page_id","category_id","created_at","updated_at"]}
[2025-09-22 15:13:42] DEBUG: Record inserted {"table":"categories","insert_id":155,"data_keys":["name","slug","is_active","created_at","updated_at"]}
[2025-09-22 15:13:42] DEBUG: Record inserted {"table":"page_categories","insert_id":154,"data_keys":["page_id","category_id","created_at","updated_at"]}
[2025-09-22 15:13:42] DEBUG: Record inserted {"table":"categories","insert_id":156,"data_keys":["name","slug","is_active","created_at","updated_at"]}
[2025-09-22 15:13:42] DEBUG: Record inserted {"table":"page_categories","insert_id":155,"data_keys":["page_id","category_id","created_at","updated_at"]}
[2025-09-22 15:13:42] DEBUG: Records deleted {"table":"page_tags","affected_rows":2,"where_conditions":["page_id"]}
[2025-09-22 15:13:42] DEBUG: Records updated {"table":"tags","affected_rows":1,"where_conditions":["id"]}
[2025-09-22 15:13:42] DEBUG: Record inserted {"table":"tags","insert_id":99,"data_keys":["name","slug","usage_count","created_at","updated_at"]}
[2025-09-22 15:13:42] DEBUG: Record inserted {"table":"page_tags","insert_id":99,"data_keys":["page_id","tag_id","created_at","updated_at"]}
[2025-09-22 15:13:42] DEBUG: Record inserted {"table":"tags","insert_id":100,"data_keys":["name","slug","usage_count","created_at","updated_at"]}
[2025-09-22 15:13:42] DEBUG: Record inserted {"table":"page_tags","insert_id":100,"data_keys":["page_id","tag_id","created_at","updated_at"]}
[2025-09-22 15:13:42] DEBUG: Record inserted {"table":"tags","insert_id":101,"data_keys":["name","slug","usage_count","created_at","updated_at"]}
[2025-09-22 15:13:42] DEBUG: Record inserted {"table":"page_tags","insert_id":101,"data_keys":["page_id","tag_id","created_at","updated_at"]}
[2025-09-22 15:13:43] INFO: Database connection established {"driver":"mysql","host":"db","database":"block_cms","connection_time":"1.09ms"}
[2025-09-22 15:13:43] DEBUG: Database transaction started
[2025-09-22 15:13:43] DEBUG: Records updated {"table":"pages","affected_rows":1,"where_conditions":["id"]}
[2025-09-22 15:13:43] DEBUG: Records updated {"table":"page_metadata","affected_rows":1,"where_conditions":["id"]}
[2025-09-22 15:13:43] DEBUG: Records updated {"table":"page_seo","affected_rows":1,"where_conditions":["id"]}
[2025-09-22 15:13:43] DEBUG: Record inserted {"table":"page_settings","insert_id":62,"data_keys":["template","custom_css","custom_js","redirect_url","menu_order","parent_page","latitude","longitude","address","price","currency","sale_price","recurring","recurring_period","page_id","created_at","updated_at"]}
[2025-09-22 15:13:43] DEBUG: Records deleted {"table":"page_access_roles","affected_rows":1,"where_conditions":["page_id"]}
[2025-09-22 15:13:43] DEBUG: Record inserted {"table":"page_access_roles","insert_id":5,"data_keys":["page_id","role","created_at","updated_at"]}
[2025-09-22 15:13:43] DEBUG: Record inserted {"table":"page_social","insert_id":54,"data_keys":["enable_sharing","platforms","share_text","share_hashtags","share_via","track_shares","track_clicks","pixel_ids","gtm_events","show_follower_count","show_share_count","show_recent_activity","testimonial_integration","auto_embed_links","embed_width","embed_height","lazy_load_embeds","page_id","created_at","updated_at"]}
[2025-09-22 15:13:43] DEBUG: Records deleted {"table":"page_categories","affected_rows":2,"where_conditions":["page_id"]}
[2025-09-22 15:13:43] DEBUG: Record inserted {"table":"categories","insert_id":157,"data_keys":["name","slug","is_active","created_at","updated_at"]}
[2025-09-22 15:13:43] DEBUG: Record inserted {"table":"page_categories","insert_id":156,"data_keys":["page_id","category_id","created_at","updated_at"]}
[2025-09-22 15:13:43] DEBUG: Record inserted {"table":"categories","insert_id":158,"data_keys":["name","slug","is_active","created_at","updated_at"]}
[2025-09-22 15:13:43] DEBUG: Record inserted {"table":"page_categories","insert_id":157,"data_keys":["page_id","category_id","created_at","updated_at"]}
[2025-09-22 15:13:43] DEBUG: Record inserted {"table":"categories","insert_id":159,"data_keys":["name","slug","is_active","created_at","updated_at"]}
[2025-09-22 15:13:43] DEBUG: Record inserted {"table":"page_categories","insert_id":158,"data_keys":["page_id","category_id","created_at","updated_at"]}
[2025-09-22 15:13:43] DEBUG: Records deleted {"table":"page_tags","affected_rows":2,"where_conditions":["page_id"]}
[2025-09-22 15:13:43] DEBUG: Records updated {"table":"tags","affected_rows":1,"where_conditions":["id"]}
[2025-09-22 15:13:43] DEBUG: Record inserted {"table":"tags","insert_id":102,"data_keys":["name","slug","usage_count","created_at","updated_at"]}
[2025-09-22 15:13:43] DEBUG: Record inserted {"table":"page_tags","insert_id":102,"data_keys":["page_id","tag_id","created_at","updated_at"]}
[2025-09-22 15:13:43] DEBUG: Record inserted {"table":"tags","insert_id":103,"data_keys":["name","slug","usage_count","created_at","updated_at"]}
[2025-09-22 15:13:43] DEBUG: Record inserted {"table":"page_tags","insert_id":103,"data_keys":["page_id","tag_id","created_at","updated_at"]}
[2025-09-22 15:13:43] DEBUG: Record inserted {"table":"tags","insert_id":104,"data_keys":["name","slug","usage_count","created_at","updated_at"]}
[2025-09-22 15:13:43] DEBUG: Record inserted {"table":"page_tags","insert_id":104,"data_keys":["page_id","tag_id","created_at","updated_at"]}
[2025-09-22 15:13:49] INFO: Database connection established {"driver":"mysql","host":"db","database":"block_cms","connection_time":"1.66ms"}
[2025-09-22 15:13:49] DEBUG: Database transaction started
[2025-09-22 15:13:49] INFO: Creating new page {"title":"test mike"}
[2025-09-22 15:13:49] DEBUG: Record inserted {"table":"pages","insert_id":46,"data_keys":["title","slug","status","meta_title","meta_description","published_at","created_at","updated_at"]}
[2025-09-22 15:13:49] INFO: Page created successfully {"page_id":46}
[2025-09-22 15:13:49] DEBUG: Record inserted {"table":"page_metadata","insert_id":28,"data_keys":["content_type","block_category","author","publish_date","expiry_date","visibility","password","featured","allow_comments","is_reusable_block","block_preview_image","page_id","created_at","updated_at"]}
[2025-09-22 15:13:49] DEBUG: Record inserted {"table":"page_seo","insert_id":28,"data_keys":["meta_keywords","canonical_url","no_index","no_follow","og_title","og_description","og_image","twitter_card","schema_markup","page_id","created_at","updated_at"]}
[2025-09-22 15:13:49] DEBUG: Record inserted {"table":"page_settings","insert_id":63,"data_keys":["template","custom_css","custom_js","redirect_url","menu_order","parent_page","latitude","longitude","address","price","currency","sale_price","recurring","recurring_period","page_id","created_at","updated_at"]}
[2025-09-22 15:13:49] DEBUG: Records deleted {"table":"page_access_roles","affected_rows":0,"where_conditions":["page_id"]}
[2025-09-22 15:13:49] DEBUG: Record inserted {"table":"page_access_roles","insert_id":6,"data_keys":["page_id","role","created_at","updated_at"]}
[2025-09-22 15:13:49] DEBUG: Record inserted {"table":"page_social","insert_id":55,"data_keys":["enable_sharing","platforms","share_text","share_hashtags","share_via","track_shares","track_clicks","pixel_ids","gtm_events","show_follower_count","show_share_count","show_recent_activity","testimonial_integration","auto_embed_links","embed_width","embed_height","lazy_load_embeds","page_id","created_at","updated_at"]}
[2025-09-22 15:13:49] DEBUG: Records deleted {"table":"page_categories","affected_rows":0,"where_conditions":["page_id"]}
[2025-09-22 15:13:49] DEBUG: Record inserted {"table":"categories","insert_id":160,"data_keys":["name","slug","is_active","created_at","updated_at"]}
[2025-09-22 15:13:49] DEBUG: Record inserted {"table":"page_categories","insert_id":159,"data_keys":["page_id","category_id","created_at","updated_at"]}
[2025-09-22 15:13:49] DEBUG: Record inserted {"table":"categories","insert_id":161,"data_keys":["name","slug","is_active","created_at","updated_at"]}
[2025-09-22 15:13:49] DEBUG: Record inserted {"table":"page_categories","insert_id":160,"data_keys":["page_id","category_id","created_at","updated_at"]}
[2025-09-22 15:13:49] DEBUG: Record inserted {"table":"categories","insert_id":162,"data_keys":["name","slug","is_active","created_at","updated_at"]}
[2025-09-22 15:13:49] DEBUG: Record inserted {"table":"page_categories","insert_id":161,"data_keys":["page_id","category_id","created_at","updated_at"]}
[2025-09-22 15:13:49] DEBUG: Records deleted {"table":"page_tags","affected_rows":0,"where_conditions":["page_id"]}
[2025-09-22 15:13:49] DEBUG: Record inserted {"table":"tags","insert_id":105,"data_keys":["name","slug","usage_count","created_at","updated_at"]}
[2025-09-22 15:13:49] DEBUG: Record inserted {"table":"page_tags","insert_id":105,"data_keys":["page_id","tag_id","created_at","updated_at"]}
[2025-09-22 15:13:49] DEBUG: Record inserted {"table":"tags","insert_id":106,"data_keys":["name","slug","usage_count","created_at","updated_at"]}
[2025-09-22 15:13:49] DEBUG: Record inserted {"table":"page_tags","insert_id":106,"data_keys":["page_id","tag_id","created_at","updated_at"]}
[2025-09-22 15:13:49] DEBUG: Record inserted {"table":"tags","insert_id":107,"data_keys":["name","slug","usage_count","created_at","updated_at"]}
[2025-09-22 15:13:49] DEBUG: Record inserted {"table":"page_tags","insert_id":107,"data_keys":["page_id","tag_id","created_at","updated_at"]}
[2025-09-22 15:15:54] INFO: Database connection established {"driver":"mysql","host":"db","database":"block_cms","connection_time":"1.47ms"}
[2025-09-22 15:15:54] DEBUG: Database transaction started
[2025-09-22 15:15:54] INFO: Creating new page {"title":"test mike"}
[2025-09-22 15:15:54] DEBUG: Record inserted {"table":"pages","insert_id":47,"data_keys":["title","slug","status","meta_title","meta_description","published_at","created_at","updated_at"]}
[2025-09-22 15:15:54] INFO: Page created successfully {"page_id":47}
[2025-09-22 15:15:54] DEBUG: Record inserted {"table":"page_metadata","insert_id":29,"data_keys":["content_type","block_category","author","publish_date","expiry_date","visibility","password","featured","allow_comments","is_reusable_block","block_preview_image","page_id","created_at","updated_at"]}
[2025-09-22 15:15:54] DEBUG: Record inserted {"table":"page_seo","insert_id":29,"data_keys":["meta_keywords","canonical_url","no_index","no_follow","og_title","og_description","og_image","twitter_card","schema_markup","page_id","created_at","updated_at"]}
[2025-09-22 15:15:54] DEBUG: Record inserted {"table":"page_settings","insert_id":64,"data_keys":["template","custom_css","custom_js","redirect_url","menu_order","parent_page","latitude","longitude","address","price","currency","sale_price","recurring","recurring_period","page_id","created_at","updated_at"]}
[2025-09-22 15:15:54] DEBUG: Records deleted {"table":"page_access_roles","affected_rows":0,"where_conditions":["page_id"]}
[2025-09-22 15:15:54] DEBUG: Record inserted {"table":"page_access_roles","insert_id":7,"data_keys":["page_id","role","created_at","updated_at"]}
[2025-09-22 15:15:54] DEBUG: Record inserted {"table":"page_social","insert_id":56,"data_keys":["enable_sharing","platforms","share_text","share_hashtags","share_via","track_shares","track_clicks","pixel_ids","gtm_events","show_follower_count","show_share_count","show_recent_activity","testimonial_integration","auto_embed_links","embed_width","embed_height","lazy_load_embeds","page_id","created_at","updated_at"]}
[2025-09-22 15:15:54] DEBUG: Records deleted {"table":"page_categories","affected_rows":0,"where_conditions":["page_id"]}
[2025-09-22 15:15:54] DEBUG: Record inserted {"table":"categories","insert_id":163,"data_keys":["name","slug","is_active","created_at","updated_at"]}
[2025-09-22 15:15:54] DEBUG: Record inserted {"table":"page_categories","insert_id":162,"data_keys":["page_id","category_id","created_at","updated_at"]}
[2025-09-22 15:15:54] DEBUG: Record inserted {"table":"categories","insert_id":164,"data_keys":["name","slug","is_active","created_at","updated_at"]}
[2025-09-22 15:15:54] DEBUG: Record inserted {"table":"page_categories","insert_id":163,"data_keys":["page_id","category_id","created_at","updated_at"]}
[2025-09-22 15:15:54] DEBUG: Record inserted {"table":"categories","insert_id":165,"data_keys":["name","slug","is_active","created_at","updated_at"]}
[2025-09-22 15:15:54] DEBUG: Record inserted {"table":"page_categories","insert_id":164,"data_keys":["page_id","category_id","created_at","updated_at"]}
[2025-09-22 15:15:54] DEBUG: Records deleted {"table":"page_tags","affected_rows":0,"where_conditions":["page_id"]}
[2025-09-22 15:15:54] DEBUG: Record inserted {"table":"tags","insert_id":108,"data_keys":["name","slug","usage_count","created_at","updated_at"]}
[2025-09-22 15:15:54] DEBUG: Record inserted {"table":"page_tags","insert_id":108,"data_keys":["page_id","tag_id","created_at","updated_at"]}
[2025-09-22 15:15:54] DEBUG: Record inserted {"table":"tags","insert_id":109,"data_keys":["name","slug","usage_count","created_at","updated_at"]}
[2025-09-22 15:15:54] DEBUG: Record inserted {"table":"page_tags","insert_id":109,"data_keys":["page_id","tag_id","created_at","updated_at"]}
[2025-09-22 15:15:54] DEBUG: Record inserted {"table":"tags","insert_id":110,"data_keys":["name","slug","usage_count","created_at","updated_at"]}
[2025-09-22 15:15:54] DEBUG: Record inserted {"table":"page_tags","insert_id":110,"data_keys":["page_id","tag_id","created_at","updated_at"]}
[2025-09-22 15:15:55] INFO: Database connection established {"driver":"mysql","host":"db","database":"block_cms","connection_time":"0.61ms"}
[2025-09-22 15:15:55] DEBUG: Database transaction started
[2025-09-22 15:15:55] INFO: Creating new page {"title":"test mike"}
[2025-09-22 15:15:55] DEBUG: Record inserted {"table":"pages","insert_id":48,"data_keys":["title","slug","status","meta_title","meta_description","published_at","created_at","updated_at"]}
[2025-09-22 15:15:55] INFO: Page created successfully {"page_id":48}
[2025-09-22 15:15:55] DEBUG: Record inserted {"table":"page_metadata","insert_id":30,"data_keys":["content_type","block_category","author","publish_date","expiry_date","visibility","password","featured","allow_comments","is_reusable_block","block_preview_image","page_id","created_at","updated_at"]}
[2025-09-22 15:15:55] DEBUG: Record inserted {"table":"page_seo","insert_id":30,"data_keys":["meta_keywords","canonical_url","no_index","no_follow","og_title","og_description","og_image","twitter_card","schema_markup","page_id","created_at","updated_at"]}
[2025-09-22 15:15:55] DEBUG: Record inserted {"table":"page_settings","insert_id":65,"data_keys":["template","custom_css","custom_js","redirect_url","menu_order","parent_page","latitude","longitude","address","price","currency","sale_price","recurring","recurring_period","page_id","created_at","updated_at"]}
[2025-09-22 15:15:55] DEBUG: Records deleted {"table":"page_access_roles","affected_rows":0,"where_conditions":["page_id"]}
[2025-09-22 15:15:55] DEBUG: Record inserted {"table":"page_access_roles","insert_id":8,"data_keys":["page_id","role","created_at","updated_at"]}
[2025-09-22 15:15:55] DEBUG: Record inserted {"table":"page_social","insert_id":57,"data_keys":["enable_sharing","platforms","share_text","share_hashtags","share_via","track_shares","track_clicks","pixel_ids","gtm_events","show_follower_count","show_share_count","show_recent_activity","testimonial_integration","auto_embed_links","embed_width","embed_height","lazy_load_embeds","page_id","created_at","updated_at"]}
[2025-09-22 15:15:55] DEBUG: Records deleted {"table":"page_categories","affected_rows":0,"where_conditions":["page_id"]}
[2025-09-22 15:15:55] DEBUG: Record inserted {"table":"categories","insert_id":166,"data_keys":["name","slug","is_active","created_at","updated_at"]}
[2025-09-22 15:15:55] DEBUG: Record inserted {"table":"page_categories","insert_id":165,"data_keys":["page_id","category_id","created_at","updated_at"]}
[2025-09-22 15:15:55] DEBUG: Record inserted {"table":"categories","insert_id":167,"data_keys":["name","slug","is_active","created_at","updated_at"]}
[2025-09-22 15:15:55] DEBUG: Record inserted {"table":"page_categories","insert_id":166,"data_keys":["page_id","category_id","created_at","updated_at"]}
[2025-09-22 15:15:55] DEBUG: Record inserted {"table":"categories","insert_id":168,"data_keys":["name","slug","is_active","created_at","updated_at"]}
[2025-09-22 15:15:55] DEBUG: Record inserted {"table":"page_categories","insert_id":167,"data_keys":["page_id","category_id","created_at","updated_at"]}
[2025-09-22 15:15:55] DEBUG: Records deleted {"table":"page_tags","affected_rows":0,"where_conditions":["page_id"]}
[2025-09-22 15:15:55] DEBUG: Record inserted {"table":"tags","insert_id":111,"data_keys":["name","slug","usage_count","created_at","updated_at"]}
[2025-09-22 15:15:55] DEBUG: Record inserted {"table":"page_tags","insert_id":111,"data_keys":["page_id","tag_id","created_at","updated_at"]}
[2025-09-22 15:15:55] DEBUG: Record inserted {"table":"tags","insert_id":112,"data_keys":["name","slug","usage_count","created_at","updated_at"]}
[2025-09-22 15:15:55] DEBUG: Record inserted {"table":"page_tags","insert_id":112,"data_keys":["page_id","tag_id","created_at","updated_at"]}
[2025-09-22 15:15:55] DEBUG: Record inserted {"table":"tags","insert_id":113,"data_keys":["name","slug","usage_count","created_at","updated_at"]}
[2025-09-22 15:15:55] DEBUG: Record inserted {"table":"page_tags","insert_id":113,"data_keys":["page_id","tag_id","created_at","updated_at"]}
[2025-09-22 15:16:12] INFO: Database connection established {"driver":"mysql","host":"db","database":"block_cms","connection_time":"0.97ms"}
[2025-09-22 15:16:12] DEBUG: Database transaction started
[2025-09-22 15:16:12] INFO: Creating new page {"title":"test mike"}
[2025-09-22 15:16:18] INFO: Database connection established {"driver":"mysql","host":"db","database":"block_cms","connection_time":"1.11ms"}
[2025-09-22 15:16:18] DEBUG: Database transaction started
[2025-09-22 15:16:18] INFO: Creating new page {"title":"test mike"}
[2025-09-22 15:16:26] INFO: Database connection established {"driver":"mysql","host":"db","database":"block_cms","connection_time":"1.48ms"}
[2025-09-22 15:16:26] DEBUG: Database transaction started
[2025-09-22 15:16:26] INFO: Creating new page {"title":"test mike"}
[2025-09-22 15:16:51] INFO: Database connection established {"driver":"mysql","host":"db","database":"block_cms","connection_time":"2.92ms"}
[2025-09-22 15:16:51] DEBUG: Database transaction started
[2025-09-22 15:16:51] INFO: Creating new page {"title":"test mike"}
[2025-09-22 15:16:54] INFO: Database connection established {"driver":"mysql","host":"db","database":"block_cms","connection_time":"1.77ms"}
[2025-09-22 15:16:54] DEBUG: Database transaction started
[2025-09-22 15:17:06] INFO: Database connection established {"driver":"mysql","host":"db","database":"block_cms","connection_time":"0.98ms"}
[2025-09-22 15:17:06] DEBUG: Database transaction started
[2025-09-22 15:18:26] INFO: Database connection established {"driver":"mysql","host":"db","database":"block_cms","connection_time":"1.8ms"}
[2025-09-22 15:18:26] DEBUG: Database transaction started
[2025-09-22 15:18:32] INFO: Database connection established {"driver":"mysql","host":"db","database":"block_cms","connection_time":"2.05ms"}
[2025-09-22 15:18:32] DEBUG: Database transaction started
[2025-09-22 15:21:23] INFO: Database connection established {"driver":"mysql","host":"db","database":"block_cms","connection_time":"1.04ms"}
[2025-09-22 15:21:23] DEBUG: Database transaction started
[2025-09-22 15:21:57] INFO: Database connection established {"driver":"mysql","host":"db","database":"block_cms","connection_time":"0.62ms"}
[2025-09-22 15:21:57] DEBUG: Database transaction started
[2025-09-22 15:21:57] DEBUG: Records updated {"table":"pages","affected_rows":1,"where_conditions":["id"]}
[2025-09-22 15:21:57] DEBUG: Records updated {"table":"page_metadata","affected_rows":1,"where_conditions":["id"]}
[2025-09-22 15:21:57] DEBUG: Records updated {"table":"page_seo","affected_rows":1,"where_conditions":["id"]}
[2025-09-22 15:21:57] DEBUG: Record inserted {"table":"page_settings","insert_id":66,"data_keys":["template","custom_css","custom_js","redirect_url","menu_order","parent_page","latitude","longitude","address","price","currency","sale_price","recurring","recurring_period","page_id","created_at","updated_at"]}
[2025-09-22 15:21:57] DEBUG: Records deleted {"table":"page_access_roles","affected_rows":1,"where_conditions":["page_id"]}
[2025-09-22 15:21:57] DEBUG: Record inserted {"table":"page_access_roles","insert_id":9,"data_keys":["page_id","role","created_at","updated_at"]}
[2025-09-22 15:21:57] DEBUG: Record inserted {"table":"page_social","insert_id":58,"data_keys":["enable_sharing","platforms","share_text","share_hashtags","share_via","track_shares","track_clicks","pixel_ids","gtm_events","show_follower_count","show_share_count","show_recent_activity","testimonial_integration","auto_embed_links","embed_width","embed_height","lazy_load_embeds","page_id","created_at","updated_at"]}
[2025-09-22 15:21:57] DEBUG: Records deleted {"table":"page_categories","affected_rows":2,"where_conditions":["page_id"]}
[2025-09-22 15:21:57] DEBUG: Record inserted {"table":"categories","insert_id":169,"data_keys":["name","slug","is_active","created_at","updated_at"]}
[2025-09-22 15:21:57] DEBUG: Record inserted {"table":"page_categories","insert_id":168,"data_keys":["page_id","category_id","created_at","updated_at"]}
[2025-09-22 15:21:57] DEBUG: Record inserted {"table":"categories","insert_id":170,"data_keys":["name","slug","is_active","created_at","updated_at"]}
[2025-09-22 15:21:57] DEBUG: Record inserted {"table":"page_categories","insert_id":169,"data_keys":["page_id","category_id","created_at","updated_at"]}
[2025-09-22 15:21:57] DEBUG: Record inserted {"table":"categories","insert_id":171,"data_keys":["name","slug","is_active","created_at","updated_at"]}
[2025-09-22 15:21:57] DEBUG: Record inserted {"table":"page_categories","insert_id":170,"data_keys":["page_id","category_id","created_at","updated_at"]}
[2025-09-22 15:21:57] DEBUG: Records deleted {"table":"page_tags","affected_rows":2,"where_conditions":["page_id"]}
[2025-09-22 15:21:57] DEBUG: Records updated {"table":"tags","affected_rows":1,"where_conditions":["id"]}
[2025-09-22 15:21:57] DEBUG: Record inserted {"table":"tags","insert_id":114,"data_keys":["name","slug","usage_count","created_at","updated_at"]}
[2025-09-22 15:21:57] DEBUG: Record inserted {"table":"page_tags","insert_id":114,"data_keys":["page_id","tag_id","created_at","updated_at"]}
[2025-09-22 15:21:57] DEBUG: Record inserted {"table":"tags","insert_id":115,"data_keys":["name","slug","usage_count","created_at","updated_at"]}
[2025-09-22 15:21:57] DEBUG: Record inserted {"table":"page_tags","insert_id":115,"data_keys":["page_id","tag_id","created_at","updated_at"]}
[2025-09-22 15:21:57] DEBUG: Record inserted {"table":"tags","insert_id":116,"data_keys":["name","slug","usage_count","created_at","updated_at"]}
[2025-09-22 15:21:57] DEBUG: Record inserted {"table":"page_tags","insert_id":116,"data_keys":["page_id","tag_id","created_at","updated_at"]}
[2025-09-22 15:22:12] INFO: Database connection established {"driver":"mysql","host":"db","database":"block_cms","connection_time":"2.52ms"}
[2025-09-22 15:22:12] DEBUG: Database transaction started
[2025-09-22 15:22:12] DEBUG: Records updated {"table":"pages","affected_rows":1,"where_conditions":["id"]}
[2025-09-22 15:22:12] DEBUG: Records updated {"table":"page_metadata","affected_rows":1,"where_conditions":["id"]}
[2025-09-22 15:22:12] DEBUG: Records updated {"table":"page_seo","affected_rows":1,"where_conditions":["id"]}
[2025-09-22 15:22:12] DEBUG: Record inserted {"table":"page_settings","insert_id":67,"data_keys":["template","custom_css","custom_js","redirect_url","menu_order","parent_page","latitude","longitude","address","price","currency","sale_price","recurring","recurring_period","page_id","created_at","updated_at"]}
[2025-09-22 15:22:12] DEBUG: Records deleted {"table":"page_access_roles","affected_rows":1,"where_conditions":["page_id"]}
[2025-09-22 15:22:12] DEBUG: Record inserted {"table":"page_access_roles","insert_id":10,"data_keys":["page_id","role","created_at","updated_at"]}
[2025-09-22 15:22:12] DEBUG: Record inserted {"table":"page_social","insert_id":59,"data_keys":["enable_sharing","platforms","share_text","share_hashtags","share_via","track_shares","track_clicks","pixel_ids","gtm_events","show_follower_count","show_share_count","show_recent_activity","testimonial_integration","auto_embed_links","embed_width","embed_height","lazy_load_embeds","page_id","created_at","updated_at"]}
[2025-09-22 15:22:12] DEBUG: Records deleted {"table":"page_categories","affected_rows":2,"where_conditions":["page_id"]}
[2025-09-22 15:22:12] DEBUG: Record inserted {"table":"categories","insert_id":172,"data_keys":["name","slug","is_active","created_at","updated_at"]}
[2025-09-22 15:22:12] DEBUG: Record inserted {"table":"page_categories","insert_id":171,"data_keys":["page_id","category_id","created_at","updated_at"]}
[2025-09-22 15:22:12] DEBUG: Record inserted {"table":"categories","insert_id":173,"data_keys":["name","slug","is_active","created_at","updated_at"]}
[2025-09-22 15:22:12] DEBUG: Record inserted {"table":"page_categories","insert_id":172,"data_keys":["page_id","category_id","created_at","updated_at"]}
[2025-09-22 15:22:12] DEBUG: Record inserted {"table":"categories","insert_id":174,"data_keys":["name","slug","is_active","created_at","updated_at"]}
[2025-09-22 15:22:12] DEBUG: Record inserted {"table":"page_categories","insert_id":173,"data_keys":["page_id","category_id","created_at","updated_at"]}
[2025-09-22 15:22:12] DEBUG: Records deleted {"table":"page_tags","affected_rows":2,"where_conditions":["page_id"]}
[2025-09-22 15:22:12] DEBUG: Records updated {"table":"tags","affected_rows":1,"where_conditions":["id"]}
[2025-09-22 15:22:12] DEBUG: Record inserted {"table":"tags","insert_id":117,"data_keys":["name","slug","usage_count","created_at","updated_at"]}
[2025-09-22 15:22:12] DEBUG: Record inserted {"table":"page_tags","insert_id":117,"data_keys":["page_id","tag_id","created_at","updated_at"]}
[2025-09-22 15:22:12] DEBUG: Record inserted {"table":"tags","insert_id":118,"data_keys":["name","slug","usage_count","created_at","updated_at"]}
[2025-09-22 15:22:12] DEBUG: Record inserted {"table":"page_tags","insert_id":118,"data_keys":["page_id","tag_id","created_at","updated_at"]}
[2025-09-22 15:22:12] DEBUG: Record inserted {"table":"tags","insert_id":119,"data_keys":["name","slug","usage_count","created_at","updated_at"]}
[2025-09-22 15:22:12] DEBUG: Record inserted {"table":"page_tags","insert_id":119,"data_keys":["page_id","tag_id","created_at","updated_at"]}
[2025-09-22 16:06:43] INFO: Database connection established {"driver":"mysql","host":"db","database":"block_cms","connection_time":"2.68ms"}
[2025-09-22 16:08:14] INFO: Database connection established {"driver":"mysql","host":"db","database":"block_cms","connection_time":"1.44ms"}
[2025-09-22 16:08:29] INFO: Database connection established {"driver":"mysql","host":"db","database":"block_cms","connection_time":"1.7ms"}
[2025-09-22 16:09:04] INFO: Database connection established {"driver":"mysql","host":"db","database":"block_cms","connection_time":"1.06ms"}
[2025-09-22 16:09:33] INFO: Database connection established {"driver":"mysql","host":"db","database":"block_cms","connection_time":"2.83ms"}
[2025-09-22 16:10:00] INFO: Database connection established {"driver":"mysql","host":"db","database":"block_cms","connection_time":"1.66ms"}
[2025-09-22 16:10:10] INFO: Database connection established {"driver":"mysql","host":"db","database":"block_cms","connection_time":"1.55ms"}
[2025-09-22 16:10:23] INFO: Database connection established {"driver":"mysql","host":"db","database":"block_cms","connection_time":"0.93ms"}
[2025-09-22 16:13:10] INFO: Database connection established {"driver":"mysql","host":"db","database":"block_cms","connection_time":"0.98ms"}
[2025-09-22 16:13:20] INFO: Database connection established {"driver":"mysql","host":"db","database":"block_cms","connection_time":"1.44ms"}
[2025-09-22 16:15:16] INFO: Database connection established {"driver":"mysql","host":"db","database":"block_cms","connection_time":"1.67ms"}
[2025-09-22 16:15:49] INFO: Database connection established {"driver":"mysql","host":"db","database":"block_cms","connection_time":"1.25ms"}
[2025-09-22 16:16:01] INFO: Database connection established {"driver":"mysql","host":"db","database":"block_cms","connection_time":"2.62ms"}
[2025-09-22 16:17:22] INFO: Database connection established {"driver":"mysql","host":"db","database":"block_cms","connection_time":"0.96ms"}
[2025-09-22 16:17:39] INFO: Database connection established {"driver":"mysql","host":"db","database":"block_cms","connection_time":"1.04ms"}
[2025-09-22 16:25:03] INFO: Database connection established {"driver":"mysql","host":"db","database":"block_cms","connection_time":"1.26ms"}
[2025-09-22 16:25:03] DEBUG: Database transaction started
[2025-09-22 16:25:03] DEBUG: Records updated {"table":"pages","affected_rows":1,"where_conditions":["id"]}
[2025-09-22 16:25:03] DEBUG: Records updated {"table":"page_metadata","affected_rows":1,"where_conditions":["id"]}
[2025-09-22 16:25:03] DEBUG: Records updated {"table":"page_seo","affected_rows":1,"where_conditions":["id"]}
[2025-09-22 16:25:03] DEBUG: Record inserted {"table":"page_settings","insert_id":68,"data_keys":["template","custom_css","custom_js","redirect_url","menu_order","parent_page","latitude","longitude","address","price","currency","sale_price","recurring","recurring_period","page_id","created_at","updated_at"]}
[2025-09-22 16:25:03] DEBUG: Records deleted {"table":"page_access_roles","affected_rows":1,"where_conditions":["page_id"]}
[2025-09-22 16:25:03] DEBUG: Record inserted {"table":"page_access_roles","insert_id":11,"data_keys":["page_id","role","created_at","updated_at"]}
[2025-09-22 16:25:03] DEBUG: Record inserted {"table":"page_social","insert_id":60,"data_keys":["enable_sharing","platforms","share_text","share_hashtags","share_via","track_shares","track_clicks","pixel_ids","gtm_events","show_follower_count","show_share_count","show_recent_activity","testimonial_integration","auto_embed_links","embed_width","embed_height","lazy_load_embeds","page_id","created_at","updated_at"]}
[2025-09-22 16:25:03] DEBUG: Records deleted {"table":"page_categories","affected_rows":2,"where_conditions":["page_id"]}
[2025-09-22 16:25:03] DEBUG: Record inserted {"table":"categories","insert_id":175,"data_keys":["name","slug","is_active","created_at","updated_at"]}
[2025-09-22 16:25:03] DEBUG: Record inserted {"table":"page_categories","insert_id":174,"data_keys":["page_id","category_id","created_at","updated_at"]}
[2025-09-22 16:25:03] DEBUG: Record inserted {"table":"categories","insert_id":176,"data_keys":["name","slug","is_active","created_at","updated_at"]}
[2025-09-22 16:25:03] DEBUG: Record inserted {"table":"page_categories","insert_id":175,"data_keys":["page_id","category_id","created_at","updated_at"]}
[2025-09-22 16:25:03] DEBUG: Record inserted {"table":"categories","insert_id":177,"data_keys":["name","slug","is_active","created_at","updated_at"]}
[2025-09-22 16:25:03] DEBUG: Record inserted {"table":"page_categories","insert_id":176,"data_keys":["page_id","category_id","created_at","updated_at"]}
[2025-09-22 16:25:03] DEBUG: Records deleted {"table":"page_tags","affected_rows":2,"where_conditions":["page_id"]}
[2025-09-22 16:25:03] DEBUG: Records updated {"table":"tags","affected_rows":1,"where_conditions":["id"]}
[2025-09-22 16:25:03] DEBUG: Record inserted {"table":"tags","insert_id":120,"data_keys":["name","slug","usage_count","created_at","updated_at"]}
[2025-09-22 16:25:03] DEBUG: Record inserted {"table":"page_tags","insert_id":120,"data_keys":["page_id","tag_id","created_at","updated_at"]}
[2025-09-22 16:25:03] DEBUG: Record inserted {"table":"tags","insert_id":121,"data_keys":["name","slug","usage_count","created_at","updated_at"]}
[2025-09-22 16:25:03] DEBUG: Record inserted {"table":"page_tags","insert_id":121,"data_keys":["page_id","tag_id","created_at","updated_at"]}
[2025-09-22 16:25:03] DEBUG: Record inserted {"table":"tags","insert_id":122,"data_keys":["name","slug","usage_count","created_at","updated_at"]}
[2025-09-22 16:25:03] DEBUG: Record inserted {"table":"page_tags","insert_id":122,"data_keys":["page_id","tag_id","created_at","updated_at"]}
[2025-09-22 16:27:31] INFO: Database connection established {"driver":"mysql","host":"db","database":"block_cms","connection_time":"1.16ms"}
[2025-09-22 16:27:31] DEBUG: Database transaction started
[2025-09-22 16:27:31] DEBUG: Records updated {"table":"pages","affected_rows":1,"where_conditions":["id"]}
[2025-09-22 16:27:31] DEBUG: Records updated {"table":"page_metadata","affected_rows":1,"where_conditions":["id"]}
[2025-09-22 16:27:31] DEBUG: Records updated {"table":"page_seo","affected_rows":1,"where_conditions":["id"]}
[2025-09-22 16:27:31] DEBUG: Record inserted {"table":"page_settings","insert_id":69,"data_keys":["template","custom_css","custom_js","redirect_url","menu_order","parent_page","latitude","longitude","address","price","currency","sale_price","recurring","recurring_period","page_id","created_at","updated_at"]}
[2025-09-22 16:27:31] DEBUG: Records deleted {"table":"page_access_roles","affected_rows":1,"where_conditions":["page_id"]}
[2025-09-22 16:27:31] DEBUG: Record inserted {"table":"page_access_roles","insert_id":12,"data_keys":["page_id","role","created_at","updated_at"]}
[2025-09-22 16:27:31] DEBUG: Record inserted {"table":"page_social","insert_id":61,"data_keys":["enable_sharing","platforms","share_text","share_hashtags","share_via","track_shares","track_clicks","pixel_ids","gtm_events","show_follower_count","show_share_count","show_recent_activity","testimonial_integration","auto_embed_links","embed_width","embed_height","lazy_load_embeds","page_id","created_at","updated_at"]}
[2025-09-22 16:27:31] DEBUG: Records deleted {"table":"page_categories","affected_rows":2,"where_conditions":["page_id"]}
[2025-09-22 16:27:31] DEBUG: Record inserted {"table":"categories","insert_id":178,"data_keys":["name","slug","is_active","created_at","updated_at"]}
[2025-09-22 16:27:31] DEBUG: Record inserted {"table":"page_categories","insert_id":177,"data_keys":["page_id","category_id","created_at","updated_at"]}
[2025-09-22 16:27:31] DEBUG: Record inserted {"table":"categories","insert_id":179,"data_keys":["name","slug","is_active","created_at","updated_at"]}
[2025-09-22 16:27:31] DEBUG: Record inserted {"table":"page_categories","insert_id":178,"data_keys":["page_id","category_id","created_at","updated_at"]}
[2025-09-22 16:27:31] DEBUG: Record inserted {"table":"categories","insert_id":180,"data_keys":["name","slug","is_active","created_at","updated_at"]}
[2025-09-22 16:27:31] DEBUG: Record inserted {"table":"page_categories","insert_id":179,"data_keys":["page_id","category_id","created_at","updated_at"]}
[2025-09-22 16:27:31] DEBUG: Records deleted {"table":"page_tags","affected_rows":2,"where_conditions":["page_id"]}
[2025-09-22 16:27:31] DEBUG: Records updated {"table":"tags","affected_rows":1,"where_conditions":["id"]}
[2025-09-22 16:27:31] DEBUG: Record inserted {"table":"tags","insert_id":123,"data_keys":["name","slug","usage_count","created_at","updated_at"]}
[2025-09-22 16:27:31] DEBUG: Record inserted {"table":"page_tags","insert_id":123,"data_keys":["page_id","tag_id","created_at","updated_at"]}
[2025-09-22 16:27:31] DEBUG: Record inserted {"table":"tags","insert_id":124,"data_keys":["name","slug","usage_count","created_at","updated_at"]}
[2025-09-22 16:27:31] DEBUG: Record inserted {"table":"page_tags","insert_id":124,"data_keys":["page_id","tag_id","created_at","updated_at"]}
[2025-09-22 16:27:31] DEBUG: Record inserted {"table":"tags","insert_id":125,"data_keys":["name","slug","usage_count","created_at","updated_at"]}
[2025-09-22 16:27:31] DEBUG: Record inserted {"table":"page_tags","insert_id":125,"data_keys":["page_id","tag_id","created_at","updated_at"]}
[2025-09-22 16:28:29] INFO: Database connection established {"driver":"mysql","host":"db","database":"block_cms","connection_time":"0.96ms"}
[2025-09-22 16:28:29] DEBUG: Database transaction started
[2025-09-22 16:28:29] DEBUG: Records updated {"table":"pages","affected_rows":1,"where_conditions":["id"]}
[2025-09-22 16:28:29] DEBUG: Records updated {"table":"page_metadata","affected_rows":1,"where_conditions":["id"]}
[2025-09-22 16:28:29] DEBUG: Records updated {"table":"page_seo","affected_rows":1,"where_conditions":["id"]}
[2025-09-22 16:28:29] DEBUG: Record inserted {"table":"page_settings","insert_id":70,"data_keys":["template","custom_css","custom_js","redirect_url","menu_order","parent_page","latitude","longitude","address","price","currency","sale_price","recurring","recurring_period","page_id","created_at","updated_at"]}
[2025-09-22 16:28:29] DEBUG: Records deleted {"table":"page_access_roles","affected_rows":1,"where_conditions":["page_id"]}
[2025-09-22 16:28:29] DEBUG: Record inserted {"table":"page_access_roles","insert_id":13,"data_keys":["page_id","role","created_at","updated_at"]}
[2025-09-22 16:28:29] DEBUG: Record inserted {"table":"page_social","insert_id":62,"data_keys":["enable_sharing","platforms","share_text","share_hashtags","share_via","track_shares","track_clicks","pixel_ids","gtm_events","show_follower_count","show_share_count","show_recent_activity","testimonial_integration","auto_embed_links","embed_width","embed_height","lazy_load_embeds","page_id","created_at","updated_at"]}
[2025-09-22 16:28:29] DEBUG: Records deleted {"table":"page_categories","affected_rows":2,"where_conditions":["page_id"]}
[2025-09-22 16:28:37] INFO: Database connection established {"driver":"mysql","host":"db","database":"block_cms","connection_time":"2.06ms"}
[2025-09-22 16:28:38] DEBUG: Database transaction started
[2025-09-22 16:28:38] DEBUG: Records updated {"table":"pages","affected_rows":1,"where_conditions":["id"]}
[2025-09-22 16:28:38] DEBUG: Records updated {"table":"page_metadata","affected_rows":1,"where_conditions":["id"]}
[2025-09-22 16:28:38] DEBUG: Records updated {"table":"page_seo","affected_rows":1,"where_conditions":["id"]}
[2025-09-22 16:28:38] DEBUG: Record inserted {"table":"page_settings","insert_id":71,"data_keys":["template","custom_css","custom_js","redirect_url","menu_order","parent_page","latitude","longitude","address","price","currency","sale_price","recurring","recurring_period","page_id","created_at","updated_at"]}
[2025-09-22 16:28:38] DEBUG: Records deleted {"table":"page_access_roles","affected_rows":1,"where_conditions":["page_id"]}
[2025-09-22 16:28:38] DEBUG: Record inserted {"table":"page_access_roles","insert_id":14,"data_keys":["page_id","role","created_at","updated_at"]}
[2025-09-22 16:28:38] DEBUG: Record inserted {"table":"page_social","insert_id":63,"data_keys":["enable_sharing","platforms","share_text","share_hashtags","share_via","track_shares","track_clicks","pixel_ids","gtm_events","show_follower_count","show_share_count","show_recent_activity","testimonial_integration","auto_embed_links","embed_width","embed_height","lazy_load_embeds","page_id","created_at","updated_at"]}
[2025-09-22 16:28:38] DEBUG: Records deleted {"table":"page_categories","affected_rows":2,"where_conditions":["page_id"]}
[2025-09-22 16:30:49] INFO: Database connection established {"driver":"mysql","host":"db","database":"block_cms","connection_time":"1.12ms"}
[2025-09-22 16:30:49] DEBUG: Database transaction started
[2025-09-22 16:30:49] DEBUG: Records updated {"table":"pages","affected_rows":1,"where_conditions":["id"]}
[2025-09-22 16:30:49] DEBUG: Records updated {"table":"page_metadata","affected_rows":1,"where_conditions":["id"]}
[2025-09-22 16:30:49] DEBUG: Records updated {"table":"page_seo","affected_rows":1,"where_conditions":["id"]}
[2025-09-22 16:30:49] DEBUG: Record inserted {"table":"page_settings","insert_id":72,"data_keys":["template","custom_css","custom_js","redirect_url","menu_order","parent_page","latitude","longitude","address","price","currency","sale_price","recurring","recurring_period","page_id","created_at","updated_at"]}
[2025-09-22 16:30:49] DEBUG: Records deleted {"table":"page_access_roles","affected_rows":1,"where_conditions":["page_id"]}
[2025-09-22 16:30:49] DEBUG: Record inserted {"table":"page_access_roles","insert_id":15,"data_keys":["page_id","role","created_at","updated_at"]}
[2025-09-22 16:30:49] DEBUG: Record inserted {"table":"page_social","insert_id":64,"data_keys":["enable_sharing","platforms","share_text","share_hashtags","share_via","track_shares","track_clicks","pixel_ids","gtm_events","show_follower_count","show_share_count","show_recent_activity","testimonial_integration","auto_embed_links","embed_width","embed_height","lazy_load_embeds","page_id","created_at","updated_at"]}
[2025-09-22 16:30:49] DEBUG: Records deleted {"table":"page_categories","affected_rows":2,"where_conditions":["page_id"]}
[2025-09-22 16:30:49] DEBUG: Record inserted {"table":"categories","insert_id":181,"data_keys":["name","slug","is_active","created_at","updated_at"]}
[2025-09-22 16:30:49] DEBUG: Record inserted {"table":"page_categories","insert_id":180,"data_keys":["page_id","category_id","created_at","updated_at"]}
[2025-09-22 16:30:49] DEBUG: Record inserted {"table":"categories","insert_id":182,"data_keys":["name","slug","is_active","created_at","updated_at"]}
[2025-09-22 16:30:49] DEBUG: Record inserted {"table":"page_categories","insert_id":181,"data_keys":["page_id","category_id","created_at","updated_at"]}
[2025-09-22 16:30:49] DEBUG: Record inserted {"table":"categories","insert_id":183,"data_keys":["name","slug","is_active","created_at","updated_at"]}
[2025-09-22 16:30:49] DEBUG: Record inserted {"table":"page_categories","insert_id":182,"data_keys":["page_id","category_id","created_at","updated_at"]}
[2025-09-22 16:30:49] DEBUG: Records deleted {"table":"page_tags","affected_rows":2,"where_conditions":["page_id"]}
[2025-09-22 16:30:49] DEBUG: Records updated {"table":"tags","affected_rows":1,"where_conditions":["id"]}
[2025-09-22 16:30:49] DEBUG: Record inserted {"table":"tags","insert_id":126,"data_keys":["name","slug","usage_count","created_at","updated_at"]}
[2025-09-22 16:30:49] DEBUG: Record inserted {"table":"page_tags","insert_id":126,"data_keys":["page_id","tag_id","created_at","updated_at"]}
[2025-09-22 16:30:49] DEBUG: Record inserted {"table":"tags","insert_id":127,"data_keys":["name","slug","usage_count","created_at","updated_at"]}
[2025-09-22 16:30:49] DEBUG: Record inserted {"table":"page_tags","insert_id":127,"data_keys":["page_id","tag_id","created_at","updated_at"]}
[2025-09-22 16:30:49] DEBUG: Record inserted {"table":"tags","insert_id":128,"data_keys":["name","slug","usage_count","created_at","updated_at"]}
[2025-09-22 16:30:49] DEBUG: Record inserted {"table":"page_tags","insert_id":128,"data_keys":["page_id","tag_id","created_at","updated_at"]}
[2025-09-22 16:30:56] INFO: Database connection established {"driver":"mysql","host":"db","database":"block_cms","connection_time":"1.04ms"}
[2025-09-22 16:30:56] DEBUG: Database transaction started
[2025-09-22 16:30:56] DEBUG: Records updated {"table":"pages","affected_rows":1,"where_conditions":["id"]}
[2025-09-22 16:30:56] DEBUG: Records updated {"table":"page_metadata","affected_rows":1,"where_conditions":["id"]}
[2025-09-22 16:30:56] DEBUG: Records updated {"table":"page_seo","affected_rows":1,"where_conditions":["id"]}
[2025-09-22 16:30:56] DEBUG: Record inserted {"table":"page_settings","insert_id":73,"data_keys":["template","custom_css","custom_js","redirect_url","menu_order","parent_page","latitude","longitude","address","price","currency","sale_price","recurring","recurring_period","page_id","created_at","updated_at"]}
[2025-09-22 16:30:56] DEBUG: Records deleted {"table":"page_access_roles","affected_rows":1,"where_conditions":["page_id"]}
[2025-09-22 16:30:56] DEBUG: Record inserted {"table":"page_access_roles","insert_id":16,"data_keys":["page_id","role","created_at","updated_at"]}
[2025-09-22 16:30:56] DEBUG: Record inserted {"table":"page_social","insert_id":65,"data_keys":["enable_sharing","platforms","share_text","share_hashtags","share_via","track_shares","track_clicks","pixel_ids","gtm_events","show_follower_count","show_share_count","show_recent_activity","testimonial_integration","auto_embed_links","embed_width","embed_height","lazy_load_embeds","page_id","created_at","updated_at"]}
[2025-09-22 16:30:56] DEBUG: Records deleted {"table":"page_categories","affected_rows":2,"where_conditions":["page_id"]}
[2025-09-22 16:30:56] DEBUG: Record inserted {"table":"categories","insert_id":184,"data_keys":["name","slug","is_active","created_at","updated_at"]}
[2025-09-22 16:30:56] DEBUG: Record inserted {"table":"page_categories","insert_id":183,"data_keys":["page_id","category_id","created_at","updated_at"]}
[2025-09-22 16:30:56] DEBUG: Record inserted {"table":"categories","insert_id":185,"data_keys":["name","slug","is_active","created_at","updated_at"]}
[2025-09-22 16:30:56] DEBUG: Record inserted {"table":"page_categories","insert_id":184,"data_keys":["page_id","category_id","created_at","updated_at"]}
[2025-09-22 16:30:56] DEBUG: Record inserted {"table":"categories","insert_id":186,"data_keys":["name","slug","is_active","created_at","updated_at"]}
[2025-09-22 16:30:56] DEBUG: Record inserted {"table":"page_categories","insert_id":185,"data_keys":["page_id","category_id","created_at","updated_at"]}
[2025-09-22 16:30:56] DEBUG: Records deleted {"table":"page_tags","affected_rows":2,"where_conditions":["page_id"]}
[2025-09-22 16:30:56] DEBUG: Records updated {"table":"tags","affected_rows":1,"where_conditions":["id"]}
[2025-09-22 16:30:56] DEBUG: Record inserted {"table":"tags","insert_id":129,"data_keys":["name","slug","usage_count","created_at","updated_at"]}
[2025-09-22 16:30:56] DEBUG: Record inserted {"table":"page_tags","insert_id":129,"data_keys":["page_id","tag_id","created_at","updated_at"]}
[2025-09-22 16:30:56] DEBUG: Record inserted {"table":"tags","insert_id":130,"data_keys":["name","slug","usage_count","created_at","updated_at"]}
[2025-09-22 16:30:56] DEBUG: Record inserted {"table":"page_tags","insert_id":130,"data_keys":["page_id","tag_id","created_at","updated_at"]}
[2025-09-22 16:30:56] DEBUG: Record inserted {"table":"tags","insert_id":131,"data_keys":["name","slug","usage_count","created_at","updated_at"]}
[2025-09-22 16:30:56] DEBUG: Record inserted {"table":"page_tags","insert_id":131,"data_keys":["page_id","tag_id","created_at","updated_at"]}
[2025-09-22 16:32:07] INFO: Database connection established {"driver":"mysql","host":"db","database":"block_cms","connection_time":"0.95ms"}
[2025-09-22 16:32:07] DEBUG: Database transaction started
[2025-09-22 16:32:07] DEBUG: Records updated {"table":"pages","affected_rows":1,"where_conditions":["id"]}
[2025-09-22 16:32:07] DEBUG: Records updated {"table":"page_metadata","affected_rows":1,"where_conditions":["id"]}
[2025-09-22 16:32:07] DEBUG: Records updated {"table":"page_seo","affected_rows":1,"where_conditions":["id"]}
[2025-09-22 16:32:07] DEBUG: Record inserted {"table":"page_settings","insert_id":74,"data_keys":["template","custom_css","custom_js","redirect_url","menu_order","parent_page","latitude","longitude","address","price","currency","sale_price","recurring","recurring_period","page_id","created_at","updated_at"]}
[2025-09-22 16:32:07] DEBUG: Records deleted {"table":"page_access_roles","affected_rows":1,"where_conditions":["page_id"]}
[2025-09-22 16:32:07] DEBUG: Record inserted {"table":"page_access_roles","insert_id":17,"data_keys":["page_id","role","created_at","updated_at"]}
[2025-09-22 16:32:07] DEBUG: Record inserted {"table":"page_social","insert_id":66,"data_keys":["enable_sharing","platforms","share_text","share_hashtags","share_via","track_shares","track_clicks","pixel_ids","gtm_events","show_follower_count","show_share_count","show_recent_activity","testimonial_integration","auto_embed_links","embed_width","embed_height","lazy_load_embeds","page_id","created_at","updated_at"]}
[2025-09-22 16:32:07] DEBUG: Records deleted {"table":"page_categories","affected_rows":2,"where_conditions":["page_id"]}
[2025-09-22 16:32:55] INFO: Database connection established {"driver":"mysql","host":"db","database":"block_cms","connection_time":"0.93ms"}
[2025-09-22 16:32:56] DEBUG: Database transaction started
[2025-09-22 16:32:56] DEBUG: Records updated {"table":"pages","affected_rows":1,"where_conditions":["id"]}
[2025-09-22 16:32:56] DEBUG: Records updated {"table":"page_metadata","affected_rows":1,"where_conditions":["id"]}
[2025-09-22 16:32:56] DEBUG: Records updated {"table":"page_seo","affected_rows":1,"where_conditions":["id"]}
[2025-09-22 16:32:56] DEBUG: Record inserted {"table":"page_settings","insert_id":75,"data_keys":["template","custom_css","custom_js","redirect_url","menu_order","parent_page","latitude","longitude","address","price","currency","sale_price","recurring","recurring_period","page_id","created_at","updated_at"]}
[2025-09-22 16:32:56] DEBUG: Records deleted {"table":"page_access_roles","affected_rows":1,"where_conditions":["page_id"]}
[2025-09-22 16:32:56] DEBUG: Record inserted {"table":"page_access_roles","insert_id":18,"data_keys":["page_id","role","created_at","updated_at"]}
[2025-09-22 16:32:56] DEBUG: Record inserted {"table":"page_social","insert_id":67,"data_keys":["enable_sharing","platforms","share_text","share_hashtags","share_via","track_shares","track_clicks","pixel_ids","gtm_events","show_follower_count","show_share_count","show_recent_activity","testimonial_integration","auto_embed_links","embed_width","embed_height","lazy_load_embeds","page_id","created_at","updated_at"]}
[2025-09-22 16:32:56] DEBUG: Records deleted {"table":"page_categories","affected_rows":2,"where_conditions":["page_id"]}
[2025-09-22 16:32:56] DEBUG: Record inserted {"table":"categories","insert_id":187,"data_keys":["name","slug","is_active","created_at","updated_at"]}
[2025-09-22 16:32:56] DEBUG: Record inserted {"table":"page_categories","insert_id":186,"data_keys":["page_id","category_id","created_at","updated_at"]}
[2025-09-22 16:32:56] DEBUG: Record inserted {"table":"categories","insert_id":188,"data_keys":["name","slug","is_active","created_at","updated_at"]}
[2025-09-22 16:32:56] DEBUG: Record inserted {"table":"page_categories","insert_id":187,"data_keys":["page_id","category_id","created_at","updated_at"]}
[2025-09-22 16:32:56] DEBUG: Record inserted {"table":"categories","insert_id":189,"data_keys":["name","slug","is_active","created_at","updated_at"]}
[2025-09-22 16:32:56] DEBUG: Record inserted {"table":"page_categories","insert_id":188,"data_keys":["page_id","category_id","created_at","updated_at"]}
[2025-09-22 16:32:56] DEBUG: Records deleted {"table":"page_tags","affected_rows":2,"where_conditions":["page_id"]}
[2025-09-22 16:32:56] DEBUG: Records updated {"table":"tags","affected_rows":1,"where_conditions":["id"]}
[2025-09-22 16:32:56] DEBUG: Record inserted {"table":"tags","insert_id":132,"data_keys":["name","slug","usage_count","created_at","updated_at"]}
[2025-09-22 16:32:56] DEBUG: Record inserted {"table":"page_tags","insert_id":132,"data_keys":["page_id","tag_id","created_at","updated_at"]}
[2025-09-22 16:32:56] DEBUG: Record inserted {"table":"tags","insert_id":133,"data_keys":["name","slug","usage_count","created_at","updated_at"]}
[2025-09-22 16:32:56] DEBUG: Record inserted {"table":"page_tags","insert_id":133,"data_keys":["page_id","tag_id","created_at","updated_at"]}
[2025-09-22 16:32:56] DEBUG: Record inserted {"table":"tags","insert_id":134,"data_keys":["name","slug","usage_count","created_at","updated_at"]}
[2025-09-22 16:32:56] DEBUG: Record inserted {"table":"page_tags","insert_id":134,"data_keys":["page_id","tag_id","created_at","updated_at"]}
[2025-09-22 16:33:16] INFO: Database connection established {"driver":"mysql","host":"db","database":"block_cms","connection_time":"0.92ms"}
[2025-09-22 16:33:16] DEBUG: Database transaction started
[2025-09-22 16:33:16] DEBUG: Records updated {"table":"pages","affected_rows":1,"where_conditions":["id"]}
[2025-09-22 16:33:16] DEBUG: Records updated {"table":"page_metadata","affected_rows":1,"where_conditions":["id"]}
[2025-09-22 16:33:16] DEBUG: Records updated {"table":"page_seo","affected_rows":1,"where_conditions":["id"]}
[2025-09-22 16:33:16] DEBUG: Record inserted {"table":"page_settings","insert_id":76,"data_keys":["template","custom_css","custom_js","redirect_url","menu_order","parent_page","latitude","longitude","address","price","currency","sale_price","recurring","recurring_period","page_id","created_at","updated_at"]}
[2025-09-22 16:33:16] DEBUG: Records deleted {"table":"page_access_roles","affected_rows":1,"where_conditions":["page_id"]}
[2025-09-22 16:33:16] DEBUG: Record inserted {"table":"page_access_roles","insert_id":19,"data_keys":["page_id","role","created_at","updated_at"]}
[2025-09-22 16:33:16] DEBUG: Record inserted {"table":"page_social","insert_id":68,"data_keys":["enable_sharing","platforms","share_text","share_hashtags","share_via","track_shares","track_clicks","pixel_ids","gtm_events","show_follower_count","show_share_count","show_recent_activity","testimonial_integration","auto_embed_links","embed_width","embed_height","lazy_load_embeds","page_id","created_at","updated_at"]}
[2025-09-22 16:33:16] DEBUG: Records deleted {"table":"page_categories","affected_rows":2,"where_conditions":["page_id"]}
[2025-09-22 16:33:16] DEBUG: Record inserted {"table":"categories","insert_id":190,"data_keys":["name","slug","is_active","created_at","updated_at"]}
[2025-09-22 16:33:16] DEBUG: Record inserted {"table":"page_categories","insert_id":189,"data_keys":["page_id","category_id","created_at","updated_at"]}
[2025-09-22 16:33:16] DEBUG: Record inserted {"table":"categories","insert_id":191,"data_keys":["name","slug","is_active","created_at","updated_at"]}
[2025-09-22 16:33:16] DEBUG: Record inserted {"table":"page_categories","insert_id":190,"data_keys":["page_id","category_id","created_at","updated_at"]}
[2025-09-22 16:33:16] DEBUG: Record inserted {"table":"categories","insert_id":192,"data_keys":["name","slug","is_active","created_at","updated_at"]}
[2025-09-22 16:33:16] DEBUG: Record inserted {"table":"page_categories","insert_id":191,"data_keys":["page_id","category_id","created_at","updated_at"]}
[2025-09-22 16:33:16] DEBUG: Records deleted {"table":"page_tags","affected_rows":2,"where_conditions":["page_id"]}
[2025-09-22 16:33:16] DEBUG: Records updated {"table":"tags","affected_rows":1,"where_conditions":["id"]}
[2025-09-22 16:33:16] DEBUG: Record inserted {"table":"tags","insert_id":135,"data_keys":["name","slug","usage_count","created_at","updated_at"]}
[2025-09-22 16:33:16] DEBUG: Record inserted {"table":"page_tags","insert_id":135,"data_keys":["page_id","tag_id","created_at","updated_at"]}
[2025-09-22 16:33:16] DEBUG: Record inserted {"table":"tags","insert_id":136,"data_keys":["name","slug","usage_count","created_at","updated_at"]}
[2025-09-22 16:33:16] DEBUG: Record inserted {"table":"page_tags","insert_id":136,"data_keys":["page_id","tag_id","created_at","updated_at"]}
[2025-09-22 16:33:16] DEBUG: Record inserted {"table":"tags","insert_id":137,"data_keys":["name","slug","usage_count","created_at","updated_at"]}
[2025-09-22 16:33:16] DEBUG: Record inserted {"table":"page_tags","insert_id":137,"data_keys":["page_id","tag_id","created_at","updated_at"]}
[2025-09-22 16:33:30] INFO: Database connection established {"driver":"mysql","host":"db","database":"block_cms","connection_time":"0.89ms"}
[2025-09-22 16:33:30] DEBUG: Database transaction started
[2025-09-22 16:33:30] DEBUG: Records updated {"table":"pages","affected_rows":1,"where_conditions":["id"]}
[2025-09-22 16:33:30] DEBUG: Records updated {"table":"page_metadata","affected_rows":1,"where_conditions":["id"]}
[2025-09-22 16:33:30] DEBUG: Records updated {"table":"page_seo","affected_rows":1,"where_conditions":["id"]}
[2025-09-22 16:33:30] DEBUG: Record inserted {"table":"page_settings","insert_id":77,"data_keys":["template","custom_css","custom_js","redirect_url","menu_order","parent_page","latitude","longitude","address","price","currency","sale_price","recurring","recurring_period","page_id","created_at","updated_at"]}
[2025-09-22 16:33:30] DEBUG: Records deleted {"table":"page_access_roles","affected_rows":1,"where_conditions":["page_id"]}
[2025-09-22 16:33:30] DEBUG: Record inserted {"table":"page_access_roles","insert_id":20,"data_keys":["page_id","role","created_at","updated_at"]}
[2025-09-22 16:33:30] DEBUG: Record inserted {"table":"page_social","insert_id":69,"data_keys":["enable_sharing","platforms","share_text","share_hashtags","share_via","track_shares","track_clicks","pixel_ids","gtm_events","show_follower_count","show_share_count","show_recent_activity","testimonial_integration","auto_embed_links","embed_width","embed_height","lazy_load_embeds","page_id","created_at","updated_at"]}
[2025-09-22 16:33:30] DEBUG: Records deleted {"table":"page_categories","affected_rows":2,"where_conditions":["page_id"]}
[2025-09-22 16:33:30] DEBUG: Record inserted {"table":"categories","insert_id":193,"data_keys":["name","slug","is_active","created_at","updated_at"]}
[2025-09-22 16:33:30] DEBUG: Record inserted {"table":"page_categories","insert_id":192,"data_keys":["page_id","category_id","created_at","updated_at"]}
[2025-09-22 16:33:30] DEBUG: Record inserted {"table":"categories","insert_id":194,"data_keys":["name","slug","is_active","created_at","updated_at"]}
[2025-09-22 16:33:30] DEBUG: Record inserted {"table":"page_categories","insert_id":193,"data_keys":["page_id","category_id","created_at","updated_at"]}
[2025-09-22 16:33:30] DEBUG: Record inserted {"table":"categories","insert_id":195,"data_keys":["name","slug","is_active","created_at","updated_at"]}
[2025-09-22 16:33:30] DEBUG: Record inserted {"table":"page_categories","insert_id":194,"data_keys":["page_id","category_id","created_at","updated_at"]}
[2025-09-22 16:33:30] DEBUG: Records deleted {"table":"page_tags","affected_rows":2,"where_conditions":["page_id"]}
[2025-09-22 16:33:30] DEBUG: Records updated {"table":"tags","affected_rows":1,"where_conditions":["id"]}
[2025-09-22 16:33:30] DEBUG: Record inserted {"table":"tags","insert_id":138,"data_keys":["name","slug","usage_count","created_at","updated_at"]}
[2025-09-22 16:33:30] DEBUG: Record inserted {"table":"page_tags","insert_id":138,"data_keys":["page_id","tag_id","created_at","updated_at"]}
[2025-09-22 16:33:30] DEBUG: Record inserted {"table":"tags","insert_id":139,"data_keys":["name","slug","usage_count","created_at","updated_at"]}
[2025-09-22 16:33:30] DEBUG: Record inserted {"table":"page_tags","insert_id":139,"data_keys":["page_id","tag_id","created_at","updated_at"]}
[2025-09-22 16:33:30] DEBUG: Record inserted {"table":"tags","insert_id":140,"data_keys":["name","slug","usage_count","created_at","updated_at"]}
[2025-09-22 16:33:30] DEBUG: Record inserted {"table":"page_tags","insert_id":140,"data_keys":["page_id","tag_id","created_at","updated_at"]}
[2025-09-22 16:34:50] INFO: Database connection established {"driver":"mysql","host":"db","database":"block_cms","connection_time":"1.15ms"}
[2025-09-22 16:34:50] DEBUG: Database transaction started
[2025-09-22 16:34:50] DEBUG: Records updated {"table":"pages","affected_rows":1,"where_conditions":["id"]}
[2025-09-22 16:34:50] DEBUG: Records updated {"table":"page_metadata","affected_rows":1,"where_conditions":["id"]}
[2025-09-22 16:34:50] DEBUG: Records updated {"table":"page_seo","affected_rows":1,"where_conditions":["id"]}
[2025-09-22 16:34:50] DEBUG: Record inserted {"table":"page_settings","insert_id":78,"data_keys":["template","custom_css","custom_js","redirect_url","menu_order","parent_page","latitude","longitude","address","price","currency","sale_price","recurring","recurring_period","page_id","created_at","updated_at"]}
[2025-09-22 16:34:50] DEBUG: Records deleted {"table":"page_access_roles","affected_rows":1,"where_conditions":["page_id"]}
[2025-09-22 16:34:50] DEBUG: Record inserted {"table":"page_access_roles","insert_id":21,"data_keys":["page_id","role","created_at","updated_at"]}
[2025-09-22 16:34:50] DEBUG: Record inserted {"table":"page_social","insert_id":70,"data_keys":["enable_sharing","platforms","share_text","share_hashtags","share_via","track_shares","track_clicks","pixel_ids","gtm_events","show_follower_count","show_share_count","show_recent_activity","testimonial_integration","auto_embed_links","embed_width","embed_height","lazy_load_embeds","page_id","created_at","updated_at"]}
[2025-09-22 16:34:50] DEBUG: Records deleted {"table":"page_categories","affected_rows":2,"where_conditions":["page_id"]}
[2025-09-22 16:34:50] DEBUG: Record inserted {"table":"categories","insert_id":196,"data_keys":["name","slug","is_active","created_at","updated_at"]}
[2025-09-22 16:34:50] DEBUG: Record inserted {"table":"page_categories","insert_id":195,"data_keys":["page_id","category_id","created_at","updated_at"]}
[2025-09-22 16:34:50] DEBUG: Record inserted {"table":"categories","insert_id":197,"data_keys":["name","slug","is_active","created_at","updated_at"]}
[2025-09-22 16:34:50] DEBUG: Record inserted {"table":"page_categories","insert_id":196,"data_keys":["page_id","category_id","created_at","updated_at"]}
[2025-09-22 16:34:50] DEBUG: Record inserted {"table":"categories","insert_id":198,"data_keys":["name","slug","is_active","created_at","updated_at"]}
[2025-09-22 16:34:50] DEBUG: Record inserted {"table":"page_categories","insert_id":197,"data_keys":["page_id","category_id","created_at","updated_at"]}
[2025-09-22 16:34:50] DEBUG: Records deleted {"table":"page_tags","affected_rows":2,"where_conditions":["page_id"]}
[2025-09-22 16:34:50] DEBUG: Records updated {"table":"tags","affected_rows":1,"where_conditions":["id"]}
[2025-09-22 16:34:50] DEBUG: Record inserted {"table":"tags","insert_id":141,"data_keys":["name","slug","usage_count","created_at","updated_at"]}
[2025-09-22 16:34:50] DEBUG: Record inserted {"table":"page_tags","insert_id":141,"data_keys":["page_id","tag_id","created_at","updated_at"]}
[2025-09-22 16:34:50] DEBUG: Record inserted {"table":"tags","insert_id":142,"data_keys":["name","slug","usage_count","created_at","updated_at"]}
[2025-09-22 16:34:50] DEBUG: Record inserted {"table":"page_tags","insert_id":142,"data_keys":["page_id","tag_id","created_at","updated_at"]}
[2025-09-22 16:34:50] DEBUG: Record inserted {"table":"tags","insert_id":143,"data_keys":["name","slug","usage_count","created_at","updated_at"]}
[2025-09-22 16:34:50] DEBUG: Record inserted {"table":"page_tags","insert_id":143,"data_keys":["page_id","tag_id","created_at","updated_at"]}
[2025-09-22 16:35:05] INFO: Database connection established {"driver":"mysql","host":"db","database":"block_cms","connection_time":"0.98ms"}
[2025-09-22 16:35:05] DEBUG: Database transaction started
[2025-09-22 16:35:05] DEBUG: Records updated {"table":"pages","affected_rows":1,"where_conditions":["id"]}
[2025-09-22 16:35:05] DEBUG: Records updated {"table":"page_metadata","affected_rows":1,"where_conditions":["id"]}
[2025-09-22 16:35:05] DEBUG: Records updated {"table":"page_seo","affected_rows":1,"where_conditions":["id"]}
[2025-09-22 16:35:05] DEBUG: Record inserted {"table":"page_settings","insert_id":79,"data_keys":["template","custom_css","custom_js","redirect_url","menu_order","parent_page","latitude","longitude","address","price","currency","sale_price","recurring","recurring_period","page_id","created_at","updated_at"]}
[2025-09-22 16:35:05] DEBUG: Records deleted {"table":"page_access_roles","affected_rows":1,"where_conditions":["page_id"]}
[2025-09-22 16:35:05] DEBUG: Record inserted {"table":"page_access_roles","insert_id":22,"data_keys":["page_id","role","created_at","updated_at"]}
[2025-09-22 16:35:05] DEBUG: Record inserted {"table":"page_social","insert_id":71,"data_keys":["enable_sharing","platforms","share_text","share_hashtags","share_via","track_shares","track_clicks","pixel_ids","gtm_events","show_follower_count","show_share_count","show_recent_activity","testimonial_integration","auto_embed_links","embed_width","embed_height","lazy_load_embeds","page_id","created_at","updated_at"]}
[2025-09-22 16:35:05] DEBUG: Records deleted {"table":"page_categories","affected_rows":2,"where_conditions":["page_id"]}
[2025-09-22 16:35:05] DEBUG: Record inserted {"table":"categories","insert_id":199,"data_keys":["name","slug","is_active","created_at","updated_at"]}
[2025-09-22 16:35:05] DEBUG: Record inserted {"table":"page_categories","insert_id":198,"data_keys":["page_id","category_id","created_at","updated_at"]}
[2025-09-22 16:35:05] DEBUG: Record inserted {"table":"categories","insert_id":200,"data_keys":["name","slug","is_active","created_at","updated_at"]}
[2025-09-22 16:35:05] DEBUG: Record inserted {"table":"page_categories","insert_id":199,"data_keys":["page_id","category_id","created_at","updated_at"]}
[2025-09-22 16:35:05] DEBUG: Record inserted {"table":"categories","insert_id":201,"data_keys":["name","slug","is_active","created_at","updated_at"]}
[2025-09-22 16:35:05] DEBUG: Record inserted {"table":"page_categories","insert_id":200,"data_keys":["page_id","category_id","created_at","updated_at"]}
[2025-09-22 16:35:05] DEBUG: Records deleted {"table":"page_tags","affected_rows":2,"where_conditions":["page_id"]}
[2025-09-22 16:35:05] DEBUG: Records updated {"table":"tags","affected_rows":1,"where_conditions":["id"]}
[2025-09-22 16:35:05] DEBUG: Record inserted {"table":"tags","insert_id":144,"data_keys":["name","slug","usage_count","created_at","updated_at"]}
[2025-09-22 16:35:05] DEBUG: Record inserted {"table":"page_tags","insert_id":144,"data_keys":["page_id","tag_id","created_at","updated_at"]}
[2025-09-22 16:35:05] DEBUG: Record inserted {"table":"tags","insert_id":145,"data_keys":["name","slug","usage_count","created_at","updated_at"]}
[2025-09-22 16:35:05] DEBUG: Record inserted {"table":"page_tags","insert_id":145,"data_keys":["page_id","tag_id","created_at","updated_at"]}
[2025-09-22 16:35:05] DEBUG: Record inserted {"table":"tags","insert_id":146,"data_keys":["name","slug","usage_count","created_at","updated_at"]}
[2025-09-22 16:35:05] DEBUG: Record inserted {"table":"page_tags","insert_id":146,"data_keys":["page_id","tag_id","created_at","updated_at"]}
[2025-09-22 16:35:13] INFO: Database connection established {"driver":"mysql","host":"db","database":"block_cms","connection_time":"0.9ms"}
[2025-09-22 16:35:13] DEBUG: Database transaction started
[2025-09-22 16:35:13] DEBUG: Records updated {"table":"pages","affected_rows":1,"where_conditions":["id"]}
[2025-09-22 16:35:13] DEBUG: Records updated {"table":"page_metadata","affected_rows":1,"where_conditions":["id"]}
[2025-09-22 16:35:13] DEBUG: Records updated {"table":"page_seo","affected_rows":1,"where_conditions":["id"]}
[2025-09-22 16:35:13] DEBUG: Record inserted {"table":"page_settings","insert_id":80,"data_keys":["template","custom_css","custom_js","redirect_url","menu_order","parent_page","latitude","longitude","address","price","currency","sale_price","recurring","recurring_period","page_id","created_at","updated_at"]}
[2025-09-22 16:35:13] DEBUG: Records deleted {"table":"page_access_roles","affected_rows":1,"where_conditions":["page_id"]}
[2025-09-22 16:35:13] DEBUG: Record inserted {"table":"page_access_roles","insert_id":23,"data_keys":["page_id","role","created_at","updated_at"]}
[2025-09-22 16:35:13] DEBUG: Record inserted {"table":"page_social","insert_id":72,"data_keys":["enable_sharing","platforms","share_text","share_hashtags","share_via","track_shares","track_clicks","pixel_ids","gtm_events","show_follower_count","show_share_count","show_recent_activity","testimonial_integration","auto_embed_links","embed_width","embed_height","lazy_load_embeds","page_id","created_at","updated_at"]}
[2025-09-22 16:35:13] DEBUG: Records deleted {"table":"page_categories","affected_rows":2,"where_conditions":["page_id"]}
[2025-09-22 16:35:13] DEBUG: Record inserted {"table":"categories","insert_id":202,"data_keys":["name","slug","is_active","created_at","updated_at"]}
[2025-09-22 16:35:13] DEBUG: Record inserted {"table":"page_categories","insert_id":201,"data_keys":["page_id","category_id","created_at","updated_at"]}
[2025-09-22 16:35:13] DEBUG: Record inserted {"table":"categories","insert_id":203,"data_keys":["name","slug","is_active","created_at","updated_at"]}
[2025-09-22 16:35:13] DEBUG: Record inserted {"table":"page_categories","insert_id":202,"data_keys":["page_id","category_id","created_at","updated_at"]}
[2025-09-22 16:35:13] DEBUG: Record inserted {"table":"categories","insert_id":204,"data_keys":["name","slug","is_active","created_at","updated_at"]}
[2025-09-22 16:35:13] DEBUG: Record inserted {"table":"page_categories","insert_id":203,"data_keys":["page_id","category_id","created_at","updated_at"]}
[2025-09-22 16:35:13] DEBUG: Records deleted {"table":"page_tags","affected_rows":2,"where_conditions":["page_id"]}
[2025-09-22 16:35:13] DEBUG: Records updated {"table":"tags","affected_rows":1,"where_conditions":["id"]}
[2025-09-22 16:35:13] DEBUG: Record inserted {"table":"tags","insert_id":147,"data_keys":["name","slug","usage_count","created_at","updated_at"]}
[2025-09-22 16:35:13] DEBUG: Record inserted {"table":"page_tags","insert_id":147,"data_keys":["page_id","tag_id","created_at","updated_at"]}
[2025-09-22 16:35:13] DEBUG: Record inserted {"table":"tags","insert_id":148,"data_keys":["name","slug","usage_count","created_at","updated_at"]}
[2025-09-22 16:35:13] DEBUG: Record inserted {"table":"page_tags","insert_id":148,"data_keys":["page_id","tag_id","created_at","updated_at"]}
[2025-09-22 16:35:13] DEBUG: Record inserted {"table":"tags","insert_id":149,"data_keys":["name","slug","usage_count","created_at","updated_at"]}
[2025-09-22 16:35:13] DEBUG: Record inserted {"table":"page_tags","insert_id":149,"data_keys":["page_id","tag_id","created_at","updated_at"]}
[2025-09-22 16:36:01] INFO: Database connection established {"driver":"mysql","host":"db","database":"block_cms","connection_time":"0.86ms"}
[2025-09-22 16:36:01] DEBUG: Database transaction started
[2025-09-22 16:36:01] DEBUG: Records updated {"table":"pages","affected_rows":1,"where_conditions":["id"]}
[2025-09-22 16:36:01] DEBUG: Records updated {"table":"page_metadata","affected_rows":1,"where_conditions":["id"]}
[2025-09-22 16:36:01] DEBUG: Records updated {"table":"page_seo","affected_rows":1,"where_conditions":["id"]}
[2025-09-22 16:36:01] DEBUG: Record inserted {"table":"page_settings","insert_id":81,"data_keys":["template","custom_css","custom_js","redirect_url","menu_order","parent_page","latitude","longitude","address","price","currency","sale_price","recurring","recurring_period","page_id","created_at","updated_at"]}
[2025-09-22 16:36:01] DEBUG: Records deleted {"table":"page_access_roles","affected_rows":1,"where_conditions":["page_id"]}
[2025-09-22 16:36:01] DEBUG: Record inserted {"table":"page_access_roles","insert_id":24,"data_keys":["page_id","role","created_at","updated_at"]}
[2025-09-22 16:36:01] DEBUG: Record inserted {"table":"page_social","insert_id":73,"data_keys":["enable_sharing","platforms","share_text","share_hashtags","share_via","track_shares","track_clicks","pixel_ids","gtm_events","show_follower_count","show_share_count","show_recent_activity","testimonial_integration","auto_embed_links","embed_width","embed_height","lazy_load_embeds","page_id","created_at","updated_at"]}
[2025-09-22 16:36:01] DEBUG: Records deleted {"table":"page_categories","affected_rows":2,"where_conditions":["page_id"]}
[2025-09-22 16:36:01] DEBUG: Record inserted {"table":"categories","insert_id":205,"data_keys":["name","slug","is_active","created_at","updated_at"]}
[2025-09-22 16:36:01] DEBUG: Record inserted {"table":"page_categories","insert_id":204,"data_keys":["page_id","category_id","created_at","updated_at"]}
[2025-09-22 16:36:01] DEBUG: Record inserted {"table":"categories","insert_id":206,"data_keys":["name","slug","is_active","created_at","updated_at"]}
[2025-09-22 16:36:01] DEBUG: Record inserted {"table":"page_categories","insert_id":205,"data_keys":["page_id","category_id","created_at","updated_at"]}
[2025-09-22 16:36:01] DEBUG: Record inserted {"table":"categories","insert_id":207,"data_keys":["name","slug","is_active","created_at","updated_at"]}
[2025-09-22 16:36:01] DEBUG: Record inserted {"table":"page_categories","insert_id":206,"data_keys":["page_id","category_id","created_at","updated_at"]}
[2025-09-22 16:36:01] DEBUG: Records deleted {"table":"page_tags","affected_rows":2,"where_conditions":["page_id"]}
[2025-09-22 16:36:01] DEBUG: Records updated {"table":"tags","affected_rows":1,"where_conditions":["id"]}
[2025-09-22 16:36:01] DEBUG: Record inserted {"table":"tags","insert_id":150,"data_keys":["name","slug","usage_count","created_at","updated_at"]}
[2025-09-22 16:36:01] DEBUG: Record inserted {"table":"page_tags","insert_id":150,"data_keys":["page_id","tag_id","created_at","updated_at"]}
[2025-09-22 16:36:01] DEBUG: Record inserted {"table":"tags","insert_id":151,"data_keys":["name","slug","usage_count","created_at","updated_at"]}
[2025-09-22 16:36:01] DEBUG: Record inserted {"table":"page_tags","insert_id":151,"data_keys":["page_id","tag_id","created_at","updated_at"]}
[2025-09-22 16:36:01] DEBUG: Record inserted {"table":"tags","insert_id":152,"data_keys":["name","slug","usage_count","created_at","updated_at"]}
[2025-09-22 16:36:01] DEBUG: Record inserted {"table":"page_tags","insert_id":152,"data_keys":["page_id","tag_id","created_at","updated_at"]}
[2025-09-22 16:40:09] INFO: Database connection established {"driver":"mysql","host":"db","database":"block_cms","connection_time":"0.93ms"}
[2025-09-22 16:40:09] DEBUG: Database transaction started
[2025-09-22 16:40:09] DEBUG: Records updated {"table":"pages","affected_rows":1,"where_conditions":["id"]}
[2025-09-22 16:40:09] DEBUG: Records updated {"table":"page_metadata","affected_rows":1,"where_conditions":["id"]}
[2025-09-22 16:40:09] DEBUG: Records updated {"table":"page_seo","affected_rows":1,"where_conditions":["id"]}
[2025-09-22 16:40:09] DEBUG: Record inserted {"table":"page_settings","insert_id":82,"data_keys":["template","custom_css","custom_js","redirect_url","menu_order","parent_page","latitude","longitude","address","price","currency","sale_price","recurring","recurring_period","page_id","created_at","updated_at"]}
[2025-09-22 16:40:09] DEBUG: Records deleted {"table":"page_access_roles","affected_rows":1,"where_conditions":["page_id"]}
[2025-09-22 16:40:09] DEBUG: Record inserted {"table":"page_access_roles","insert_id":25,"data_keys":["page_id","role","created_at","updated_at"]}
[2025-09-22 16:40:09] DEBUG: Record inserted {"table":"page_social","insert_id":74,"data_keys":["enable_sharing","platforms","share_text","share_hashtags","share_via","track_shares","track_clicks","pixel_ids","gtm_events","show_follower_count","show_share_count","show_recent_activity","testimonial_integration","auto_embed_links","embed_width","embed_height","lazy_load_embeds","page_id","created_at","updated_at"]}
[2025-09-22 16:40:09] DEBUG: Records deleted {"table":"page_categories","affected_rows":2,"where_conditions":["page_id"]}
[2025-09-22 16:40:09] DEBUG: Record inserted {"table":"categories","insert_id":208,"data_keys":["name","slug","is_active","created_at","updated_at"]}
[2025-09-22 16:40:09] DEBUG: Record inserted {"table":"page_categories","insert_id":207,"data_keys":["page_id","category_id","created_at","updated_at"]}
[2025-09-22 16:40:09] DEBUG: Record inserted {"table":"categories","insert_id":209,"data_keys":["name","slug","is_active","created_at","updated_at"]}
[2025-09-22 16:40:09] DEBUG: Record inserted {"table":"page_categories","insert_id":208,"data_keys":["page_id","category_id","created_at","updated_at"]}
[2025-09-22 16:40:09] DEBUG: Record inserted {"table":"categories","insert_id":210,"data_keys":["name","slug","is_active","created_at","updated_at"]}
[2025-09-22 16:40:09] DEBUG: Record inserted {"table":"page_categories","insert_id":209,"data_keys":["page_id","category_id","created_at","updated_at"]}
[2025-09-22 16:40:09] DEBUG: Records deleted {"table":"page_tags","affected_rows":2,"where_conditions":["page_id"]}
[2025-09-22 16:40:09] DEBUG: Records updated {"table":"tags","affected_rows":1,"where_conditions":["id"]}
[2025-09-22 16:40:09] DEBUG: Record inserted {"table":"tags","insert_id":153,"data_keys":["name","slug","usage_count","created_at","updated_at"]}
[2025-09-22 16:40:09] DEBUG: Record inserted {"table":"page_tags","insert_id":153,"data_keys":["page_id","tag_id","created_at","updated_at"]}
[2025-09-22 16:40:09] DEBUG: Record inserted {"table":"tags","insert_id":154,"data_keys":["name","slug","usage_count","created_at","updated_at"]}
[2025-09-22 16:40:09] DEBUG: Record inserted {"table":"page_tags","insert_id":154,"data_keys":["page_id","tag_id","created_at","updated_at"]}
[2025-09-22 16:40:09] DEBUG: Record inserted {"table":"tags","insert_id":155,"data_keys":["name","slug","usage_count","created_at","updated_at"]}
[2025-09-22 16:40:09] DEBUG: Record inserted {"table":"page_tags","insert_id":155,"data_keys":["page_id","tag_id","created_at","updated_at"]}
[2025-09-22 16:40:46] INFO: Database connection established {"driver":"mysql","host":"db","database":"block_cms","connection_time":"1.82ms"}
[2025-09-22 16:40:46] DEBUG: Database transaction started
[2025-09-22 16:40:46] DEBUG: Records updated {"table":"pages","affected_rows":1,"where_conditions":["id"]}
[2025-09-22 16:40:46] DEBUG: Records updated {"table":"page_metadata","affected_rows":1,"where_conditions":["id"]}
[2025-09-22 16:40:46] DEBUG: Records updated {"table":"page_seo","affected_rows":1,"where_conditions":["id"]}
[2025-09-22 16:40:46] DEBUG: Record inserted {"table":"page_settings","insert_id":83,"data_keys":["template","custom_css","custom_js","redirect_url","menu_order","parent_page","latitude","longitude","address","price","currency","sale_price","recurring","recurring_period","page_id","created_at","updated_at"]}
[2025-09-22 16:40:46] DEBUG: Records deleted {"table":"page_access_roles","affected_rows":1,"where_conditions":["page_id"]}
[2025-09-22 16:40:46] DEBUG: Record inserted {"table":"page_access_roles","insert_id":26,"data_keys":["page_id","role","created_at","updated_at"]}
[2025-09-22 16:40:46] DEBUG: Record inserted {"table":"page_social","insert_id":75,"data_keys":["enable_sharing","platforms","share_text","share_hashtags","share_via","track_shares","track_clicks","pixel_ids","gtm_events","show_follower_count","show_share_count","show_recent_activity","testimonial_integration","auto_embed_links","embed_width","embed_height","lazy_load_embeds","page_id","created_at","updated_at"]}
[2025-09-22 16:40:46] DEBUG: Records deleted {"table":"page_categories","affected_rows":2,"where_conditions":["page_id"]}
[2025-09-22 16:40:46] DEBUG: Record inserted {"table":"categories","insert_id":211,"data_keys":["name","slug","is_active","created_at","updated_at"]}
[2025-09-22 16:40:46] DEBUG: Record inserted {"table":"page_categories","insert_id":210,"data_keys":["page_id","category_id","created_at","updated_at"]}
[2025-09-22 16:40:46] DEBUG: Record inserted {"table":"categories","insert_id":212,"data_keys":["name","slug","is_active","created_at","updated_at"]}
[2025-09-22 16:40:46] DEBUG: Record inserted {"table":"page_categories","insert_id":211,"data_keys":["page_id","category_id","created_at","updated_at"]}
[2025-09-22 16:40:46] DEBUG: Record inserted {"table":"categories","insert_id":213,"data_keys":["name","slug","is_active","created_at","updated_at"]}
[2025-09-22 16:40:46] DEBUG: Record inserted {"table":"page_categories","insert_id":212,"data_keys":["page_id","category_id","created_at","updated_at"]}
[2025-09-22 16:40:46] DEBUG: Records deleted {"table":"page_tags","affected_rows":2,"where_conditions":["page_id"]}
[2025-09-22 16:40:46] DEBUG: Records updated {"table":"tags","affected_rows":1,"where_conditions":["id"]}
[2025-09-22 16:40:46] DEBUG: Record inserted {"table":"tags","insert_id":156,"data_keys":["name","slug","usage_count","created_at","updated_at"]}
[2025-09-22 16:40:46] DEBUG: Record inserted {"table":"page_tags","insert_id":156,"data_keys":["page_id","tag_id","created_at","updated_at"]}
[2025-09-22 16:40:46] DEBUG: Record inserted {"table":"tags","insert_id":157,"data_keys":["name","slug","usage_count","created_at","updated_at"]}
[2025-09-22 16:40:46] DEBUG: Record inserted {"table":"page_tags","insert_id":157,"data_keys":["page_id","tag_id","created_at","updated_at"]}
[2025-09-22 16:40:46] DEBUG: Record inserted {"table":"tags","insert_id":158,"data_keys":["name","slug","usage_count","created_at","updated_at"]}
[2025-09-22 16:40:46] DEBUG: Record inserted {"table":"page_tags","insert_id":158,"data_keys":["page_id","tag_id","created_at","updated_at"]}
[2025-09-22 16:41:50] INFO: Database connection established {"driver":"mysql","host":"db","database":"block_cms","connection_time":"3.79ms"}
[2025-09-22 16:41:50] DEBUG: Database transaction started
[2025-09-22 16:41:50] DEBUG: Records updated {"table":"pages","affected_rows":1,"where_conditions":["id"]}
[2025-09-22 16:41:50] DEBUG: Records updated {"table":"page_metadata","affected_rows":1,"where_conditions":["id"]}
[2025-09-22 16:41:50] DEBUG: Records updated {"table":"page_seo","affected_rows":1,"where_conditions":["id"]}
[2025-09-22 16:41:50] DEBUG: Record inserted {"table":"page_settings","insert_id":84,"data_keys":["template","custom_css","custom_js","redirect_url","menu_order","parent_page","latitude","longitude","address","price","currency","sale_price","recurring","recurring_period","page_id","created_at","updated_at"]}
[2025-09-22 16:41:50] DEBUG: Records deleted {"table":"page_access_roles","affected_rows":1,"where_conditions":["page_id"]}
[2025-09-22 16:41:50] DEBUG: Record inserted {"table":"page_access_roles","insert_id":27,"data_keys":["page_id","role","created_at","updated_at"]}
[2025-09-22 16:41:50] DEBUG: Record inserted {"table":"page_social","insert_id":76,"data_keys":["enable_sharing","platforms","share_text","share_hashtags","share_via","track_shares","track_clicks","pixel_ids","gtm_events","show_follower_count","show_share_count","show_recent_activity","testimonial_integration","auto_embed_links","embed_width","embed_height","lazy_load_embeds","page_id","created_at","updated_at"]}
[2025-09-22 16:41:50] DEBUG: Records deleted {"table":"page_categories","affected_rows":2,"where_conditions":["page_id"]}
[2025-09-22 16:41:50] DEBUG: Record inserted {"table":"categories","insert_id":214,"data_keys":["name","slug","is_active","created_at","updated_at"]}
[2025-09-22 16:41:50] DEBUG: Record inserted {"table":"page_categories","insert_id":213,"data_keys":["page_id","category_id","created_at","updated_at"]}
[2025-09-22 16:41:50] DEBUG: Record inserted {"table":"categories","insert_id":215,"data_keys":["name","slug","is_active","created_at","updated_at"]}
[2025-09-22 16:41:50] DEBUG: Record inserted {"table":"page_categories","insert_id":214,"data_keys":["page_id","category_id","created_at","updated_at"]}
[2025-09-22 16:41:50] DEBUG: Record inserted {"table":"categories","insert_id":216,"data_keys":["name","slug","is_active","created_at","updated_at"]}
[2025-09-22 16:41:50] DEBUG: Record inserted {"table":"page_categories","insert_id":215,"data_keys":["page_id","category_id","created_at","updated_at"]}
[2025-09-22 16:41:50] DEBUG: Records deleted {"table":"page_tags","affected_rows":2,"where_conditions":["page_id"]}
[2025-09-22 16:41:50] DEBUG: Records updated {"table":"tags","affected_rows":1,"where_conditions":["id"]}
[2025-09-22 16:41:50] DEBUG: Record inserted {"table":"tags","insert_id":159,"data_keys":["name","slug","usage_count","created_at","updated_at"]}
[2025-09-22 16:41:50] DEBUG: Record inserted {"table":"page_tags","insert_id":159,"data_keys":["page_id","tag_id","created_at","updated_at"]}
[2025-09-22 16:41:50] DEBUG: Record inserted {"table":"tags","insert_id":160,"data_keys":["name","slug","usage_count","created_at","updated_at"]}
[2025-09-22 16:41:50] DEBUG: Record inserted {"table":"page_tags","insert_id":160,"data_keys":["page_id","tag_id","created_at","updated_at"]}
[2025-09-22 16:41:50] DEBUG: Record inserted {"table":"tags","insert_id":161,"data_keys":["name","slug","usage_count","created_at","updated_at"]}
[2025-09-22 16:41:50] DEBUG: Record inserted {"table":"page_tags","insert_id":161,"data_keys":["page_id","tag_id","created_at","updated_at"]}
[2025-09-22 16:42:02] INFO: Database connection established {"driver":"mysql","host":"db","database":"block_cms","connection_time":"1.07ms"}
[2025-09-22 16:42:02] DEBUG: Database transaction started
[2025-09-22 16:42:02] DEBUG: Records updated {"table":"pages","affected_rows":1,"where_conditions":["id"]}
[2025-09-22 16:42:02] DEBUG: Records updated {"table":"page_metadata","affected_rows":1,"where_conditions":["id"]}
[2025-09-22 16:42:02] DEBUG: Records updated {"table":"page_seo","affected_rows":1,"where_conditions":["id"]}
[2025-09-22 16:42:02] DEBUG: Record inserted {"table":"page_settings","insert_id":85,"data_keys":["template","custom_css","custom_js","redirect_url","menu_order","parent_page","latitude","longitude","address","price","currency","sale_price","recurring","recurring_period","page_id","created_at","updated_at"]}
[2025-09-22 16:42:02] DEBUG: Records deleted {"table":"page_access_roles","affected_rows":1,"where_conditions":["page_id"]}
[2025-09-22 16:42:02] DEBUG: Record inserted {"table":"page_access_roles","insert_id":28,"data_keys":["page_id","role","created_at","updated_at"]}
[2025-09-22 16:42:02] DEBUG: Record inserted {"table":"page_social","insert_id":77,"data_keys":["enable_sharing","platforms","share_text","share_hashtags","share_via","track_shares","track_clicks","pixel_ids","gtm_events","show_follower_count","show_share_count","show_recent_activity","testimonial_integration","auto_embed_links","embed_width","embed_height","lazy_load_embeds","page_id","created_at","updated_at"]}
[2025-09-22 16:42:02] DEBUG: Records deleted {"table":"page_categories","affected_rows":2,"where_conditions":["page_id"]}
[2025-09-22 16:42:02] DEBUG: Record inserted {"table":"categories","insert_id":217,"data_keys":["name","slug","is_active","created_at","updated_at"]}
[2025-09-22 16:42:02] DEBUG: Record inserted {"table":"page_categories","insert_id":216,"data_keys":["page_id","category_id","created_at","updated_at"]}
[2025-09-22 16:42:02] DEBUG: Record inserted {"table":"categories","insert_id":218,"data_keys":["name","slug","is_active","created_at","updated_at"]}
[2025-09-22 16:42:02] DEBUG: Record inserted {"table":"page_categories","insert_id":217,"data_keys":["page_id","category_id","created_at","updated_at"]}
[2025-09-22 16:42:02] DEBUG: Record inserted {"table":"categories","insert_id":219,"data_keys":["name","slug","is_active","created_at","updated_at"]}
[2025-09-22 16:42:02] DEBUG: Record inserted {"table":"page_categories","insert_id":218,"data_keys":["page_id","category_id","created_at","updated_at"]}
[2025-09-22 16:42:02] DEBUG: Records deleted {"table":"page_tags","affected_rows":2,"where_conditions":["page_id"]}
[2025-09-22 16:42:02] DEBUG: Records updated {"table":"tags","affected_rows":1,"where_conditions":["id"]}
[2025-09-22 16:42:02] DEBUG: Record inserted {"table":"tags","insert_id":162,"data_keys":["name","slug","usage_count","created_at","updated_at"]}
[2025-09-22 16:42:02] DEBUG: Record inserted {"table":"page_tags","insert_id":162,"data_keys":["page_id","tag_id","created_at","updated_at"]}
[2025-09-22 16:42:02] DEBUG: Record inserted {"table":"tags","insert_id":163,"data_keys":["name","slug","usage_count","created_at","updated_at"]}
[2025-09-22 16:42:02] DEBUG: Record inserted {"table":"page_tags","insert_id":163,"data_keys":["page_id","tag_id","created_at","updated_at"]}
[2025-09-22 16:42:02] DEBUG: Record inserted {"table":"tags","insert_id":164,"data_keys":["name","slug","usage_count","created_at","updated_at"]}
[2025-09-22 16:42:02] DEBUG: Record inserted {"table":"page_tags","insert_id":164,"data_keys":["page_id","tag_id","created_at","updated_at"]}
[2025-09-22 16:42:37] INFO: Database connection established {"driver":"mysql","host":"db","database":"block_cms","connection_time":"0.89ms"}
[2025-09-22 16:42:37] DEBUG: Database transaction started
[2025-09-22 16:42:37] DEBUG: Records updated {"table":"pages","affected_rows":1,"where_conditions":["id"]}
[2025-09-22 16:42:37] DEBUG: Records updated {"table":"page_metadata","affected_rows":1,"where_conditions":["id"]}
[2025-09-22 16:42:37] DEBUG: Records updated {"table":"page_seo","affected_rows":1,"where_conditions":["id"]}
[2025-09-22 16:42:37] DEBUG: Record inserted {"table":"page_settings","insert_id":86,"data_keys":["template","custom_css","custom_js","redirect_url","menu_order","parent_page","latitude","longitude","address","price","currency","sale_price","recurring","recurring_period","page_id","created_at","updated_at"]}
[2025-09-22 16:42:37] DEBUG: Records deleted {"table":"page_access_roles","affected_rows":1,"where_conditions":["page_id"]}
[2025-09-22 16:42:37] DEBUG: Record inserted {"table":"page_access_roles","insert_id":29,"data_keys":["page_id","role","created_at","updated_at"]}
[2025-09-22 16:42:37] DEBUG: Record inserted {"table":"page_social","insert_id":78,"data_keys":["enable_sharing","platforms","share_text","share_hashtags","share_via","track_shares","track_clicks","pixel_ids","gtm_events","show_follower_count","show_share_count","show_recent_activity","testimonial_integration","auto_embed_links","embed_width","embed_height","lazy_load_embeds","page_id","created_at","updated_at"]}
[2025-09-22 16:42:37] DEBUG: Records deleted {"table":"page_categories","affected_rows":2,"where_conditions":["page_id"]}
[2025-09-22 16:42:37] DEBUG: Record inserted {"table":"categories","insert_id":220,"data_keys":["name","slug","is_active","created_at","updated_at"]}
[2025-09-22 16:42:37] DEBUG: Record inserted {"table":"page_categories","insert_id":219,"data_keys":["page_id","category_id","created_at","updated_at"]}
[2025-09-22 16:42:37] DEBUG: Record inserted {"table":"categories","insert_id":221,"data_keys":["name","slug","is_active","created_at","updated_at"]}
[2025-09-22 16:42:37] DEBUG: Record inserted {"table":"page_categories","insert_id":220,"data_keys":["page_id","category_id","created_at","updated_at"]}
[2025-09-22 16:42:37] DEBUG: Record inserted {"table":"categories","insert_id":222,"data_keys":["name","slug","is_active","created_at","updated_at"]}
[2025-09-22 16:42:37] DEBUG: Record inserted {"table":"page_categories","insert_id":221,"data_keys":["page_id","category_id","created_at","updated_at"]}
[2025-09-22 16:42:37] DEBUG: Records deleted {"table":"page_tags","affected_rows":2,"where_conditions":["page_id"]}
[2025-09-22 16:42:37] DEBUG: Records updated {"table":"tags","affected_rows":1,"where_conditions":["id"]}
[2025-09-22 16:42:37] DEBUG: Record inserted {"table":"tags","insert_id":165,"data_keys":["name","slug","usage_count","created_at","updated_at"]}
[2025-09-22 16:42:37] DEBUG: Record inserted {"table":"page_tags","insert_id":165,"data_keys":["page_id","tag_id","created_at","updated_at"]}
[2025-09-22 16:42:37] DEBUG: Record inserted {"table":"tags","insert_id":166,"data_keys":["name","slug","usage_count","created_at","updated_at"]}
[2025-09-22 16:42:37] DEBUG: Record inserted {"table":"page_tags","insert_id":166,"data_keys":["page_id","tag_id","created_at","updated_at"]}
[2025-09-22 16:42:37] DEBUG: Record inserted {"table":"tags","insert_id":167,"data_keys":["name","slug","usage_count","created_at","updated_at"]}
[2025-09-22 16:42:37] DEBUG: Record inserted {"table":"page_tags","insert_id":167,"data_keys":["page_id","tag_id","created_at","updated_at"]}
[2025-09-22 16:42:37] DEBUG: Database transaction rolled back
[2025-09-22 16:43:26] INFO: Database connection established {"driver":"mysql","host":"db","database":"block_cms","connection_time":"1.11ms"}
[2025-09-22 16:43:26] DEBUG: Database transaction started
[2025-09-22 16:43:26] DEBUG: Records updated {"table":"pages","affected_rows":1,"where_conditions":["id"]}
[2025-09-22 16:43:26] DEBUG: Records updated {"table":"page_metadata","affected_rows":1,"where_conditions":["id"]}
[2025-09-22 16:43:26] DEBUG: Records updated {"table":"page_seo","affected_rows":1,"where_conditions":["id"]}
[2025-09-22 16:43:26] DEBUG: Record inserted {"table":"page_settings","insert_id":87,"data_keys":["template","custom_css","custom_js","redirect_url","menu_order","parent_page","latitude","longitude","address","price","currency","sale_price","recurring","recurring_period","page_id","created_at","updated_at"]}
[2025-09-22 16:43:26] DEBUG: Records deleted {"table":"page_access_roles","affected_rows":1,"where_conditions":["page_id"]}
[2025-09-22 16:43:26] DEBUG: Record inserted {"table":"page_access_roles","insert_id":30,"data_keys":["page_id","role","created_at","updated_at"]}
[2025-09-22 16:43:26] DEBUG: Record inserted {"table":"page_social","insert_id":79,"data_keys":["enable_sharing","platforms","share_text","share_hashtags","share_via","track_shares","track_clicks","pixel_ids","gtm_events","show_follower_count","show_share_count","show_recent_activity","testimonial_integration","auto_embed_links","embed_width","embed_height","lazy_load_embeds","page_id","created_at","updated_at"]}
[2025-09-22 16:43:26] DEBUG: Records deleted {"table":"page_categories","affected_rows":2,"where_conditions":["page_id"]}
[2025-09-22 16:43:26] DEBUG: Record inserted {"table":"categories","insert_id":223,"data_keys":["name","slug","is_active","created_at","updated_at"]}
[2025-09-22 16:43:26] DEBUG: Record inserted {"table":"page_categories","insert_id":222,"data_keys":["page_id","category_id","created_at","updated_at"]}
[2025-09-22 16:43:26] DEBUG: Record inserted {"table":"categories","insert_id":224,"data_keys":["name","slug","is_active","created_at","updated_at"]}
[2025-09-22 16:43:26] DEBUG: Record inserted {"table":"page_categories","insert_id":223,"data_keys":["page_id","category_id","created_at","updated_at"]}
[2025-09-22 16:43:26] DEBUG: Record inserted {"table":"categories","insert_id":225,"data_keys":["name","slug","is_active","created_at","updated_at"]}
[2025-09-22 16:43:26] DEBUG: Record inserted {"table":"page_categories","insert_id":224,"data_keys":["page_id","category_id","created_at","updated_at"]}
[2025-09-22 16:43:26] DEBUG: Records deleted {"table":"page_tags","affected_rows":2,"where_conditions":["page_id"]}
[2025-09-22 16:43:26] DEBUG: Records updated {"table":"tags","affected_rows":1,"where_conditions":["id"]}
[2025-09-22 16:43:26] DEBUG: Record inserted {"table":"tags","insert_id":168,"data_keys":["name","slug","usage_count","created_at","updated_at"]}
[2025-09-22 16:43:26] DEBUG: Record inserted {"table":"page_tags","insert_id":168,"data_keys":["page_id","tag_id","created_at","updated_at"]}
[2025-09-22 16:43:26] DEBUG: Record inserted {"table":"tags","insert_id":169,"data_keys":["name","slug","usage_count","created_at","updated_at"]}
[2025-09-22 16:43:26] DEBUG: Record inserted {"table":"page_tags","insert_id":169,"data_keys":["page_id","tag_id","created_at","updated_at"]}
[2025-09-22 16:43:26] DEBUG: Record inserted {"table":"tags","insert_id":170,"data_keys":["name","slug","usage_count","created_at","updated_at"]}
[2025-09-22 16:43:26] DEBUG: Record inserted {"table":"page_tags","insert_id":170,"data_keys":["page_id","tag_id","created_at","updated_at"]}
[2025-09-22 16:43:26] DEBUG: Database transaction rolled back
[2025-09-22 16:46:17] INFO: Database connection established {"driver":"mysql","host":"db","database":"block_cms","connection_time":"0.94ms"}
[2025-09-22 16:46:17] DEBUG: Database transaction started
[2025-09-22 16:46:17] DEBUG: Records updated {"table":"pages","affected_rows":1,"where_conditions":["id"]}
[2025-09-22 16:46:17] DEBUG: Records updated {"table":"page_metadata","affected_rows":1,"where_conditions":["id"]}
[2025-09-22 16:46:17] DEBUG: Records updated {"table":"page_seo","affected_rows":1,"where_conditions":["id"]}
[2025-09-22 16:46:17] DEBUG: Record inserted {"table":"page_settings","insert_id":88,"data_keys":["template","custom_css","custom_js","redirect_url","menu_order","parent_page","latitude","longitude","address","price","currency","sale_price","recurring","recurring_period","page_id","created_at","updated_at"]}
[2025-09-22 16:46:17] DEBUG: Records deleted {"table":"page_access_roles","affected_rows":1,"where_conditions":["page_id"]}
[2025-09-22 16:46:17] DEBUG: Record inserted {"table":"page_access_roles","insert_id":31,"data_keys":["page_id","role","created_at","updated_at"]}
[2025-09-22 16:46:17] DEBUG: Record inserted {"table":"page_social","insert_id":80,"data_keys":["enable_sharing","platforms","share_text","share_hashtags","share_via","track_shares","track_clicks","pixel_ids","gtm_events","show_follower_count","show_share_count","show_recent_activity","testimonial_integration","auto_embed_links","embed_width","embed_height","lazy_load_embeds","page_id","created_at","updated_at"]}
[2025-09-22 16:46:17] DEBUG: Records deleted {"table":"page_categories","affected_rows":2,"where_conditions":["page_id"]}
[2025-09-22 16:46:17] DEBUG: Record inserted {"table":"categories","insert_id":226,"data_keys":["name","slug","is_active","created_at","updated_at"]}
[2025-09-22 16:46:17] DEBUG: Record inserted {"table":"page_categories","insert_id":225,"data_keys":["page_id","category_id","created_at","updated_at"]}
[2025-09-22 16:46:17] DEBUG: Record inserted {"table":"categories","insert_id":227,"data_keys":["name","slug","is_active","created_at","updated_at"]}
[2025-09-22 16:46:17] DEBUG: Record inserted {"table":"page_categories","insert_id":226,"data_keys":["page_id","category_id","created_at","updated_at"]}
[2025-09-22 16:46:17] DEBUG: Record inserted {"table":"categories","insert_id":228,"data_keys":["name","slug","is_active","created_at","updated_at"]}
[2025-09-22 16:46:17] DEBUG: Record inserted {"table":"page_categories","insert_id":227,"data_keys":["page_id","category_id","created_at","updated_at"]}
[2025-09-22 16:46:18] DEBUG: Records deleted {"table":"page_tags","affected_rows":2,"where_conditions":["page_id"]}
[2025-09-22 16:46:18] DEBUG: Records updated {"table":"tags","affected_rows":1,"where_conditions":["id"]}
[2025-09-22 16:46:18] DEBUG: Record inserted {"table":"tags","insert_id":171,"data_keys":["name","slug","usage_count","created_at","updated_at"]}
[2025-09-22 16:46:18] DEBUG: Record inserted {"table":"page_tags","insert_id":171,"data_keys":["page_id","tag_id","created_at","updated_at"]}
[2025-09-22 16:46:18] DEBUG: Record inserted {"table":"tags","insert_id":172,"data_keys":["name","slug","usage_count","created_at","updated_at"]}
[2025-09-22 16:46:18] DEBUG: Record inserted {"table":"page_tags","insert_id":172,"data_keys":["page_id","tag_id","created_at","updated_at"]}
[2025-09-22 16:46:18] DEBUG: Record inserted {"table":"tags","insert_id":173,"data_keys":["name","slug","usage_count","created_at","updated_at"]}
[2025-09-22 16:46:18] DEBUG: Record inserted {"table":"page_tags","insert_id":173,"data_keys":["page_id","tag_id","created_at","updated_at"]}
[2025-09-22 16:46:18] DEBUG: Database transaction rolled back
[2025-09-22 16:46:28] INFO: Database connection established {"driver":"mysql","host":"db","database":"block_cms","connection_time":"1.2ms"}
[2025-09-22 16:46:28] DEBUG: Database transaction started
[2025-09-22 16:46:28] DEBUG: Records updated {"table":"pages","affected_rows":1,"where_conditions":["id"]}
[2025-09-22 16:46:28] DEBUG: Records updated {"table":"page_metadata","affected_rows":1,"where_conditions":["id"]}
[2025-09-22 16:46:28] DEBUG: Records updated {"table":"page_seo","affected_rows":1,"where_conditions":["id"]}
[2025-09-22 16:46:28] DEBUG: Record inserted {"table":"page_settings","insert_id":89,"data_keys":["template","custom_css","custom_js","redirect_url","menu_order","parent_page","latitude","longitude","address","price","currency","sale_price","recurring","recurring_period","page_id","created_at","updated_at"]}
[2025-09-22 16:46:28] DEBUG: Records deleted {"table":"page_access_roles","affected_rows":1,"where_conditions":["page_id"]}
[2025-09-22 16:46:28] DEBUG: Record inserted {"table":"page_access_roles","insert_id":32,"data_keys":["page_id","role","created_at","updated_at"]}
[2025-09-22 16:46:28] DEBUG: Record inserted {"table":"page_social","insert_id":81,"data_keys":["enable_sharing","platforms","share_text","share_hashtags","share_via","track_shares","track_clicks","pixel_ids","gtm_events","show_follower_count","show_share_count","show_recent_activity","testimonial_integration","auto_embed_links","embed_width","embed_height","lazy_load_embeds","page_id","created_at","updated_at"]}
[2025-09-22 16:46:28] DEBUG: Records deleted {"table":"page_categories","affected_rows":2,"where_conditions":["page_id"]}
[2025-09-22 16:46:28] DEBUG: Record inserted {"table":"categories","insert_id":229,"data_keys":["name","slug","is_active","created_at","updated_at"]}
[2025-09-22 16:46:28] DEBUG: Record inserted {"table":"page_categories","insert_id":228,"data_keys":["page_id","category_id","created_at","updated_at"]}
[2025-09-22 16:46:28] DEBUG: Record inserted {"table":"categories","insert_id":230,"data_keys":["name","slug","is_active","created_at","updated_at"]}
[2025-09-22 16:46:28] DEBUG: Record inserted {"table":"page_categories","insert_id":229,"data_keys":["page_id","category_id","created_at","updated_at"]}
[2025-09-22 16:46:28] DEBUG: Record inserted {"table":"categories","insert_id":231,"data_keys":["name","slug","is_active","created_at","updated_at"]}
[2025-09-22 16:46:28] DEBUG: Record inserted {"table":"page_categories","insert_id":230,"data_keys":["page_id","category_id","created_at","updated_at"]}
[2025-09-22 16:46:28] DEBUG: Records deleted {"table":"page_tags","affected_rows":2,"where_conditions":["page_id"]}
[2025-09-22 16:46:28] DEBUG: Records updated {"table":"tags","affected_rows":1,"where_conditions":["id"]}
[2025-09-22 16:46:28] DEBUG: Record inserted {"table":"tags","insert_id":174,"data_keys":["name","slug","usage_count","created_at","updated_at"]}
[2025-09-22 16:46:28] DEBUG: Record inserted {"table":"page_tags","insert_id":174,"data_keys":["page_id","tag_id","created_at","updated_at"]}
[2025-09-22 16:46:28] DEBUG: Record inserted {"table":"tags","insert_id":175,"data_keys":["name","slug","usage_count","created_at","updated_at"]}
[2025-09-22 16:46:28] DEBUG: Record inserted {"table":"page_tags","insert_id":175,"data_keys":["page_id","tag_id","created_at","updated_at"]}
[2025-09-22 16:46:28] DEBUG: Record inserted {"table":"tags","insert_id":176,"data_keys":["name","slug","usage_count","created_at","updated_at"]}
[2025-09-22 16:46:28] DEBUG: Record inserted {"table":"page_tags","insert_id":176,"data_keys":["page_id","tag_id","created_at","updated_at"]}
[2025-09-22 16:46:28] DEBUG: Database transaction rolled back
[2025-09-22 16:47:08] INFO: Database connection established {"driver":"mysql","host":"db","database":"block_cms","connection_time":"1.32ms"}
[2025-09-22 16:47:08] DEBUG: Database transaction started
[2025-09-22 16:47:08] DEBUG: Records updated {"table":"pages","affected_rows":1,"where_conditions":["id"]}
[2025-09-22 16:47:08] DEBUG: Records updated {"table":"page_metadata","affected_rows":1,"where_conditions":["id"]}
[2025-09-22 16:47:08] DEBUG: Records updated {"table":"page_seo","affected_rows":1,"where_conditions":["id"]}
[2025-09-22 16:47:08] DEBUG: Record inserted {"table":"page_settings","insert_id":90,"data_keys":["template","custom_css","custom_js","redirect_url","menu_order","parent_page","latitude","longitude","address","price","currency","sale_price","recurring","recurring_period","page_id","created_at","updated_at"]}
[2025-09-22 16:47:08] DEBUG: Records deleted {"table":"page_access_roles","affected_rows":1,"where_conditions":["page_id"]}
[2025-09-22 16:47:08] DEBUG: Record inserted {"table":"page_access_roles","insert_id":33,"data_keys":["page_id","role","created_at","updated_at"]}
[2025-09-22 16:47:08] DEBUG: Record inserted {"table":"page_social","insert_id":82,"data_keys":["enable_sharing","platforms","share_text","share_hashtags","share_via","track_shares","track_clicks","pixel_ids","gtm_events","show_follower_count","show_share_count","show_recent_activity","testimonial_integration","auto_embed_links","embed_width","embed_height","lazy_load_embeds","page_id","created_at","updated_at"]}
[2025-09-22 16:47:08] DEBUG: Records deleted {"table":"page_categories","affected_rows":2,"where_conditions":["page_id"]}
[2025-09-22 16:47:08] DEBUG: Record inserted {"table":"categories","insert_id":232,"data_keys":["name","slug","is_active","created_at","updated_at"]}
[2025-09-22 16:47:08] DEBUG: Record inserted {"table":"page_categories","insert_id":231,"data_keys":["page_id","category_id","created_at","updated_at"]}
[2025-09-22 16:47:08] DEBUG: Record inserted {"table":"categories","insert_id":233,"data_keys":["name","slug","is_active","created_at","updated_at"]}
[2025-09-22 16:47:08] DEBUG: Record inserted {"table":"page_categories","insert_id":232,"data_keys":["page_id","category_id","created_at","updated_at"]}
[2025-09-22 16:47:08] DEBUG: Record inserted {"table":"categories","insert_id":234,"data_keys":["name","slug","is_active","created_at","updated_at"]}
[2025-09-22 16:47:08] DEBUG: Record inserted {"table":"page_categories","insert_id":233,"data_keys":["page_id","category_id","created_at","updated_at"]}
[2025-09-22 16:47:08] DEBUG: Records deleted {"table":"page_tags","affected_rows":2,"where_conditions":["page_id"]}
[2025-09-22 16:47:08] DEBUG: Records updated {"table":"tags","affected_rows":1,"where_conditions":["id"]}
[2025-09-22 16:47:08] DEBUG: Record inserted {"table":"tags","insert_id":177,"data_keys":["name","slug","usage_count","created_at","updated_at"]}
[2025-09-22 16:47:08] DEBUG: Record inserted {"table":"page_tags","insert_id":177,"data_keys":["page_id","tag_id","created_at","updated_at"]}
[2025-09-22 16:47:08] DEBUG: Record inserted {"table":"tags","insert_id":178,"data_keys":["name","slug","usage_count","created_at","updated_at"]}
[2025-09-22 16:47:08] DEBUG: Record inserted {"table":"page_tags","insert_id":178,"data_keys":["page_id","tag_id","created_at","updated_at"]}
[2025-09-22 16:47:08] DEBUG: Record inserted {"table":"tags","insert_id":179,"data_keys":["name","slug","usage_count","created_at","updated_at"]}
[2025-09-22 16:47:08] DEBUG: Record inserted {"table":"page_tags","insert_id":179,"data_keys":["page_id","tag_id","created_at","updated_at"]}
[2025-09-22 16:47:18] INFO: Database connection established {"driver":"mysql","host":"db","database":"block_cms","connection_time":"1.73ms"}
[2025-09-22 16:47:18] DEBUG: Database transaction started
[2025-09-22 16:47:18] DEBUG: Records updated {"table":"pages","affected_rows":1,"where_conditions":["id"]}
[2025-09-22 16:47:18] DEBUG: Records updated {"table":"page_metadata","affected_rows":1,"where_conditions":["id"]}
[2025-09-22 16:47:18] DEBUG: Records updated {"table":"page_seo","affected_rows":1,"where_conditions":["id"]}
[2025-09-22 16:47:18] DEBUG: Record inserted {"table":"page_settings","insert_id":91,"data_keys":["template","custom_css","custom_js","redirect_url","menu_order","parent_page","latitude","longitude","address","price","currency","sale_price","recurring","recurring_period","page_id","created_at","updated_at"]}
[2025-09-22 16:47:18] DEBUG: Records deleted {"table":"page_access_roles","affected_rows":1,"where_conditions":["page_id"]}
[2025-09-22 16:47:18] DEBUG: Record inserted {"table":"page_access_roles","insert_id":34,"data_keys":["page_id","role","created_at","updated_at"]}
[2025-09-22 16:47:18] DEBUG: Record inserted {"table":"page_social","insert_id":83,"data_keys":["enable_sharing","platforms","share_text","share_hashtags","share_via","track_shares","track_clicks","pixel_ids","gtm_events","show_follower_count","show_share_count","show_recent_activity","testimonial_integration","auto_embed_links","embed_width","embed_height","lazy_load_embeds","page_id","created_at","updated_at"]}
[2025-09-22 16:47:18] DEBUG: Records deleted {"table":"page_categories","affected_rows":2,"where_conditions":["page_id"]}
[2025-09-22 16:47:18] DEBUG: Record inserted {"table":"categories","insert_id":235,"data_keys":["name","slug","is_active","created_at","updated_at"]}
[2025-09-22 16:47:18] DEBUG: Record inserted {"table":"page_categories","insert_id":234,"data_keys":["page_id","category_id","created_at","updated_at"]}
[2025-09-22 16:47:18] DEBUG: Record inserted {"table":"categories","insert_id":236,"data_keys":["name","slug","is_active","created_at","updated_at"]}
[2025-09-22 16:47:18] DEBUG: Record inserted {"table":"page_categories","insert_id":235,"data_keys":["page_id","category_id","created_at","updated_at"]}
[2025-09-22 16:47:18] DEBUG: Record inserted {"table":"categories","insert_id":237,"data_keys":["name","slug","is_active","created_at","updated_at"]}
[2025-09-22 16:47:18] DEBUG: Record inserted {"table":"page_categories","insert_id":236,"data_keys":["page_id","category_id","created_at","updated_at"]}
[2025-09-22 16:47:18] DEBUG: Records deleted {"table":"page_tags","affected_rows":2,"where_conditions":["page_id"]}
[2025-09-22 16:47:18] DEBUG: Records updated {"table":"tags","affected_rows":1,"where_conditions":["id"]}
[2025-09-22 16:47:18] DEBUG: Record inserted {"table":"tags","insert_id":180,"data_keys":["name","slug","usage_count","created_at","updated_at"]}
[2025-09-22 16:47:18] DEBUG: Record inserted {"table":"page_tags","insert_id":180,"data_keys":["page_id","tag_id","created_at","updated_at"]}
[2025-09-22 16:47:18] DEBUG: Record inserted {"table":"tags","insert_id":181,"data_keys":["name","slug","usage_count","created_at","updated_at"]}
[2025-09-22 16:47:18] DEBUG: Record inserted {"table":"page_tags","insert_id":181,"data_keys":["page_id","tag_id","created_at","updated_at"]}
[2025-09-22 16:47:18] DEBUG: Record inserted {"table":"tags","insert_id":182,"data_keys":["name","slug","usage_count","created_at","updated_at"]}
[2025-09-22 16:47:18] DEBUG: Record inserted {"table":"page_tags","insert_id":182,"data_keys":["page_id","tag_id","created_at","updated_at"]}
[2025-09-22 16:47:18] DEBUG: Database transaction rolled back
[2025-09-22 16:47:32] INFO: Database connection established {"driver":"mysql","host":"db","database":"block_cms","connection_time":"1.04ms"}
[2025-09-22 16:47:32] DEBUG: Database transaction started
[2025-09-22 16:47:32] DEBUG: Records updated {"table":"pages","affected_rows":1,"where_conditions":["id"]}
[2025-09-22 16:47:32] DEBUG: Records updated {"table":"page_metadata","affected_rows":1,"where_conditions":["id"]}
[2025-09-22 16:47:32] DEBUG: Records updated {"table":"page_seo","affected_rows":1,"where_conditions":["id"]}
[2025-09-22 16:47:32] DEBUG: Record inserted {"table":"page_settings","insert_id":92,"data_keys":["template","custom_css","custom_js","redirect_url","menu_order","parent_page","latitude","longitude","address","price","currency","sale_price","recurring","recurring_period","page_id","created_at","updated_at"]}
[2025-09-22 16:47:32] DEBUG: Records deleted {"table":"page_access_roles","affected_rows":1,"where_conditions":["page_id"]}
[2025-09-22 16:47:32] DEBUG: Record inserted {"table":"page_access_roles","insert_id":35,"data_keys":["page_id","role","created_at","updated_at"]}
[2025-09-22 16:47:32] DEBUG: Record inserted {"table":"page_social","insert_id":84,"data_keys":["enable_sharing","platforms","share_text","share_hashtags","share_via","track_shares","track_clicks","pixel_ids","gtm_events","show_follower_count","show_share_count","show_recent_activity","testimonial_integration","auto_embed_links","embed_width","embed_height","lazy_load_embeds","page_id","created_at","updated_at"]}
[2025-09-22 16:47:32] DEBUG: Records deleted {"table":"page_categories","affected_rows":2,"where_conditions":["page_id"]}
[2025-09-22 16:47:32] DEBUG: Record inserted {"table":"categories","insert_id":238,"data_keys":["name","slug","is_active","created_at","updated_at"]}
[2025-09-22 16:47:32] DEBUG: Record inserted {"table":"page_categories","insert_id":237,"data_keys":["page_id","category_id","created_at","updated_at"]}
[2025-09-22 16:47:32] DEBUG: Record inserted {"table":"categories","insert_id":239,"data_keys":["name","slug","is_active","created_at","updated_at"]}
[2025-09-22 16:47:32] DEBUG: Record inserted {"table":"page_categories","insert_id":238,"data_keys":["page_id","category_id","created_at","updated_at"]}
[2025-09-22 16:47:32] DEBUG: Record inserted {"table":"categories","insert_id":240,"data_keys":["name","slug","is_active","created_at","updated_at"]}
[2025-09-22 16:47:32] DEBUG: Record inserted {"table":"page_categories","insert_id":239,"data_keys":["page_id","category_id","created_at","updated_at"]}
[2025-09-22 16:47:32] DEBUG: Records deleted {"table":"page_tags","affected_rows":2,"where_conditions":["page_id"]}
[2025-09-22 16:47:32] DEBUG: Records updated {"table":"tags","affected_rows":1,"where_conditions":["id"]}
[2025-09-22 16:47:32] DEBUG: Record inserted {"table":"tags","insert_id":183,"data_keys":["name","slug","usage_count","created_at","updated_at"]}
[2025-09-22 16:47:32] DEBUG: Record inserted {"table":"page_tags","insert_id":183,"data_keys":["page_id","tag_id","created_at","updated_at"]}
[2025-09-22 16:47:32] DEBUG: Record inserted {"table":"tags","insert_id":184,"data_keys":["name","slug","usage_count","created_at","updated_at"]}
[2025-09-22 16:47:32] DEBUG: Record inserted {"table":"page_tags","insert_id":184,"data_keys":["page_id","tag_id","created_at","updated_at"]}
[2025-09-22 16:47:32] DEBUG: Record inserted {"table":"tags","insert_id":185,"data_keys":["name","slug","usage_count","created_at","updated_at"]}
[2025-09-22 16:47:32] DEBUG: Record inserted {"table":"page_tags","insert_id":185,"data_keys":["page_id","tag_id","created_at","updated_at"]}
[2025-09-22 16:47:32] DEBUG: Database transaction rolled back
[2025-09-22 16:48:10] INFO: Database connection established {"driver":"mysql","host":"db","database":"block_cms","connection_time":"0.99ms"}
[2025-09-22 16:48:10] DEBUG: Database transaction started
[2025-09-22 16:48:10] DEBUG: Records updated {"table":"pages","affected_rows":1,"where_conditions":["id"]}
[2025-09-22 16:48:10] DEBUG: Records updated {"table":"page_metadata","affected_rows":1,"where_conditions":["id"]}
[2025-09-22 16:48:10] DEBUG: Records updated {"table":"page_seo","affected_rows":1,"where_conditions":["id"]}
[2025-09-22 16:48:10] DEBUG: Record inserted {"table":"page_settings","insert_id":93,"data_keys":["template","custom_css","custom_js","redirect_url","menu_order","parent_page","latitude","longitude","address","price","currency","sale_price","recurring","recurring_period","page_id","created_at","updated_at"]}
[2025-09-22 16:48:10] DEBUG: Records deleted {"table":"page_access_roles","affected_rows":1,"where_conditions":["page_id"]}
[2025-09-22 16:48:10] DEBUG: Record inserted {"table":"page_access_roles","insert_id":36,"data_keys":["page_id","role","created_at","updated_at"]}
[2025-09-22 16:48:10] DEBUG: Record inserted {"table":"page_social","insert_id":85,"data_keys":["enable_sharing","platforms","share_text","share_hashtags","share_via","track_shares","track_clicks","pixel_ids","gtm_events","show_follower_count","show_share_count","show_recent_activity","testimonial_integration","auto_embed_links","embed_width","embed_height","lazy_load_embeds","page_id","created_at","updated_at"]}
[2025-09-22 16:48:10] DEBUG: Records deleted {"table":"page_categories","affected_rows":2,"where_conditions":["page_id"]}
[2025-09-22 16:48:10] DEBUG: Record inserted {"table":"categories","insert_id":241,"data_keys":["name","slug","is_active","created_at","updated_at"]}
[2025-09-22 16:48:10] DEBUG: Record inserted {"table":"page_categories","insert_id":240,"data_keys":["page_id","category_id","created_at","updated_at"]}
[2025-09-22 16:48:10] DEBUG: Record inserted {"table":"categories","insert_id":242,"data_keys":["name","slug","is_active","created_at","updated_at"]}
[2025-09-22 16:48:10] DEBUG: Record inserted {"table":"page_categories","insert_id":241,"data_keys":["page_id","category_id","created_at","updated_at"]}
[2025-09-22 16:48:10] DEBUG: Record inserted {"table":"categories","insert_id":243,"data_keys":["name","slug","is_active","created_at","updated_at"]}
[2025-09-22 16:48:10] DEBUG: Record inserted {"table":"page_categories","insert_id":242,"data_keys":["page_id","category_id","created_at","updated_at"]}
[2025-09-22 16:48:10] DEBUG: Records deleted {"table":"page_tags","affected_rows":2,"where_conditions":["page_id"]}
[2025-09-22 16:48:10] DEBUG: Records updated {"table":"tags","affected_rows":1,"where_conditions":["id"]}
[2025-09-22 16:48:10] DEBUG: Record inserted {"table":"tags","insert_id":186,"data_keys":["name","slug","usage_count","created_at","updated_at"]}
[2025-09-22 16:48:10] DEBUG: Record inserted {"table":"page_tags","insert_id":186,"data_keys":["page_id","tag_id","created_at","updated_at"]}
[2025-09-22 16:48:10] DEBUG: Record inserted {"table":"tags","insert_id":187,"data_keys":["name","slug","usage_count","created_at","updated_at"]}
[2025-09-22 16:48:10] DEBUG: Record inserted {"table":"page_tags","insert_id":187,"data_keys":["page_id","tag_id","created_at","updated_at"]}
[2025-09-22 16:48:10] DEBUG: Record inserted {"table":"tags","insert_id":188,"data_keys":["name","slug","usage_count","created_at","updated_at"]}
[2025-09-22 16:48:10] DEBUG: Record inserted {"table":"page_tags","insert_id":188,"data_keys":["page_id","tag_id","created_at","updated_at"]}
[2025-09-22 16:48:10] DEBUG: Database savepoint created {"level":1}
[2025-09-22 16:48:10] DEBUG: Records deleted {"table":"blocks","affected_rows":1,"where_conditions":["page_id"]}
[2025-09-22 16:48:10] DEBUG: Database savepoint created {"level":2}
[2025-09-22 16:48:10] ERROR: Invalid block data structure {"block_type":"image","page_id":2}
[2025-09-22 16:48:10] DEBUG: Record inserted {"table":"blocks","insert_id":107,"data_keys":["page_id","type","data","order","created_at","updated_at"]}
[2025-09-22 16:48:10] DEBUG: Record inserted {"table":"blocks","insert_id":108,"data_keys":["page_id","type","data","order","created_at","updated_at"]}
[2025-09-22 16:48:10] ERROR: Invalid block data structure {"block_type":"text","page_id":2}
[2025-09-22 16:48:10] DEBUG: Record inserted {"table":"blocks","insert_id":109,"data_keys":["page_id","type","data","order","created_at","updated_at"]}
[2025-09-22 16:48:10] DEBUG: Record inserted {"table":"blocks","insert_id":110,"data_keys":["page_id","type","data","order","created_at","updated_at"]}
[2025-09-22 16:48:10] ERROR: Invalid block data structure {"block_type":"image","page_id":2}
[2025-09-22 16:48:10] DEBUG: Record inserted {"table":"blocks","insert_id":111,"data_keys":["page_id","type","data","order","created_at","updated_at"]}
[2025-09-22 16:49:30] INFO: Database connection established {"driver":"mysql","host":"db","database":"block_cms","connection_time":"1ms"}
[2025-09-22 16:49:30] DEBUG: Database transaction started
[2025-09-22 16:49:30] DEBUG: Records updated {"table":"pages","affected_rows":1,"where_conditions":["id"]}
[2025-09-22 16:49:30] DEBUG: Records updated {"table":"page_metadata","affected_rows":1,"where_conditions":["id"]}
[2025-09-22 16:49:30] DEBUG: Records updated {"table":"page_seo","affected_rows":1,"where_conditions":["id"]}
[2025-09-22 16:49:30] DEBUG: Record inserted {"table":"page_settings","insert_id":94,"data_keys":["template","custom_css","custom_js","redirect_url","menu_order","parent_page","latitude","longitude","address","price","currency","sale_price","recurring","recurring_period","page_id","created_at","updated_at"]}
[2025-09-22 16:49:30] DEBUG: Records deleted {"table":"page_access_roles","affected_rows":1,"where_conditions":["page_id"]}
[2025-09-22 16:49:30] DEBUG: Record inserted {"table":"page_access_roles","insert_id":37,"data_keys":["page_id","role","created_at","updated_at"]}
[2025-09-22 16:49:30] DEBUG: Record inserted {"table":"page_social","insert_id":86,"data_keys":["enable_sharing","platforms","share_text","share_hashtags","share_via","track_shares","track_clicks","pixel_ids","gtm_events","show_follower_count","show_share_count","show_recent_activity","testimonial_integration","auto_embed_links","embed_width","embed_height","lazy_load_embeds","page_id","created_at","updated_at"]}
[2025-09-22 16:49:30] DEBUG: Records deleted {"table":"page_categories","affected_rows":2,"where_conditions":["page_id"]}
[2025-09-22 16:49:30] DEBUG: Record inserted {"table":"categories","insert_id":244,"data_keys":["name","slug","is_active","created_at","updated_at"]}
[2025-09-22 16:49:30] DEBUG: Record inserted {"table":"page_categories","insert_id":243,"data_keys":["page_id","category_id","created_at","updated_at"]}
[2025-09-22 16:49:30] DEBUG: Record inserted {"table":"categories","insert_id":245,"data_keys":["name","slug","is_active","created_at","updated_at"]}
[2025-09-22 16:49:30] DEBUG: Record inserted {"table":"page_categories","insert_id":244,"data_keys":["page_id","category_id","created_at","updated_at"]}
[2025-09-22 16:49:30] DEBUG: Record inserted {"table":"categories","insert_id":246,"data_keys":["name","slug","is_active","created_at","updated_at"]}
[2025-09-22 16:49:30] DEBUG: Record inserted {"table":"page_categories","insert_id":245,"data_keys":["page_id","category_id","created_at","updated_at"]}
[2025-09-22 16:49:30] DEBUG: Records deleted {"table":"page_tags","affected_rows":2,"where_conditions":["page_id"]}
[2025-09-22 16:49:30] DEBUG: Records updated {"table":"tags","affected_rows":1,"where_conditions":["id"]}
[2025-09-22 16:49:30] DEBUG: Record inserted {"table":"tags","insert_id":189,"data_keys":["name","slug","usage_count","created_at","updated_at"]}
[2025-09-22 16:49:30] DEBUG: Record inserted {"table":"page_tags","insert_id":189,"data_keys":["page_id","tag_id","created_at","updated_at"]}
[2025-09-22 16:49:30] DEBUG: Record inserted {"table":"tags","insert_id":190,"data_keys":["name","slug","usage_count","created_at","updated_at"]}
[2025-09-22 16:49:30] DEBUG: Record inserted {"table":"page_tags","insert_id":190,"data_keys":["page_id","tag_id","created_at","updated_at"]}
[2025-09-22 16:49:30] DEBUG: Record inserted {"table":"tags","insert_id":191,"data_keys":["name","slug","usage_count","created_at","updated_at"]}
[2025-09-22 16:49:30] DEBUG: Record inserted {"table":"page_tags","insert_id":191,"data_keys":["page_id","tag_id","created_at","updated_at"]}
[2025-09-22 16:49:30] DEBUG: Database savepoint created {"level":1}
[2025-09-22 16:49:30] DEBUG: Records deleted {"table":"blocks","affected_rows":1,"where_conditions":["page_id"]}
[2025-09-22 16:49:30] DEBUG: Database savepoint created {"level":2}
[2025-09-22 16:49:30] ERROR: Invalid block data structure {"block_type":"image","page_id":2}
[2025-09-22 16:49:30] DEBUG: Record inserted {"table":"blocks","insert_id":112,"data_keys":["page_id","type","data","order","created_at","updated_at"]}
[2025-09-22 16:49:30] DEBUG: Record inserted {"table":"blocks","insert_id":113,"data_keys":["page_id","type","data","order","created_at","updated_at"]}
[2025-09-22 16:49:30] ERROR: Invalid block data structure {"block_type":"text","page_id":2}
[2025-09-22 16:49:30] DEBUG: Record inserted {"table":"blocks","insert_id":114,"data_keys":["page_id","type","data","order","created_at","updated_at"]}
[2025-09-22 16:49:30] DEBUG: Record inserted {"table":"blocks","insert_id":115,"data_keys":["page_id","type","data","order","created_at","updated_at"]}
[2025-09-22 16:49:30] ERROR: Invalid block data structure {"block_type":"image","page_id":2}
[2025-09-22 16:49:30] DEBUG: Record inserted {"table":"blocks","insert_id":116,"data_keys":["page_id","type","data","order","created_at","updated_at"]}
[2025-09-22 16:49:30] DEBUG: Record inserted {"table":"blocks","insert_id":117,"data_keys":["page_id","type","data","order","created_at","updated_at"]}
[2025-09-22 16:49:30] DEBUG: Record inserted {"table":"blocks","insert_id":118,"data_keys":["page_id","type","data","order","created_at","updated_at"]}
[2025-09-22 16:49:30] DEBUG: Record inserted {"table":"blocks","insert_id":119,"data_keys":["page_id","type","data","order","created_at","updated_at"]}
[2025-09-22 16:49:30] DEBUG: Record inserted {"table":"blocks","insert_id":120,"data_keys":["page_id","type","data","order","created_at","updated_at"]}
[2025-09-22 16:49:30] DEBUG: Record inserted {"table":"blocks","insert_id":121,"data_keys":["page_id","type","data","order","created_at","updated_at"]}
[2025-09-22 16:49:30] DEBUG: Record inserted {"table":"blocks","insert_id":122,"data_keys":["page_id","type","data","order","created_at","updated_at"]}
[2025-09-22 16:49:30] DEBUG: Record inserted {"table":"blocks","insert_id":123,"data_keys":["page_id","type","data","order","created_at","updated_at"]}
[2025-09-22 16:49:30] DEBUG: Record inserted {"table":"blocks","insert_id":124,"data_keys":["page_id","type","data","order","created_at","updated_at"]}
[2025-09-22 16:49:30] DEBUG: Record inserted {"table":"blocks","insert_id":125,"data_keys":["page_id","type","data","order","created_at","updated_at"]}
[2025-09-22 16:49:30] DEBUG: Record inserted {"table":"blocks","insert_id":126,"data_keys":["page_id","type","data","order","created_at","updated_at"]}
[2025-09-22 16:49:30] DEBUG: Record inserted {"table":"blocks","insert_id":127,"data_keys":["page_id","type","data","order","created_at","updated_at"]}
[2025-09-22 16:49:56] INFO: Database connection established {"driver":"mysql","host":"db","database":"block_cms","connection_time":"1.12ms"}
[2025-09-22 16:49:56] DEBUG: Database transaction started
[2025-09-22 16:49:56] DEBUG: Records updated {"table":"pages","affected_rows":1,"where_conditions":["id"]}
[2025-09-22 16:49:56] DEBUG: Records updated {"table":"page_metadata","affected_rows":1,"where_conditions":["id"]}
[2025-09-22 16:49:56] DEBUG: Records updated {"table":"page_seo","affected_rows":1,"where_conditions":["id"]}
[2025-09-22 16:49:56] DEBUG: Record inserted {"table":"page_settings","insert_id":95,"data_keys":["template","custom_css","custom_js","redirect_url","menu_order","parent_page","latitude","longitude","address","price","currency","sale_price","recurring","recurring_period","page_id","created_at","updated_at"]}
[2025-09-22 16:49:56] DEBUG: Records deleted {"table":"page_access_roles","affected_rows":1,"where_conditions":["page_id"]}
[2025-09-22 16:49:56] DEBUG: Record inserted {"table":"page_access_roles","insert_id":38,"data_keys":["page_id","role","created_at","updated_at"]}
[2025-09-22 16:49:56] DEBUG: Record inserted {"table":"page_social","insert_id":87,"data_keys":["enable_sharing","platforms","share_text","share_hashtags","share_via","track_shares","track_clicks","pixel_ids","gtm_events","show_follower_count","show_share_count","show_recent_activity","testimonial_integration","auto_embed_links","embed_width","embed_height","lazy_load_embeds","page_id","created_at","updated_at"]}
[2025-09-22 16:49:56] DEBUG: Records deleted {"table":"page_categories","affected_rows":2,"where_conditions":["page_id"]}
[2025-09-22 16:49:56] DEBUG: Record inserted {"table":"categories","insert_id":247,"data_keys":["name","slug","is_active","created_at","updated_at"]}
[2025-09-22 16:49:56] DEBUG: Record inserted {"table":"page_categories","insert_id":246,"data_keys":["page_id","category_id","created_at","updated_at"]}
[2025-09-22 16:49:56] DEBUG: Record inserted {"table":"categories","insert_id":248,"data_keys":["name","slug","is_active","created_at","updated_at"]}
[2025-09-22 16:49:56] DEBUG: Record inserted {"table":"page_categories","insert_id":247,"data_keys":["page_id","category_id","created_at","updated_at"]}
[2025-09-22 16:49:56] DEBUG: Record inserted {"table":"categories","insert_id":249,"data_keys":["name","slug","is_active","created_at","updated_at"]}
[2025-09-22 16:49:56] DEBUG: Record inserted {"table":"page_categories","insert_id":248,"data_keys":["page_id","category_id","created_at","updated_at"]}
[2025-09-22 16:49:56] DEBUG: Records deleted {"table":"page_tags","affected_rows":2,"where_conditions":["page_id"]}
[2025-09-22 16:49:56] DEBUG: Records updated {"table":"tags","affected_rows":1,"where_conditions":["id"]}
[2025-09-22 16:49:56] DEBUG: Record inserted {"table":"tags","insert_id":192,"data_keys":["name","slug","usage_count","created_at","updated_at"]}
[2025-09-22 16:49:56] DEBUG: Record inserted {"table":"page_tags","insert_id":192,"data_keys":["page_id","tag_id","created_at","updated_at"]}
[2025-09-22 16:49:56] DEBUG: Record inserted {"table":"tags","insert_id":193,"data_keys":["name","slug","usage_count","created_at","updated_at"]}
[2025-09-22 16:49:56] DEBUG: Record inserted {"table":"page_tags","insert_id":193,"data_keys":["page_id","tag_id","created_at","updated_at"]}
[2025-09-22 16:49:56] DEBUG: Record inserted {"table":"tags","insert_id":194,"data_keys":["name","slug","usage_count","created_at","updated_at"]}
[2025-09-22 16:49:56] DEBUG: Record inserted {"table":"page_tags","insert_id":194,"data_keys":["page_id","tag_id","created_at","updated_at"]}
[2025-09-22 16:49:56] DEBUG: Database savepoint created {"level":1}
[2025-09-22 16:49:56] DEBUG: Records deleted {"table":"blocks","affected_rows":1,"where_conditions":["page_id"]}
[2025-09-22 16:49:56] DEBUG: Database savepoint created {"level":2}
[2025-09-22 16:49:56] ERROR: Invalid block data structure {"block_type":"image","page_id":2}
[2025-09-22 16:49:56] DEBUG: Record inserted {"table":"blocks","insert_id":128,"data_keys":["page_id","type","data","order","created_at","updated_at"]}
[2025-09-22 16:49:56] DEBUG: Record inserted {"table":"blocks","insert_id":129,"data_keys":["page_id","type","data","order","created_at","updated_at"]}
[2025-09-22 16:49:56] ERROR: Invalid block data structure {"block_type":"text","page_id":2}
[2025-09-22 16:49:56] DEBUG: Record inserted {"table":"blocks","insert_id":130,"data_keys":["page_id","type","data","order","created_at","updated_at"]}
[2025-09-22 16:49:56] DEBUG: Record inserted {"table":"blocks","insert_id":131,"data_keys":["page_id","type","data","order","created_at","updated_at"]}
[2025-09-22 16:49:56] ERROR: Invalid block data structure {"block_type":"image","page_id":2}
[2025-09-22 16:49:56] DEBUG: Record inserted {"table":"blocks","insert_id":132,"data_keys":["page_id","type","data","order","created_at","updated_at"]}
[2025-09-22 16:49:56] DEBUG: Record inserted {"table":"blocks","insert_id":133,"data_keys":["page_id","type","data","order","created_at","updated_at"]}
[2025-09-22 16:49:56] DEBUG: Record inserted {"table":"blocks","insert_id":134,"data_keys":["page_id","type","data","order","created_at","updated_at"]}
[2025-09-22 16:49:56] DEBUG: Record inserted {"table":"blocks","insert_id":135,"data_keys":["page_id","type","data","order","created_at","updated_at"]}
[2025-09-22 16:49:56] DEBUG: Record inserted {"table":"blocks","insert_id":136,"data_keys":["page_id","type","data","order","created_at","updated_at"]}
[2025-09-22 16:49:56] DEBUG: Record inserted {"table":"blocks","insert_id":137,"data_keys":["page_id","type","data","order","created_at","updated_at"]}
[2025-09-22 16:49:56] DEBUG: Record inserted {"table":"blocks","insert_id":138,"data_keys":["page_id","type","data","order","created_at","updated_at"]}
[2025-09-22 16:49:56] DEBUG: Record inserted {"table":"blocks","insert_id":139,"data_keys":["page_id","type","data","order","created_at","updated_at"]}
[2025-09-22 16:49:56] DEBUG: Record inserted {"table":"blocks","insert_id":140,"data_keys":["page_id","type","data","order","created_at","updated_at"]}
[2025-09-22 16:49:56] DEBUG: Record inserted {"table":"blocks","insert_id":141,"data_keys":["page_id","type","data","order","created_at","updated_at"]}
[2025-09-22 16:49:56] DEBUG: Record inserted {"table":"blocks","insert_id":142,"data_keys":["page_id","type","data","order","created_at","updated_at"]}
[2025-09-22 16:49:56] DEBUG: Record inserted {"table":"blocks","insert_id":143,"data_keys":["page_id","type","data","order","created_at","updated_at"]}
[2025-09-22 16:49:56] DEBUG: Record inserted {"table":"blocks","insert_id":144,"data_keys":["page_id","type","data","order","created_at","updated_at"]}
[2025-09-22 16:50:09] INFO: Database connection established {"driver":"mysql","host":"db","database":"block_cms","connection_time":"0.84ms"}
[2025-09-22 16:50:09] DEBUG: Database transaction started
[2025-09-22 16:50:09] DEBUG: Records updated {"table":"pages","affected_rows":1,"where_conditions":["id"]}
[2025-09-22 16:50:09] DEBUG: Records updated {"table":"page_metadata","affected_rows":1,"where_conditions":["id"]}
[2025-09-22 16:50:09] DEBUG: Records updated {"table":"page_seo","affected_rows":1,"where_conditions":["id"]}
[2025-09-22 16:50:09] DEBUG: Record inserted {"table":"page_settings","insert_id":96,"data_keys":["template","custom_css","custom_js","redirect_url","menu_order","parent_page","latitude","longitude","address","price","currency","sale_price","recurring","recurring_period","page_id","created_at","updated_at"]}
[2025-09-22 16:50:09] DEBUG: Records deleted {"table":"page_access_roles","affected_rows":1,"where_conditions":["page_id"]}
[2025-09-22 16:50:09] DEBUG: Record inserted {"table":"page_access_roles","insert_id":39,"data_keys":["page_id","role","created_at","updated_at"]}
[2025-09-22 16:50:09] DEBUG: Record inserted {"table":"page_social","insert_id":88,"data_keys":["enable_sharing","platforms","share_text","share_hashtags","share_via","track_shares","track_clicks","pixel_ids","gtm_events","show_follower_count","show_share_count","show_recent_activity","testimonial_integration","auto_embed_links","embed_width","embed_height","lazy_load_embeds","page_id","created_at","updated_at"]}
[2025-09-22 16:50:09] DEBUG: Records deleted {"table":"page_categories","affected_rows":2,"where_conditions":["page_id"]}
[2025-09-22 16:50:09] DEBUG: Record inserted {"table":"categories","insert_id":250,"data_keys":["name","slug","is_active","created_at","updated_at"]}
[2025-09-22 16:50:09] DEBUG: Record inserted {"table":"page_categories","insert_id":249,"data_keys":["page_id","category_id","created_at","updated_at"]}
[2025-09-22 16:50:09] DEBUG: Record inserted {"table":"categories","insert_id":251,"data_keys":["name","slug","is_active","created_at","updated_at"]}
[2025-09-22 16:50:09] DEBUG: Record inserted {"table":"page_categories","insert_id":250,"data_keys":["page_id","category_id","created_at","updated_at"]}
[2025-09-22 16:50:09] DEBUG: Record inserted {"table":"categories","insert_id":252,"data_keys":["name","slug","is_active","created_at","updated_at"]}
[2025-09-22 16:50:09] DEBUG: Record inserted {"table":"page_categories","insert_id":251,"data_keys":["page_id","category_id","created_at","updated_at"]}
[2025-09-22 16:50:09] DEBUG: Records deleted {"table":"page_tags","affected_rows":2,"where_conditions":["page_id"]}
[2025-09-22 16:50:09] DEBUG: Records updated {"table":"tags","affected_rows":1,"where_conditions":["id"]}
[2025-09-22 16:50:09] DEBUG: Record inserted {"table":"tags","insert_id":195,"data_keys":["name","slug","usage_count","created_at","updated_at"]}
[2025-09-22 16:50:09] DEBUG: Record inserted {"table":"page_tags","insert_id":195,"data_keys":["page_id","tag_id","created_at","updated_at"]}
[2025-09-22 16:50:09] DEBUG: Record inserted {"table":"tags","insert_id":196,"data_keys":["name","slug","usage_count","created_at","updated_at"]}
[2025-09-22 16:50:09] DEBUG: Record inserted {"table":"page_tags","insert_id":196,"data_keys":["page_id","tag_id","created_at","updated_at"]}
[2025-09-22 16:50:09] DEBUG: Record inserted {"table":"tags","insert_id":197,"data_keys":["name","slug","usage_count","created_at","updated_at"]}
[2025-09-22 16:50:09] DEBUG: Record inserted {"table":"page_tags","insert_id":197,"data_keys":["page_id","tag_id","created_at","updated_at"]}
[2025-09-22 16:50:09] DEBUG: Database savepoint created {"level":1}
[2025-09-22 16:50:09] DEBUG: Records deleted {"table":"blocks","affected_rows":1,"where_conditions":["page_id"]}
[2025-09-22 16:50:09] DEBUG: Database savepoint created {"level":2}
[2025-09-22 16:50:09] ERROR: Invalid block data structure {"block_type":"image","page_id":2}
[2025-09-22 16:50:09] DEBUG: Record inserted {"table":"blocks","insert_id":145,"data_keys":["page_id","type","data","order","created_at","updated_at"]}
[2025-09-22 16:50:09] DEBUG: Record inserted {"table":"blocks","insert_id":146,"data_keys":["page_id","type","data","order","created_at","updated_at"]}
[2025-09-22 16:50:09] ERROR: Invalid block data structure {"block_type":"text","page_id":2}
[2025-09-22 16:50:09] DEBUG: Record inserted {"table":"blocks","insert_id":147,"data_keys":["page_id","type","data","order","created_at","updated_at"]}
[2025-09-22 16:50:09] DEBUG: Record inserted {"table":"blocks","insert_id":148,"data_keys":["page_id","type","data","order","created_at","updated_at"]}
[2025-09-22 16:50:09] ERROR: Invalid block data structure {"block_type":"image","page_id":2}
[2025-09-22 16:50:09] DEBUG: Record inserted {"table":"blocks","insert_id":149,"data_keys":["page_id","type","data","order","created_at","updated_at"]}
[2025-09-22 16:50:09] DEBUG: Record inserted {"table":"blocks","insert_id":150,"data_keys":["page_id","type","data","order","created_at","updated_at"]}
[2025-09-22 16:50:09] DEBUG: Record inserted {"table":"blocks","insert_id":151,"data_keys":["page_id","type","data","order","created_at","updated_at"]}
[2025-09-22 16:50:09] DEBUG: Record inserted {"table":"blocks","insert_id":152,"data_keys":["page_id","type","data","order","created_at","updated_at"]}
[2025-09-22 16:50:09] DEBUG: Record inserted {"table":"blocks","insert_id":153,"data_keys":["page_id","type","data","order","created_at","updated_at"]}
[2025-09-22 16:50:09] DEBUG: Record inserted {"table":"blocks","insert_id":154,"data_keys":["page_id","type","data","order","created_at","updated_at"]}
[2025-09-22 16:50:09] DEBUG: Record inserted {"table":"blocks","insert_id":155,"data_keys":["page_id","type","data","order","created_at","updated_at"]}
[2025-09-22 16:50:09] DEBUG: Record inserted {"table":"blocks","insert_id":156,"data_keys":["page_id","type","data","order","created_at","updated_at"]}
[2025-09-22 16:50:09] DEBUG: Record inserted {"table":"blocks","insert_id":157,"data_keys":["page_id","type","data","order","created_at","updated_at"]}
[2025-09-22 16:50:09] DEBUG: Record inserted {"table":"blocks","insert_id":158,"data_keys":["page_id","type","data","order","created_at","updated_at"]}
[2025-09-22 16:50:09] DEBUG: Record inserted {"table":"blocks","insert_id":159,"data_keys":["page_id","type","data","order","created_at","updated_at"]}
[2025-09-22 16:50:09] DEBUG: Record inserted {"table":"blocks","insert_id":160,"data_keys":["page_id","type","data","order","created_at","updated_at"]}
[2025-09-22 16:50:09] DEBUG: Record inserted {"table":"blocks","insert_id":161,"data_keys":["page_id","type","data","order","created_at","updated_at"]}
[2025-09-22 16:50:09] DEBUG: Record inserted {"table":"blocks","insert_id":162,"data_keys":["page_id","type","data","order","created_at","updated_at"]}
[2025-09-22 16:50:09] DEBUG: Record inserted {"table":"blocks","insert_id":163,"data_keys":["page_id","type","data","order","created_at","updated_at"]}
[2025-09-22 16:50:09] DEBUG: Record inserted {"table":"blocks","insert_id":164,"data_keys":["page_id","type","data","order","created_at","updated_at"]}
[2025-09-22 16:50:09] DEBUG: Record inserted {"table":"blocks","insert_id":165,"data_keys":["page_id","type","data","order","created_at","updated_at"]}
[2025-09-22 16:50:09] DEBUG: Database savepoint released {"level":2}
[2025-09-22 16:50:09] DEBUG: Database savepoint released {"level":1}
[2025-09-22 16:50:09] DEBUG: Database transaction committed
[2025-09-22 16:51:14] INFO: Database connection established {"driver":"mysql","host":"db","database":"block_cms","connection_time":"0.97ms"}
[2025-09-22 16:51:14] DEBUG: Database transaction started
[2025-09-22 16:51:14] DEBUG: Records updated {"table":"pages","affected_rows":1,"where_conditions":["id"]}
[2025-09-22 16:51:14] DEBUG: Records updated {"table":"page_metadata","affected_rows":1,"where_conditions":["id"]}
[2025-09-22 16:51:14] DEBUG: Records updated {"table":"page_seo","affected_rows":1,"where_conditions":["id"]}
[2025-09-22 16:51:43] INFO: Database connection established {"driver":"mysql","host":"db","database":"block_cms","connection_time":"0.95ms"}
[2025-09-22 16:51:43] DEBUG: Database transaction started
[2025-09-22 16:51:43] DEBUG: Records updated {"table":"pages","affected_rows":1,"where_conditions":["id"]}
[2025-09-22 16:51:43] DEBUG: Records updated {"table":"page_metadata","affected_rows":1,"where_conditions":["id"]}
[2025-09-22 16:51:43] DEBUG: Records updated {"table":"page_seo","affected_rows":1,"where_conditions":["id"]}
[2025-09-22 16:51:43] DEBUG: Records updated {"table":"page_settings","affected_rows":1,"where_conditions":["id"]}
[2025-09-22 16:51:43] DEBUG: Records deleted {"table":"page_access_roles","affected_rows":1,"where_conditions":["page_id"]}
[2025-09-22 16:51:43] DEBUG: Record inserted {"table":"page_access_roles","insert_id":40,"data_keys":["page_id","role","created_at","updated_at"]}
[2025-09-22 16:52:04] INFO: Database connection established {"driver":"mysql","host":"db","database":"block_cms","connection_time":"1.2ms"}
[2025-09-22 16:52:04] DEBUG: Database transaction started
[2025-09-22 16:52:04] DEBUG: Records updated {"table":"pages","affected_rows":1,"where_conditions":["id"]}
[2025-09-22 16:52:04] DEBUG: Records updated {"table":"page_metadata","affected_rows":1,"where_conditions":["id"]}
[2025-09-22 16:52:04] DEBUG: Records updated {"table":"page_seo","affected_rows":1,"where_conditions":["id"]}
[2025-09-22 16:52:04] DEBUG: Records updated {"table":"page_settings","affected_rows":1,"where_conditions":["id"]}
[2025-09-22 16:52:04] DEBUG: Records deleted {"table":"page_access_roles","affected_rows":1,"where_conditions":["page_id"]}
[2025-09-22 16:52:04] DEBUG: Record inserted {"table":"page_access_roles","insert_id":41,"data_keys":["page_id","role","created_at","updated_at"]}
[2025-09-22 16:52:04] DEBUG: Records updated {"table":"page_social","affected_rows":1,"where_conditions":["id"]}
[2025-09-22 16:52:04] DEBUG: Records deleted {"table":"page_categories","affected_rows":3,"where_conditions":["page_id"]}
[2025-09-22 16:52:04] DEBUG: Record inserted {"table":"categories","insert_id":253,"data_keys":["name","slug","is_active","created_at","updated_at"]}
[2025-09-22 16:52:04] DEBUG: Record inserted {"table":"page_categories","insert_id":252,"data_keys":["page_id","category_id","created_at","updated_at"]}
[2025-09-22 16:52:04] DEBUG: Record inserted {"table":"categories","insert_id":254,"data_keys":["name","slug","is_active","created_at","updated_at"]}
[2025-09-22 16:52:04] DEBUG: Record inserted {"table":"page_categories","insert_id":253,"data_keys":["page_id","category_id","created_at","updated_at"]}
[2025-09-22 16:52:04] DEBUG: Record inserted {"table":"categories","insert_id":255,"data_keys":["name","slug","is_active","created_at","updated_at"]}
[2025-09-22 16:52:04] DEBUG: Record inserted {"table":"page_categories","insert_id":254,"data_keys":["page_id","category_id","created_at","updated_at"]}
[2025-09-22 16:52:04] DEBUG: Records deleted {"table":"page_tags","affected_rows":3,"where_conditions":["page_id"]}
[2025-09-22 16:52:04] DEBUG: Records updated {"table":"tags","affected_rows":1,"where_conditions":["id"]}
[2025-09-22 16:52:04] DEBUG: Records updated {"table":"tags","affected_rows":1,"where_conditions":["id"]}
[2025-09-22 16:52:04] DEBUG: Records updated {"table":"tags","affected_rows":1,"where_conditions":["id"]}
[2025-09-22 16:52:04] DEBUG: Record inserted {"table":"tags","insert_id":198,"data_keys":["name","slug","usage_count","created_at","updated_at"]}
[2025-09-22 16:52:04] DEBUG: Record inserted {"table":"page_tags","insert_id":198,"data_keys":["page_id","tag_id","created_at","updated_at"]}
[2025-09-22 16:52:04] DEBUG: Record inserted {"table":"tags","insert_id":199,"data_keys":["name","slug","usage_count","created_at","updated_at"]}
[2025-09-22 16:52:04] DEBUG: Record inserted {"table":"page_tags","insert_id":199,"data_keys":["page_id","tag_id","created_at","updated_at"]}
[2025-09-22 16:52:04] DEBUG: Record inserted {"table":"tags","insert_id":200,"data_keys":["name","slug","usage_count","created_at","updated_at"]}
[2025-09-22 16:52:04] DEBUG: Record inserted {"table":"page_tags","insert_id":200,"data_keys":["page_id","tag_id","created_at","updated_at"]}
[2025-09-22 16:53:57] INFO: Database connection established {"driver":"mysql","host":"db","database":"block_cms","connection_time":"1.05ms"}
[2025-09-22 16:53:57] DEBUG: Database transaction started
[2025-09-22 16:53:57] DEBUG: Records updated {"table":"pages","affected_rows":1,"where_conditions":["id"]}
[2025-09-22 16:53:57] DEBUG: Records updated {"table":"page_metadata","affected_rows":1,"where_conditions":["id"]}
[2025-09-22 16:53:57] DEBUG: Records updated {"table":"page_seo","affected_rows":1,"where_conditions":["id"]}
[2025-09-22 16:53:57] DEBUG: Records updated {"table":"page_settings","affected_rows":1,"where_conditions":["id"]}
[2025-09-22 16:53:57] DEBUG: Records deleted {"table":"page_access_roles","affected_rows":1,"where_conditions":["page_id"]}
[2025-09-22 16:53:57] DEBUG: Record inserted {"table":"page_access_roles","insert_id":42,"data_keys":["page_id","role","created_at","updated_at"]}
[2025-09-22 16:53:57] DEBUG: Records updated {"table":"page_social","affected_rows":1,"where_conditions":["id"]}
[2025-09-22 16:53:57] DEBUG: Records deleted {"table":"page_categories","affected_rows":3,"where_conditions":["page_id"]}
[2025-09-22 16:53:57] DEBUG: Record inserted {"table":"categories","insert_id":256,"data_keys":["name","slug","is_active","created_at","updated_at"]}
[2025-09-22 16:53:57] DEBUG: Record inserted {"table":"page_categories","insert_id":255,"data_keys":["page_id","category_id","created_at","updated_at"]}
[2025-09-22 16:53:57] DEBUG: Record inserted {"table":"categories","insert_id":257,"data_keys":["name","slug","is_active","created_at","updated_at"]}
[2025-09-22 16:53:57] DEBUG: Record inserted {"table":"page_categories","insert_id":256,"data_keys":["page_id","category_id","created_at","updated_at"]}
[2025-09-22 16:53:57] DEBUG: Record inserted {"table":"categories","insert_id":258,"data_keys":["name","slug","is_active","created_at","updated_at"]}
[2025-09-22 16:53:57] DEBUG: Record inserted {"table":"page_categories","insert_id":257,"data_keys":["page_id","category_id","created_at","updated_at"]}
[2025-09-22 16:53:57] DEBUG: Records deleted {"table":"page_tags","affected_rows":3,"where_conditions":["page_id"]}
[2025-09-22 16:53:57] DEBUG: Records updated {"table":"tags","affected_rows":1,"where_conditions":["id"]}
[2025-09-22 16:53:57] DEBUG: Records updated {"table":"tags","affected_rows":1,"where_conditions":["id"]}
[2025-09-22 16:53:57] DEBUG: Records updated {"table":"tags","affected_rows":1,"where_conditions":["id"]}
[2025-09-22 16:53:57] DEBUG: Record inserted {"table":"tags","insert_id":201,"data_keys":["name","slug","usage_count","created_at","updated_at"]}
[2025-09-22 16:53:57] DEBUG: Record inserted {"table":"page_tags","insert_id":201,"data_keys":["page_id","tag_id","created_at","updated_at"]}
[2025-09-22 16:53:57] DEBUG: Record inserted {"table":"tags","insert_id":202,"data_keys":["name","slug","usage_count","created_at","updated_at"]}
[2025-09-22 16:53:57] DEBUG: Record inserted {"table":"page_tags","insert_id":202,"data_keys":["page_id","tag_id","created_at","updated_at"]}
[2025-09-22 16:53:57] DEBUG: Record inserted {"table":"tags","insert_id":203,"data_keys":["name","slug","usage_count","created_at","updated_at"]}
[2025-09-22 16:53:57] DEBUG: Record inserted {"table":"page_tags","insert_id":203,"data_keys":["page_id","tag_id","created_at","updated_at"]}
[2025-09-22 16:53:57] DEBUG: Database savepoint created {"level":1}
[2025-09-22 16:53:57] DEBUG: Records deleted {"table":"blocks","affected_rows":21,"where_conditions":["page_id"]}
[2025-09-22 16:53:57] DEBUG: Database savepoint created {"level":2}
[2025-09-22 16:53:57] ERROR: Invalid block data structure {"block_type":"image","page_id":2}
[2025-09-22 16:53:57] DEBUG: Record inserted {"table":"blocks","insert_id":166,"data_keys":["page_id","type","data","order","created_at","updated_at"]}
[2025-09-22 16:53:57] DEBUG: Record inserted {"table":"blocks","insert_id":167,"data_keys":["page_id","type","data","order","created_at","updated_at"]}
[2025-09-22 16:53:57] ERROR: Invalid block data structure {"block_type":"text","page_id":2}
[2025-09-22 16:53:57] DEBUG: Record inserted {"table":"blocks","insert_id":168,"data_keys":["page_id","type","data","order","created_at","updated_at"]}
[2025-09-22 16:53:57] DEBUG: Record inserted {"table":"blocks","insert_id":169,"data_keys":["page_id","type","data","order","created_at","updated_at"]}
[2025-09-22 16:53:57] ERROR: Invalid block data structure {"block_type":"image","page_id":2}
[2025-09-22 16:53:57] DEBUG: Record inserted {"table":"blocks","insert_id":170,"data_keys":["page_id","type","data","order","created_at","updated_at"]}
[2025-09-22 16:53:57] DEBUG: Record inserted {"table":"blocks","insert_id":171,"data_keys":["page_id","type","data","order","created_at","updated_at"]}
[2025-09-22 16:53:57] DEBUG: Record inserted {"table":"blocks","insert_id":172,"data_keys":["page_id","type","data","order","created_at","updated_at"]}
[2025-09-22 16:53:57] DEBUG: Record inserted {"table":"blocks","insert_id":173,"data_keys":["page_id","type","data","order","created_at","updated_at"]}
[2025-09-22 16:53:57] DEBUG: Record inserted {"table":"blocks","insert_id":174,"data_keys":["page_id","type","data","order","created_at","updated_at"]}
[2025-09-22 16:53:57] DEBUG: Record inserted {"table":"blocks","insert_id":175,"data_keys":["page_id","type","data","order","created_at","updated_at"]}
[2025-09-22 16:53:57] DEBUG: Record inserted {"table":"blocks","insert_id":176,"data_keys":["page_id","type","data","order","created_at","updated_at"]}
[2025-09-22 16:53:57] DEBUG: Record inserted {"table":"blocks","insert_id":177,"data_keys":["page_id","type","data","order","created_at","updated_at"]}
[2025-09-22 16:53:57] DEBUG: Record inserted {"table":"blocks","insert_id":178,"data_keys":["page_id","type","data","order","created_at","updated_at"]}
[2025-09-22 16:53:57] DEBUG: Record inserted {"table":"blocks","insert_id":179,"data_keys":["page_id","type","data","order","created_at","updated_at"]}
[2025-09-22 16:53:57] DEBUG: Record inserted {"table":"blocks","insert_id":180,"data_keys":["page_id","type","data","order","created_at","updated_at"]}
[2025-09-22 16:53:57] DEBUG: Record inserted {"table":"blocks","insert_id":181,"data_keys":["page_id","type","data","order","created_at","updated_at"]}
[2025-09-22 16:53:57] DEBUG: Record inserted {"table":"blocks","insert_id":182,"data_keys":["page_id","type","data","order","created_at","updated_at"]}
[2025-09-22 16:53:57] DEBUG: Record inserted {"table":"blocks","insert_id":183,"data_keys":["page_id","type","data","order","created_at","updated_at"]}
[2025-09-22 16:53:57] DEBUG: Record inserted {"table":"blocks","insert_id":184,"data_keys":["page_id","type","data","order","created_at","updated_at"]}
[2025-09-22 16:53:57] DEBUG: Record inserted {"table":"blocks","insert_id":185,"data_keys":["page_id","type","data","order","created_at","updated_at"]}
[2025-09-22 16:53:57] DEBUG: Record inserted {"table":"blocks","insert_id":186,"data_keys":["page_id","type","data","order","created_at","updated_at"]}
[2025-09-22 16:53:57] DEBUG: Database savepoint released {"level":2}
[2025-09-22 16:53:57] DEBUG: Database savepoint released {"level":1}
[2025-09-22 16:53:57] DEBUG: Database transaction committed
[2025-09-22 16:55:19] INFO: Database connection established {"driver":"mysql","host":"db","database":"block_cms","connection_time":"0.89ms"}
[2025-09-22 16:55:19] DEBUG: Database transaction started
[2025-09-22 16:55:19] DEBUG: Records updated {"table":"pages","affected_rows":1,"where_conditions":["id"]}
[2025-09-22 16:55:19] DEBUG: Records updated {"table":"page_metadata","affected_rows":1,"where_conditions":["id"]}
[2025-09-22 16:55:19] DEBUG: Records updated {"table":"page_seo","affected_rows":1,"where_conditions":["id"]}
[2025-09-22 16:55:19] DEBUG: Records updated {"table":"page_settings","affected_rows":1,"where_conditions":["id"]}
[2025-09-22 16:55:19] DEBUG: Records deleted {"table":"page_access_roles","affected_rows":1,"where_conditions":["page_id"]}
[2025-09-22 16:55:19] DEBUG: Record inserted {"table":"page_access_roles","insert_id":43,"data_keys":["page_id","role","created_at","updated_at"]}
[2025-09-22 16:55:19] DEBUG: Records updated {"table":"page_social","affected_rows":1,"where_conditions":["id"]}
[2025-09-22 16:55:19] DEBUG: Records deleted {"table":"page_categories","affected_rows":3,"where_conditions":["page_id"]}
[2025-09-22 16:55:19] DEBUG: Record inserted {"table":"categories","insert_id":259,"data_keys":["name","slug","is_active","created_at","updated_at"]}
[2025-09-22 16:55:19] DEBUG: Record inserted {"table":"page_categories","insert_id":258,"data_keys":["page_id","category_id","created_at","updated_at"]}
[2025-09-22 16:55:19] DEBUG: Record inserted {"table":"categories","insert_id":260,"data_keys":["name","slug","is_active","created_at","updated_at"]}
[2025-09-22 16:55:19] DEBUG: Record inserted {"table":"page_categories","insert_id":259,"data_keys":["page_id","category_id","created_at","updated_at"]}
[2025-09-22 16:55:19] DEBUG: Record inserted {"table":"categories","insert_id":261,"data_keys":["name","slug","is_active","created_at","updated_at"]}
[2025-09-22 16:55:19] DEBUG: Record inserted {"table":"page_categories","insert_id":260,"data_keys":["page_id","category_id","created_at","updated_at"]}
[2025-09-22 16:55:19] DEBUG: Records deleted {"table":"page_tags","affected_rows":3,"where_conditions":["page_id"]}
[2025-09-22 16:55:19] DEBUG: Records updated {"table":"tags","affected_rows":1,"where_conditions":["id"]}
[2025-09-22 16:55:19] DEBUG: Records updated {"table":"tags","affected_rows":1,"where_conditions":["id"]}
[2025-09-22 16:55:19] DEBUG: Records updated {"table":"tags","affected_rows":1,"where_conditions":["id"]}
[2025-09-22 16:55:19] DEBUG: Record inserted {"table":"tags","insert_id":204,"data_keys":["name","slug","usage_count","created_at","updated_at"]}
[2025-09-22 16:55:19] DEBUG: Record inserted {"table":"page_tags","insert_id":204,"data_keys":["page_id","tag_id","created_at","updated_at"]}
[2025-09-22 16:55:19] DEBUG: Record inserted {"table":"tags","insert_id":205,"data_keys":["name","slug","usage_count","created_at","updated_at"]}
[2025-09-22 16:55:19] DEBUG: Record inserted {"table":"page_tags","insert_id":205,"data_keys":["page_id","tag_id","created_at","updated_at"]}
[2025-09-22 16:55:19] DEBUG: Record inserted {"table":"tags","insert_id":206,"data_keys":["name","slug","usage_count","created_at","updated_at"]}
[2025-09-22 16:55:19] DEBUG: Record inserted {"table":"page_tags","insert_id":206,"data_keys":["page_id","tag_id","created_at","updated_at"]}
[2025-09-22 16:55:19] DEBUG: Database savepoint created {"level":1}
[2025-09-22 16:55:19] DEBUG: Records deleted {"table":"blocks","affected_rows":21,"where_conditions":["page_id"]}
[2025-09-22 16:55:19] DEBUG: Database savepoint created {"level":2}
[2025-09-22 16:55:19] ERROR: Invalid block data structure {"block_type":"image","page_id":2}
[2025-09-22 16:55:19] DEBUG: Record inserted {"table":"blocks","insert_id":187,"data_keys":["page_id","type","data","order","created_at","updated_at"]}
[2025-09-22 16:55:19] DEBUG: Record inserted {"table":"blocks","insert_id":188,"data_keys":["page_id","type","data","order","created_at","updated_at"]}
[2025-09-22 16:55:19] ERROR: Invalid block data structure {"block_type":"text","page_id":2}
[2025-09-22 16:55:19] DEBUG: Record inserted {"table":"blocks","insert_id":189,"data_keys":["page_id","type","data","order","created_at","updated_at"]}
[2025-09-22 16:55:19] DEBUG: Record inserted {"table":"blocks","insert_id":190,"data_keys":["page_id","type","data","order","created_at","updated_at"]}
[2025-09-22 16:55:19] ERROR: Invalid block data structure {"block_type":"image","page_id":2}
[2025-09-22 16:55:19] DEBUG: Record inserted {"table":"blocks","insert_id":191,"data_keys":["page_id","type","data","order","created_at","updated_at"]}
[2025-09-22 16:55:19] DEBUG: Record inserted {"table":"blocks","insert_id":192,"data_keys":["page_id","type","data","order","created_at","updated_at"]}
[2025-09-22 16:55:19] DEBUG: Record inserted {"table":"blocks","insert_id":193,"data_keys":["page_id","type","data","order","created_at","updated_at"]}
[2025-09-22 16:55:19] DEBUG: Record inserted {"table":"blocks","insert_id":194,"data_keys":["page_id","type","data","order","created_at","updated_at"]}
[2025-09-22 16:55:19] DEBUG: Record inserted {"table":"blocks","insert_id":195,"data_keys":["page_id","type","data","order","created_at","updated_at"]}
[2025-09-22 16:55:19] DEBUG: Record inserted {"table":"blocks","insert_id":196,"data_keys":["page_id","type","data","order","created_at","updated_at"]}
[2025-09-22 16:55:19] DEBUG: Record inserted {"table":"blocks","insert_id":197,"data_keys":["page_id","type","data","order","created_at","updated_at"]}
[2025-09-22 16:55:19] DEBUG: Record inserted {"table":"blocks","insert_id":198,"data_keys":["page_id","type","data","order","created_at","updated_at"]}
[2025-09-22 16:55:19] DEBUG: Record inserted {"table":"blocks","insert_id":199,"data_keys":["page_id","type","data","order","created_at","updated_at"]}
[2025-09-22 16:55:19] DEBUG: Record inserted {"table":"blocks","insert_id":200,"data_keys":["page_id","type","data","order","created_at","updated_at"]}
[2025-09-22 16:55:19] DEBUG: Record inserted {"table":"blocks","insert_id":201,"data_keys":["page_id","type","data","order","created_at","updated_at"]}
[2025-09-22 16:55:19] DEBUG: Record inserted {"table":"blocks","insert_id":202,"data_keys":["page_id","type","data","order","created_at","updated_at"]}
[2025-09-22 16:55:19] DEBUG: Record inserted {"table":"blocks","insert_id":203,"data_keys":["page_id","type","data","order","created_at","updated_at"]}
[2025-09-22 16:55:19] DEBUG: Record inserted {"table":"blocks","insert_id":204,"data_keys":["page_id","type","data","order","created_at","updated_at"]}
[2025-09-22 16:55:19] DEBUG: Record inserted {"table":"blocks","insert_id":205,"data_keys":["page_id","type","data","order","created_at","updated_at"]}
[2025-09-22 16:55:19] DEBUG: Record inserted {"table":"blocks","insert_id":206,"data_keys":["page_id","type","data","order","created_at","updated_at"]}
[2025-09-22 16:55:19] DEBUG: Record inserted {"table":"blocks","insert_id":207,"data_keys":["page_id","type","data","order","created_at","updated_at"]}
[2025-09-22 16:55:19] DEBUG: Database savepoint released {"level":2}
[2025-09-22 16:55:19] DEBUG: Database savepoint released {"level":1}
[2025-09-22 16:55:19] DEBUG: Database transaction committed
[2025-09-22 16:56:52] INFO: Database connection established {"driver":"mysql","host":"db","database":"block_cms","connection_time":"1.02ms"}
[2025-09-22 16:56:52] DEBUG: Database transaction started
[2025-09-22 16:56:52] DEBUG: Records updated {"table":"pages","affected_rows":1,"where_conditions":["id"]}
[2025-09-22 16:56:52] DEBUG: Records updated {"table":"page_metadata","affected_rows":1,"where_conditions":["id"]}
[2025-09-22 16:56:52] DEBUG: Records updated {"table":"page_seo","affected_rows":1,"where_conditions":["id"]}
[2025-09-22 16:56:52] DEBUG: Records updated {"table":"page_settings","affected_rows":1,"where_conditions":["id"]}
[2025-09-22 16:56:52] DEBUG: Records deleted {"table":"page_access_roles","affected_rows":1,"where_conditions":["page_id"]}
[2025-09-22 16:56:52] DEBUG: Record inserted {"table":"page_access_roles","insert_id":44,"data_keys":["page_id","role","created_at","updated_at"]}
[2025-09-22 16:56:52] DEBUG: Records updated {"table":"page_social","affected_rows":1,"where_conditions":["id"]}
[2025-09-22 16:56:52] DEBUG: Records deleted {"table":"page_categories","affected_rows":3,"where_conditions":["page_id"]}
[2025-09-22 16:56:52] DEBUG: Record inserted {"table":"categories","insert_id":262,"data_keys":["name","slug","is_active","created_at","updated_at"]}
[2025-09-22 16:56:52] DEBUG: Record inserted {"table":"page_categories","insert_id":261,"data_keys":["page_id","category_id","created_at","updated_at"]}
[2025-09-22 16:56:52] DEBUG: Record inserted {"table":"categories","insert_id":263,"data_keys":["name","slug","is_active","created_at","updated_at"]}
[2025-09-22 16:56:52] DEBUG: Record inserted {"table":"page_categories","insert_id":262,"data_keys":["page_id","category_id","created_at","updated_at"]}
[2025-09-22 16:56:52] DEBUG: Record inserted {"table":"categories","insert_id":264,"data_keys":["name","slug","is_active","created_at","updated_at"]}
[2025-09-22 16:56:52] DEBUG: Record inserted {"table":"page_categories","insert_id":263,"data_keys":["page_id","category_id","created_at","updated_at"]}
[2025-09-22 16:56:52] DEBUG: Records deleted {"table":"page_tags","affected_rows":3,"where_conditions":["page_id"]}
[2025-09-22 16:56:52] DEBUG: Records updated {"table":"tags","affected_rows":1,"where_conditions":["id"]}
[2025-09-22 16:56:52] DEBUG: Records updated {"table":"tags","affected_rows":1,"where_conditions":["id"]}
[2025-09-22 16:56:52] DEBUG: Records updated {"table":"tags","affected_rows":1,"where_conditions":["id"]}
[2025-09-22 16:56:52] DEBUG: Record inserted {"table":"tags","insert_id":207,"data_keys":["name","slug","usage_count","created_at","updated_at"]}
[2025-09-22 16:56:52] DEBUG: Record inserted {"table":"page_tags","insert_id":207,"data_keys":["page_id","tag_id","created_at","updated_at"]}
[2025-09-22 16:56:52] DEBUG: Record inserted {"table":"tags","insert_id":208,"data_keys":["name","slug","usage_count","created_at","updated_at"]}
[2025-09-22 16:56:52] DEBUG: Record inserted {"table":"page_tags","insert_id":208,"data_keys":["page_id","tag_id","created_at","updated_at"]}
[2025-09-22 16:56:52] DEBUG: Record inserted {"table":"tags","insert_id":209,"data_keys":["name","slug","usage_count","created_at","updated_at"]}
[2025-09-22 16:56:52] DEBUG: Record inserted {"table":"page_tags","insert_id":209,"data_keys":["page_id","tag_id","created_at","updated_at"]}
[2025-09-22 16:56:52] DEBUG: Database savepoint created {"level":1}
[2025-09-22 16:56:52] DEBUG: Records deleted {"table":"blocks","affected_rows":21,"where_conditions":["page_id"]}
[2025-09-22 16:56:52] DEBUG: Database savepoint created {"level":2}
[2025-09-22 16:56:52] ERROR: Invalid block data structure {"block_type":"image","page_id":2}
[2025-09-22 16:56:52] DEBUG: Record inserted {"table":"blocks","insert_id":208,"data_keys":["page_id","type","data","order","created_at","updated_at"]}
[2025-09-22 16:56:52] DEBUG: Record inserted {"table":"blocks","insert_id":209,"data_keys":["page_id","type","data","order","created_at","updated_at"]}
[2025-09-22 16:56:52] ERROR: Invalid block data structure {"block_type":"text","page_id":2}
[2025-09-22 16:56:52] DEBUG: Record inserted {"table":"blocks","insert_id":210,"data_keys":["page_id","type","data","order","created_at","updated_at"]}
[2025-09-22 16:56:52] DEBUG: Record inserted {"table":"blocks","insert_id":211,"data_keys":["page_id","type","data","order","created_at","updated_at"]}
[2025-09-22 16:56:52] ERROR: Invalid block data structure {"block_type":"image","page_id":2}
[2025-09-22 16:56:52] DEBUG: Record inserted {"table":"blocks","insert_id":212,"data_keys":["page_id","type","data","order","created_at","updated_at"]}
[2025-09-22 16:56:52] DEBUG: Record inserted {"table":"blocks","insert_id":213,"data_keys":["page_id","type","data","order","created_at","updated_at"]}
[2025-09-22 16:56:52] DEBUG: Record inserted {"table":"blocks","insert_id":214,"data_keys":["page_id","type","data","order","created_at","updated_at"]}
[2025-09-22 16:56:52] DEBUG: Record inserted {"table":"blocks","insert_id":215,"data_keys":["page_id","type","data","order","created_at","updated_at"]}
[2025-09-22 16:56:52] DEBUG: Record inserted {"table":"blocks","insert_id":216,"data_keys":["page_id","type","data","order","created_at","updated_at"]}
[2025-09-22 16:56:52] DEBUG: Record inserted {"table":"blocks","insert_id":217,"data_keys":["page_id","type","data","order","created_at","updated_at"]}
[2025-09-22 16:56:52] DEBUG: Record inserted {"table":"blocks","insert_id":218,"data_keys":["page_id","type","data","order","created_at","updated_at"]}
[2025-09-22 16:56:52] DEBUG: Record inserted {"table":"blocks","insert_id":219,"data_keys":["page_id","type","data","order","created_at","updated_at"]}
[2025-09-22 16:56:52] DEBUG: Record inserted {"table":"blocks","insert_id":220,"data_keys":["page_id","type","data","order","created_at","updated_at"]}
[2025-09-22 16:56:52] DEBUG: Record inserted {"table":"blocks","insert_id":221,"data_keys":["page_id","type","data","order","created_at","updated_at"]}
[2025-09-22 16:56:52] DEBUG: Record inserted {"table":"blocks","insert_id":222,"data_keys":["page_id","type","data","order","created_at","updated_at"]}
[2025-09-22 16:56:52] DEBUG: Record inserted {"table":"blocks","insert_id":223,"data_keys":["page_id","type","data","order","created_at","updated_at"]}
[2025-09-22 16:56:52] DEBUG: Record inserted {"table":"blocks","insert_id":224,"data_keys":["page_id","type","data","order","created_at","updated_at"]}
[2025-09-22 16:56:52] DEBUG: Record inserted {"table":"blocks","insert_id":225,"data_keys":["page_id","type","data","order","created_at","updated_at"]}
[2025-09-22 16:56:52] DEBUG: Record inserted {"table":"blocks","insert_id":226,"data_keys":["page_id","type","data","order","created_at","updated_at"]}
[2025-09-22 16:56:52] DEBUG: Record inserted {"table":"blocks","insert_id":227,"data_keys":["page_id","type","data","order","created_at","updated_at"]}
[2025-09-22 16:56:52] DEBUG: Record inserted {"table":"blocks","insert_id":228,"data_keys":["page_id","type","data","order","created_at","updated_at"]}
[2025-09-22 16:56:52] DEBUG: Database savepoint released {"level":2}
[2025-09-22 16:56:52] DEBUG: Database savepoint released {"level":1}
[2025-09-22 16:56:52] DEBUG: Database transaction committed
[2025-09-22 16:56:54] INFO: Database connection established {"driver":"mysql","host":"db","database":"block_cms","connection_time":"1.78ms"}
[2025-09-22 16:56:54] DEBUG: Database transaction started
[2025-09-22 16:56:54] DEBUG: Records updated {"table":"pages","affected_rows":1,"where_conditions":["id"]}
[2025-09-22 16:56:54] DEBUG: Records updated {"table":"page_metadata","affected_rows":1,"where_conditions":["id"]}
[2025-09-22 16:56:54] DEBUG: Records updated {"table":"page_seo","affected_rows":1,"where_conditions":["id"]}
[2025-09-22 16:56:54] DEBUG: Records updated {"table":"page_settings","affected_rows":1,"where_conditions":["id"]}
[2025-09-22 16:56:54] DEBUG: Records deleted {"table":"page_access_roles","affected_rows":1,"where_conditions":["page_id"]}
[2025-09-22 16:56:54] DEBUG: Record inserted {"table":"page_access_roles","insert_id":45,"data_keys":["page_id","role","created_at","updated_at"]}
[2025-09-22 16:56:54] DEBUG: Records updated {"table":"page_social","affected_rows":1,"where_conditions":["id"]}
[2025-09-22 16:56:54] DEBUG: Records deleted {"table":"page_categories","affected_rows":3,"where_conditions":["page_id"]}
[2025-09-22 16:56:54] DEBUG: Record inserted {"table":"categories","insert_id":265,"data_keys":["name","slug","is_active","created_at","updated_at"]}
[2025-09-22 16:56:54] DEBUG: Record inserted {"table":"page_categories","insert_id":264,"data_keys":["page_id","category_id","created_at","updated_at"]}
[2025-09-22 16:56:54] DEBUG: Record inserted {"table":"categories","insert_id":266,"data_keys":["name","slug","is_active","created_at","updated_at"]}
[2025-09-22 16:56:54] DEBUG: Record inserted {"table":"page_categories","insert_id":265,"data_keys":["page_id","category_id","created_at","updated_at"]}
[2025-09-22 16:56:54] DEBUG: Record inserted {"table":"categories","insert_id":267,"data_keys":["name","slug","is_active","created_at","updated_at"]}
[2025-09-22 16:56:54] DEBUG: Record inserted {"table":"page_categories","insert_id":266,"data_keys":["page_id","category_id","created_at","updated_at"]}
[2025-09-22 16:56:54] DEBUG: Records deleted {"table":"page_tags","affected_rows":3,"where_conditions":["page_id"]}
[2025-09-22 16:56:54] DEBUG: Records updated {"table":"tags","affected_rows":1,"where_conditions":["id"]}
[2025-09-22 16:56:54] DEBUG: Records updated {"table":"tags","affected_rows":1,"where_conditions":["id"]}
[2025-09-22 16:56:54] DEBUG: Records updated {"table":"tags","affected_rows":1,"where_conditions":["id"]}
[2025-09-22 16:56:54] DEBUG: Record inserted {"table":"tags","insert_id":210,"data_keys":["name","slug","usage_count","created_at","updated_at"]}
[2025-09-22 16:56:54] DEBUG: Record inserted {"table":"page_tags","insert_id":210,"data_keys":["page_id","tag_id","created_at","updated_at"]}
[2025-09-22 16:56:54] DEBUG: Record inserted {"table":"tags","insert_id":211,"data_keys":["name","slug","usage_count","created_at","updated_at"]}
[2025-09-22 16:56:54] DEBUG: Record inserted {"table":"page_tags","insert_id":211,"data_keys":["page_id","tag_id","created_at","updated_at"]}
[2025-09-22 16:56:54] DEBUG: Record inserted {"table":"tags","insert_id":212,"data_keys":["name","slug","usage_count","created_at","updated_at"]}
[2025-09-22 16:56:54] DEBUG: Record inserted {"table":"page_tags","insert_id":212,"data_keys":["page_id","tag_id","created_at","updated_at"]}
[2025-09-22 16:56:54] DEBUG: Database savepoint created {"level":1}
[2025-09-22 16:56:54] DEBUG: Records deleted {"table":"blocks","affected_rows":21,"where_conditions":["page_id"]}
[2025-09-22 16:56:54] DEBUG: Database savepoint created {"level":2}
[2025-09-22 16:56:54] ERROR: Invalid block data structure {"block_type":"image","page_id":2}
[2025-09-22 16:56:54] DEBUG: Record inserted {"table":"blocks","insert_id":229,"data_keys":["page_id","type","data","order","created_at","updated_at"]}
[2025-09-22 16:56:54] DEBUG: Record inserted {"table":"blocks","insert_id":230,"data_keys":["page_id","type","data","order","created_at","updated_at"]}
[2025-09-22 16:56:54] ERROR: Invalid block data structure {"block_type":"text","page_id":2}
[2025-09-22 16:56:54] DEBUG: Record inserted {"table":"blocks","insert_id":231,"data_keys":["page_id","type","data","order","created_at","updated_at"]}
[2025-09-22 16:56:54] DEBUG: Record inserted {"table":"blocks","insert_id":232,"data_keys":["page_id","type","data","order","created_at","updated_at"]}
[2025-09-22 16:56:54] ERROR: Invalid block data structure {"block_type":"image","page_id":2}
[2025-09-22 16:56:54] DEBUG: Record inserted {"table":"blocks","insert_id":233,"data_keys":["page_id","type","data","order","created_at","updated_at"]}
[2025-09-22 16:56:54] DEBUG: Record inserted {"table":"blocks","insert_id":234,"data_keys":["page_id","type","data","order","created_at","updated_at"]}
[2025-09-22 16:56:54] DEBUG: Record inserted {"table":"blocks","insert_id":235,"data_keys":["page_id","type","data","order","created_at","updated_at"]}
[2025-09-22 16:56:54] DEBUG: Record inserted {"table":"blocks","insert_id":236,"data_keys":["page_id","type","data","order","created_at","updated_at"]}
[2025-09-22 16:56:54] DEBUG: Record inserted {"table":"blocks","insert_id":237,"data_keys":["page_id","type","data","order","created_at","updated_at"]}
[2025-09-22 16:56:54] DEBUG: Record inserted {"table":"blocks","insert_id":238,"data_keys":["page_id","type","data","order","created_at","updated_at"]}
[2025-09-22 16:56:54] DEBUG: Record inserted {"table":"blocks","insert_id":239,"data_keys":["page_id","type","data","order","created_at","updated_at"]}
[2025-09-22 16:56:54] DEBUG: Record inserted {"table":"blocks","insert_id":240,"data_keys":["page_id","type","data","order","created_at","updated_at"]}
[2025-09-22 16:56:54] DEBUG: Record inserted {"table":"blocks","insert_id":241,"data_keys":["page_id","type","data","order","created_at","updated_at"]}
[2025-09-22 16:56:54] DEBUG: Record inserted {"table":"blocks","insert_id":242,"data_keys":["page_id","type","data","order","created_at","updated_at"]}
[2025-09-22 16:56:54] DEBUG: Record inserted {"table":"blocks","insert_id":243,"data_keys":["page_id","type","data","order","created_at","updated_at"]}
[2025-09-22 16:56:54] DEBUG: Record inserted {"table":"blocks","insert_id":244,"data_keys":["page_id","type","data","order","created_at","updated_at"]}
[2025-09-22 16:56:54] DEBUG: Record inserted {"table":"blocks","insert_id":245,"data_keys":["page_id","type","data","order","created_at","updated_at"]}
[2025-09-22 16:56:54] DEBUG: Record inserted {"table":"blocks","insert_id":246,"data_keys":["page_id","type","data","order","created_at","updated_at"]}
[2025-09-22 16:56:54] DEBUG: Record inserted {"table":"blocks","insert_id":247,"data_keys":["page_id","type","data","order","created_at","updated_at"]}
[2025-09-22 16:56:54] DEBUG: Record inserted {"table":"blocks","insert_id":248,"data_keys":["page_id","type","data","order","created_at","updated_at"]}
[2025-09-22 16:56:54] DEBUG: Record inserted {"table":"blocks","insert_id":249,"data_keys":["page_id","type","data","order","created_at","updated_at"]}
[2025-09-22 16:56:54] DEBUG: Database savepoint released {"level":2}
[2025-09-22 16:56:54] DEBUG: Database savepoint released {"level":1}
[2025-09-22 16:56:54] DEBUG: Database transaction committed
[2025-09-22 16:57:17] INFO: Database connection established {"driver":"mysql","host":"db","database":"block_cms","connection_time":"1.05ms"}
[2025-09-22 16:57:17] DEBUG: Database transaction started
[2025-09-22 16:57:17] DEBUG: Records updated {"table":"pages","affected_rows":1,"where_conditions":["id"]}
[2025-09-22 16:57:17] DEBUG: Records updated {"table":"page_metadata","affected_rows":1,"where_conditions":["id"]}
[2025-09-22 16:57:17] DEBUG: Records updated {"table":"page_seo","affected_rows":1,"where_conditions":["id"]}
[2025-09-22 16:57:17] DEBUG: Records updated {"table":"page_settings","affected_rows":1,"where_conditions":["id"]}
[2025-09-22 16:57:17] DEBUG: Records deleted {"table":"page_access_roles","affected_rows":1,"where_conditions":["page_id"]}
[2025-09-22 16:57:17] DEBUG: Record inserted {"table":"page_access_roles","insert_id":46,"data_keys":["page_id","role","created_at","updated_at"]}
[2025-09-22 16:57:17] DEBUG: Records updated {"table":"page_social","affected_rows":1,"where_conditions":["id"]}
[2025-09-22 16:57:17] DEBUG: Records deleted {"table":"page_categories","affected_rows":3,"where_conditions":["page_id"]}
[2025-09-22 16:57:17] DEBUG: Record inserted {"table":"categories","insert_id":268,"data_keys":["name","slug","is_active","created_at","updated_at"]}
[2025-09-22 16:57:17] DEBUG: Record inserted {"table":"page_categories","insert_id":267,"data_keys":["page_id","category_id","created_at","updated_at"]}
[2025-09-22 16:57:17] DEBUG: Record inserted {"table":"categories","insert_id":269,"data_keys":["name","slug","is_active","created_at","updated_at"]}
[2025-09-22 16:57:17] DEBUG: Record inserted {"table":"page_categories","insert_id":268,"data_keys":["page_id","category_id","created_at","updated_at"]}
[2025-09-22 16:57:17] DEBUG: Record inserted {"table":"categories","insert_id":270,"data_keys":["name","slug","is_active","created_at","updated_at"]}
[2025-09-22 16:57:17] DEBUG: Record inserted {"table":"page_categories","insert_id":269,"data_keys":["page_id","category_id","created_at","updated_at"]}
[2025-09-22 16:57:17] DEBUG: Records deleted {"table":"page_tags","affected_rows":3,"where_conditions":["page_id"]}
[2025-09-22 16:57:17] DEBUG: Records updated {"table":"tags","affected_rows":1,"where_conditions":["id"]}
[2025-09-22 16:57:17] DEBUG: Records updated {"table":"tags","affected_rows":1,"where_conditions":["id"]}
[2025-09-22 16:57:17] DEBUG: Records updated {"table":"tags","affected_rows":1,"where_conditions":["id"]}
[2025-09-22 16:57:17] DEBUG: Record inserted {"table":"tags","insert_id":213,"data_keys":["name","slug","usage_count","created_at","updated_at"]}
[2025-09-22 16:57:17] DEBUG: Record inserted {"table":"page_tags","insert_id":213,"data_keys":["page_id","tag_id","created_at","updated_at"]}
[2025-09-22 16:57:17] DEBUG: Record inserted {"table":"tags","insert_id":214,"data_keys":["name","slug","usage_count","created_at","updated_at"]}
[2025-09-22 16:57:17] DEBUG: Record inserted {"table":"page_tags","insert_id":214,"data_keys":["page_id","tag_id","created_at","updated_at"]}
[2025-09-22 16:57:17] DEBUG: Record inserted {"table":"tags","insert_id":215,"data_keys":["name","slug","usage_count","created_at","updated_at"]}
[2025-09-22 16:57:17] DEBUG: Record inserted {"table":"page_tags","insert_id":215,"data_keys":["page_id","tag_id","created_at","updated_at"]}
[2025-09-22 16:57:17] DEBUG: Database savepoint created {"level":1}
[2025-09-22 16:57:17] DEBUG: Records deleted {"table":"blocks","affected_rows":21,"where_conditions":["page_id"]}
[2025-09-22 16:57:17] DEBUG: Database savepoint created {"level":2}
[2025-09-22 16:57:17] ERROR: Invalid block data structure {"block_type":"image","page_id":2}
[2025-09-22 16:57:17] DEBUG: Record inserted {"table":"blocks","insert_id":250,"data_keys":["page_id","type","data","order","created_at","updated_at"]}
[2025-09-22 16:57:17] DEBUG: Record inserted {"table":"blocks","insert_id":251,"data_keys":["page_id","type","data","order","created_at","updated_at"]}
[2025-09-22 16:57:17] ERROR: Invalid block data structure {"block_type":"text","page_id":2}
[2025-09-22 16:57:17] DEBUG: Record inserted {"table":"blocks","insert_id":252,"data_keys":["page_id","type","data","order","created_at","updated_at"]}
[2025-09-22 16:57:17] DEBUG: Record inserted {"table":"blocks","insert_id":253,"data_keys":["page_id","type","data","order","created_at","updated_at"]}
[2025-09-22 16:57:17] ERROR: Invalid block data structure {"block_type":"image","page_id":2}
[2025-09-22 16:57:17] DEBUG: Record inserted {"table":"blocks","insert_id":254,"data_keys":["page_id","type","data","order","created_at","updated_at"]}
[2025-09-22 16:57:17] DEBUG: Record inserted {"table":"blocks","insert_id":255,"data_keys":["page_id","type","data","order","created_at","updated_at"]}
[2025-09-22 16:57:17] DEBUG: Record inserted {"table":"blocks","insert_id":256,"data_keys":["page_id","type","data","order","created_at","updated_at"]}
[2025-09-22 16:57:17] DEBUG: Record inserted {"table":"blocks","insert_id":257,"data_keys":["page_id","type","data","order","created_at","updated_at"]}
[2025-09-22 16:57:17] DEBUG: Record inserted {"table":"blocks","insert_id":258,"data_keys":["page_id","type","data","order","created_at","updated_at"]}
[2025-09-22 16:57:17] DEBUG: Record inserted {"table":"blocks","insert_id":259,"data_keys":["page_id","type","data","order","created_at","updated_at"]}
[2025-09-22 16:57:17] DEBUG: Record inserted {"table":"blocks","insert_id":260,"data_keys":["page_id","type","data","order","created_at","updated_at"]}
[2025-09-22 16:57:17] DEBUG: Record inserted {"table":"blocks","insert_id":261,"data_keys":["page_id","type","data","order","created_at","updated_at"]}
[2025-09-22 16:57:17] DEBUG: Record inserted {"table":"blocks","insert_id":262,"data_keys":["page_id","type","data","order","created_at","updated_at"]}
[2025-09-22 16:57:17] DEBUG: Record inserted {"table":"blocks","insert_id":263,"data_keys":["page_id","type","data","order","created_at","updated_at"]}
[2025-09-22 16:57:17] DEBUG: Record inserted {"table":"blocks","insert_id":264,"data_keys":["page_id","type","data","order","created_at","updated_at"]}
[2025-09-22 16:57:17] DEBUG: Record inserted {"table":"blocks","insert_id":265,"data_keys":["page_id","type","data","order","created_at","updated_at"]}
[2025-09-22 16:57:17] DEBUG: Record inserted {"table":"blocks","insert_id":266,"data_keys":["page_id","type","data","order","created_at","updated_at"]}
[2025-09-22 16:57:17] DEBUG: Record inserted {"table":"blocks","insert_id":267,"data_keys":["page_id","type","data","order","created_at","updated_at"]}
[2025-09-22 16:57:17] DEBUG: Record inserted {"table":"blocks","insert_id":268,"data_keys":["page_id","type","data","order","created_at","updated_at"]}
[2025-09-22 16:57:17] DEBUG: Record inserted {"table":"blocks","insert_id":269,"data_keys":["page_id","type","data","order","created_at","updated_at"]}
[2025-09-22 16:57:17] DEBUG: Record inserted {"table":"blocks","insert_id":270,"data_keys":["page_id","type","data","order","created_at","updated_at"]}
[2025-09-22 16:57:17] DEBUG: Database savepoint released {"level":2}
[2025-09-22 16:57:17] DEBUG: Database savepoint released {"level":1}
[2025-09-22 16:57:17] DEBUG: Database transaction committed
[2025-09-22 16:57:59] INFO: Database connection established {"driver":"mysql","host":"db","database":"block_cms","connection_time":"0.95ms"}
[2025-09-22 16:57:59] DEBUG: Database transaction started
[2025-09-22 16:57:59] DEBUG: Records updated {"table":"pages","affected_rows":1,"where_conditions":["id"]}
[2025-09-22 16:57:59] DEBUG: Records updated {"table":"page_metadata","affected_rows":1,"where_conditions":["id"]}
[2025-09-22 16:57:59] DEBUG: Records updated {"table":"page_seo","affected_rows":1,"where_conditions":["id"]}
[2025-09-22 16:57:59] DEBUG: Records updated {"table":"page_settings","affected_rows":1,"where_conditions":["id"]}
[2025-09-22 16:57:59] DEBUG: Records deleted {"table":"page_access_roles","affected_rows":1,"where_conditions":["page_id"]}
[2025-09-22 16:57:59] DEBUG: Record inserted {"table":"page_access_roles","insert_id":47,"data_keys":["page_id","role","created_at","updated_at"]}
[2025-09-22 16:57:59] DEBUG: Records updated {"table":"page_social","affected_rows":1,"where_conditions":["id"]}
[2025-09-22 16:57:59] DEBUG: Records deleted {"table":"page_categories","affected_rows":3,"where_conditions":["page_id"]}
[2025-09-22 16:57:59] DEBUG: Record inserted {"table":"categories","insert_id":271,"data_keys":["name","slug","is_active","created_at","updated_at"]}
[2025-09-22 16:57:59] DEBUG: Record inserted {"table":"page_categories","insert_id":270,"data_keys":["page_id","category_id","created_at","updated_at"]}
[2025-09-22 16:57:59] DEBUG: Record inserted {"table":"categories","insert_id":272,"data_keys":["name","slug","is_active","created_at","updated_at"]}
[2025-09-22 16:57:59] DEBUG: Record inserted {"table":"page_categories","insert_id":271,"data_keys":["page_id","category_id","created_at","updated_at"]}
[2025-09-22 16:57:59] DEBUG: Record inserted {"table":"categories","insert_id":273,"data_keys":["name","slug","is_active","created_at","updated_at"]}
[2025-09-22 16:57:59] DEBUG: Record inserted {"table":"page_categories","insert_id":272,"data_keys":["page_id","category_id","created_at","updated_at"]}
[2025-09-22 16:57:59] DEBUG: Records deleted {"table":"page_tags","affected_rows":3,"where_conditions":["page_id"]}
[2025-09-22 16:57:59] DEBUG: Records updated {"table":"tags","affected_rows":1,"where_conditions":["id"]}
[2025-09-22 16:57:59] DEBUG: Records updated {"table":"tags","affected_rows":1,"where_conditions":["id"]}
[2025-09-22 16:57:59] DEBUG: Records updated {"table":"tags","affected_rows":1,"where_conditions":["id"]}
[2025-09-22 16:57:59] DEBUG: Record inserted {"table":"tags","insert_id":216,"data_keys":["name","slug","usage_count","created_at","updated_at"]}
[2025-09-22 16:57:59] DEBUG: Record inserted {"table":"page_tags","insert_id":216,"data_keys":["page_id","tag_id","created_at","updated_at"]}
[2025-09-22 16:57:59] DEBUG: Record inserted {"table":"tags","insert_id":217,"data_keys":["name","slug","usage_count","created_at","updated_at"]}
[2025-09-22 16:57:59] DEBUG: Record inserted {"table":"page_tags","insert_id":217,"data_keys":["page_id","tag_id","created_at","updated_at"]}
[2025-09-22 16:57:59] DEBUG: Record inserted {"table":"tags","insert_id":218,"data_keys":["name","slug","usage_count","created_at","updated_at"]}
[2025-09-22 16:57:59] DEBUG: Record inserted {"table":"page_tags","insert_id":218,"data_keys":["page_id","tag_id","created_at","updated_at"]}
[2025-09-22 16:57:59] DEBUG: Database savepoint created {"level":1}
[2025-09-22 16:57:59] DEBUG: Records deleted {"table":"blocks","affected_rows":21,"where_conditions":["page_id"]}
[2025-09-22 16:57:59] DEBUG: Database savepoint created {"level":2}
[2025-09-22 16:57:59] ERROR: Invalid block data structure {"block_type":"image","page_id":2}
[2025-09-22 16:57:59] DEBUG: Record inserted {"table":"blocks","insert_id":271,"data_keys":["page_id","type","data","order","created_at","updated_at"]}
[2025-09-22 16:57:59] DEBUG: Record inserted {"table":"blocks","insert_id":272,"data_keys":["page_id","type","data","order","created_at","updated_at"]}
[2025-09-22 16:57:59] ERROR: Invalid block data structure {"block_type":"text","page_id":2}
[2025-09-22 16:57:59] DEBUG: Record inserted {"table":"blocks","insert_id":273,"data_keys":["page_id","type","data","order","created_at","updated_at"]}
[2025-09-22 16:57:59] DEBUG: Record inserted {"table":"blocks","insert_id":274,"data_keys":["page_id","type","data","order","created_at","updated_at"]}
[2025-09-22 16:57:59] ERROR: Invalid block data structure {"block_type":"image","page_id":2}
[2025-09-22 16:57:59] DEBUG: Record inserted {"table":"blocks","insert_id":275,"data_keys":["page_id","type","data","order","created_at","updated_at"]}
[2025-09-22 16:58:07] INFO: Database connection established {"driver":"mysql","host":"db","database":"block_cms","connection_time":"1.65ms"}
[2025-09-22 16:58:07] DEBUG: Database transaction started
[2025-09-22 16:58:07] DEBUG: Records updated {"table":"pages","affected_rows":1,"where_conditions":["id"]}
[2025-09-22 16:58:07] DEBUG: Records updated {"table":"page_metadata","affected_rows":1,"where_conditions":["id"]}
[2025-09-22 16:58:07] DEBUG: Records updated {"table":"page_seo","affected_rows":1,"where_conditions":["id"]}
[2025-09-22 16:58:07] DEBUG: Records updated {"table":"page_settings","affected_rows":1,"where_conditions":["id"]}
[2025-09-22 16:58:07] DEBUG: Records deleted {"table":"page_access_roles","affected_rows":1,"where_conditions":["page_id"]}
[2025-09-22 16:58:07] DEBUG: Record inserted {"table":"page_access_roles","insert_id":48,"data_keys":["page_id","role","created_at","updated_at"]}
[2025-09-22 16:58:07] DEBUG: Records updated {"table":"page_social","affected_rows":1,"where_conditions":["id"]}
[2025-09-22 16:58:07] DEBUG: Records deleted {"table":"page_categories","affected_rows":3,"where_conditions":["page_id"]}
[2025-09-22 16:58:07] DEBUG: Record inserted {"table":"categories","insert_id":274,"data_keys":["name","slug","is_active","created_at","updated_at"]}
[2025-09-22 16:58:07] DEBUG: Record inserted {"table":"page_categories","insert_id":273,"data_keys":["page_id","category_id","created_at","updated_at"]}
[2025-09-22 16:58:07] DEBUG: Record inserted {"table":"categories","insert_id":275,"data_keys":["name","slug","is_active","created_at","updated_at"]}
[2025-09-22 16:58:07] DEBUG: Record inserted {"table":"page_categories","insert_id":274,"data_keys":["page_id","category_id","created_at","updated_at"]}
[2025-09-22 16:58:07] DEBUG: Record inserted {"table":"categories","insert_id":276,"data_keys":["name","slug","is_active","created_at","updated_at"]}
[2025-09-22 16:58:07] DEBUG: Record inserted {"table":"page_categories","insert_id":275,"data_keys":["page_id","category_id","created_at","updated_at"]}
[2025-09-22 16:58:07] DEBUG: Records deleted {"table":"page_tags","affected_rows":3,"where_conditions":["page_id"]}
[2025-09-22 16:58:07] DEBUG: Records updated {"table":"tags","affected_rows":1,"where_conditions":["id"]}
[2025-09-22 16:58:07] DEBUG: Records updated {"table":"tags","affected_rows":1,"where_conditions":["id"]}
[2025-09-22 16:58:07] DEBUG: Records updated {"table":"tags","affected_rows":1,"where_conditions":["id"]}
[2025-09-22 16:58:07] DEBUG: Record inserted {"table":"tags","insert_id":219,"data_keys":["name","slug","usage_count","created_at","updated_at"]}
[2025-09-22 16:58:07] DEBUG: Record inserted {"table":"page_tags","insert_id":219,"data_keys":["page_id","tag_id","created_at","updated_at"]}
[2025-09-22 16:58:07] DEBUG: Record inserted {"table":"tags","insert_id":220,"data_keys":["name","slug","usage_count","created_at","updated_at"]}
[2025-09-22 16:58:07] DEBUG: Record inserted {"table":"page_tags","insert_id":220,"data_keys":["page_id","tag_id","created_at","updated_at"]}
[2025-09-22 16:58:07] DEBUG: Record inserted {"table":"tags","insert_id":221,"data_keys":["name","slug","usage_count","created_at","updated_at"]}
[2025-09-22 16:58:07] DEBUG: Record inserted {"table":"page_tags","insert_id":221,"data_keys":["page_id","tag_id","created_at","updated_at"]}
[2025-09-22 16:58:07] DEBUG: Database savepoint created {"level":1}
[2025-09-22 16:58:07] DEBUG: Records deleted {"table":"blocks","affected_rows":21,"where_conditions":["page_id"]}
[2025-09-22 16:58:07] DEBUG: Database savepoint created {"level":2}
[2025-09-22 16:58:07] ERROR: Invalid block data structure {"block_type":"image","page_id":2}
[2025-09-22 16:58:07] DEBUG: Record inserted {"table":"blocks","insert_id":276,"data_keys":["page_id","type","data","order","created_at","updated_at"]}
[2025-09-22 16:58:07] DEBUG: Record inserted {"table":"blocks","insert_id":277,"data_keys":["page_id","type","data","order","created_at","updated_at"]}
[2025-09-22 16:58:07] ERROR: Invalid block data structure {"block_type":"text","page_id":2}
[2025-09-22 16:58:07] DEBUG: Record inserted {"table":"blocks","insert_id":278,"data_keys":["page_id","type","data","order","created_at","updated_at"]}
[2025-09-22 16:58:07] DEBUG: Record inserted {"table":"blocks","insert_id":279,"data_keys":["page_id","type","data","order","created_at","updated_at"]}
[2025-09-22 16:58:07] ERROR: Invalid block data structure {"block_type":"image","page_id":2}
[2025-09-22 16:58:07] DEBUG: Record inserted {"table":"blocks","insert_id":280,"data_keys":["page_id","type","data","order","created_at","updated_at"]}
[2025-09-22 16:58:16] INFO: Database connection established {"driver":"mysql","host":"db","database":"block_cms","connection_time":"1.62ms"}
[2025-09-22 16:58:16] DEBUG: Database transaction started
[2025-09-22 16:58:16] DEBUG: Records updated {"table":"pages","affected_rows":1,"where_conditions":["id"]}
[2025-09-22 16:58:16] DEBUG: Records updated {"table":"page_metadata","affected_rows":1,"where_conditions":["id"]}
[2025-09-22 16:58:16] DEBUG: Records updated {"table":"page_seo","affected_rows":1,"where_conditions":["id"]}
[2025-09-22 16:58:16] DEBUG: Records updated {"table":"page_settings","affected_rows":1,"where_conditions":["id"]}
[2025-09-22 16:58:16] DEBUG: Records deleted {"table":"page_access_roles","affected_rows":1,"where_conditions":["page_id"]}
[2025-09-22 16:58:16] DEBUG: Record inserted {"table":"page_access_roles","insert_id":49,"data_keys":["page_id","role","created_at","updated_at"]}
[2025-09-22 16:58:16] DEBUG: Records updated {"table":"page_social","affected_rows":1,"where_conditions":["id"]}
[2025-09-22 16:58:16] DEBUG: Records deleted {"table":"page_categories","affected_rows":3,"where_conditions":["page_id"]}
[2025-09-22 16:58:16] DEBUG: Record inserted {"table":"categories","insert_id":277,"data_keys":["name","slug","is_active","created_at","updated_at"]}
[2025-09-22 16:58:16] DEBUG: Record inserted {"table":"page_categories","insert_id":276,"data_keys":["page_id","category_id","created_at","updated_at"]}
[2025-09-22 16:58:16] DEBUG: Record inserted {"table":"categories","insert_id":278,"data_keys":["name","slug","is_active","created_at","updated_at"]}
[2025-09-22 16:58:16] DEBUG: Record inserted {"table":"page_categories","insert_id":277,"data_keys":["page_id","category_id","created_at","updated_at"]}
[2025-09-22 16:58:16] DEBUG: Record inserted {"table":"categories","insert_id":279,"data_keys":["name","slug","is_active","created_at","updated_at"]}
[2025-09-22 16:58:16] DEBUG: Record inserted {"table":"page_categories","insert_id":278,"data_keys":["page_id","category_id","created_at","updated_at"]}
[2025-09-22 16:58:16] DEBUG: Records deleted {"table":"page_tags","affected_rows":3,"where_conditions":["page_id"]}
[2025-09-22 16:58:16] DEBUG: Records updated {"table":"tags","affected_rows":1,"where_conditions":["id"]}
[2025-09-22 16:58:16] DEBUG: Records updated {"table":"tags","affected_rows":1,"where_conditions":["id"]}
[2025-09-22 16:58:16] DEBUG: Records updated {"table":"tags","affected_rows":1,"where_conditions":["id"]}
[2025-09-22 16:58:16] DEBUG: Record inserted {"table":"tags","insert_id":222,"data_keys":["name","slug","usage_count","created_at","updated_at"]}
[2025-09-22 16:58:16] DEBUG: Record inserted {"table":"page_tags","insert_id":222,"data_keys":["page_id","tag_id","created_at","updated_at"]}
[2025-09-22 16:58:16] DEBUG: Record inserted {"table":"tags","insert_id":223,"data_keys":["name","slug","usage_count","created_at","updated_at"]}
[2025-09-22 16:58:16] DEBUG: Record inserted {"table":"page_tags","insert_id":223,"data_keys":["page_id","tag_id","created_at","updated_at"]}
[2025-09-22 16:58:16] DEBUG: Record inserted {"table":"tags","insert_id":224,"data_keys":["name","slug","usage_count","created_at","updated_at"]}
[2025-09-22 16:58:16] DEBUG: Record inserted {"table":"page_tags","insert_id":224,"data_keys":["page_id","tag_id","created_at","updated_at"]}
[2025-09-22 16:58:16] DEBUG: Database savepoint created {"level":1}
[2025-09-22 16:58:16] DEBUG: Records deleted {"table":"blocks","affected_rows":21,"where_conditions":["page_id"]}
[2025-09-22 16:58:16] DEBUG: Database savepoint created {"level":2}
[2025-09-22 16:58:16] ERROR: Invalid block data structure {"block_type":"image","page_id":2}
[2025-09-22 16:58:16] DEBUG: Record inserted {"table":"blocks","insert_id":281,"data_keys":["page_id","type","data","order","created_at","updated_at"]}
[2025-09-22 16:58:16] DEBUG: Record inserted {"table":"blocks","insert_id":282,"data_keys":["page_id","type","data","order","created_at","updated_at"]}
[2025-09-22 16:58:16] ERROR: Invalid block data structure {"block_type":"text","page_id":2}
[2025-09-22 16:58:16] DEBUG: Record inserted {"table":"blocks","insert_id":283,"data_keys":["page_id","type","data","order","created_at","updated_at"]}
[2025-09-22 16:58:16] DEBUG: Record inserted {"table":"blocks","insert_id":284,"data_keys":["page_id","type","data","order","created_at","updated_at"]}
[2025-09-22 16:58:16] ERROR: Invalid block data structure {"block_type":"image","page_id":2}
[2025-09-22 16:58:16] DEBUG: Record inserted {"table":"blocks","insert_id":285,"data_keys":["page_id","type","data","order","created_at","updated_at"]}
[2025-09-22 16:59:43] INFO: Database connection established {"driver":"mysql","host":"db","database":"block_cms","connection_time":"2.58ms"}
[2025-09-22 16:59:43] DEBUG: Database transaction started
[2025-09-22 16:59:43] DEBUG: Records updated {"table":"pages","affected_rows":1,"where_conditions":["id"]}
[2025-09-22 16:59:43] DEBUG: Records updated {"table":"page_metadata","affected_rows":1,"where_conditions":["id"]}
[2025-09-22 16:59:43] DEBUG: Records updated {"table":"page_seo","affected_rows":1,"where_conditions":["id"]}
[2025-09-22 16:59:43] DEBUG: Records updated {"table":"page_settings","affected_rows":1,"where_conditions":["id"]}
[2025-09-22 16:59:43] DEBUG: Records deleted {"table":"page_access_roles","affected_rows":1,"where_conditions":["page_id"]}
[2025-09-22 16:59:43] DEBUG: Record inserted {"table":"page_access_roles","insert_id":50,"data_keys":["page_id","role","created_at","updated_at"]}
[2025-09-22 16:59:43] DEBUG: Records updated {"table":"page_social","affected_rows":1,"where_conditions":["id"]}
[2025-09-22 16:59:43] DEBUG: Records deleted {"table":"page_categories","affected_rows":3,"where_conditions":["page_id"]}
[2025-09-22 16:59:43] DEBUG: Record inserted {"table":"categories","insert_id":280,"data_keys":["name","slug","is_active","created_at","updated_at"]}
[2025-09-22 16:59:43] DEBUG: Record inserted {"table":"page_categories","insert_id":279,"data_keys":["page_id","category_id","created_at","updated_at"]}
[2025-09-22 16:59:43] DEBUG: Record inserted {"table":"categories","insert_id":281,"data_keys":["name","slug","is_active","created_at","updated_at"]}
[2025-09-22 16:59:43] DEBUG: Record inserted {"table":"page_categories","insert_id":280,"data_keys":["page_id","category_id","created_at","updated_at"]}
[2025-09-22 16:59:43] DEBUG: Record inserted {"table":"categories","insert_id":282,"data_keys":["name","slug","is_active","created_at","updated_at"]}
[2025-09-22 16:59:43] DEBUG: Record inserted {"table":"page_categories","insert_id":281,"data_keys":["page_id","category_id","created_at","updated_at"]}
[2025-09-22 16:59:43] DEBUG: Records deleted {"table":"page_tags","affected_rows":3,"where_conditions":["page_id"]}
[2025-09-22 16:59:43] DEBUG: Records updated {"table":"tags","affected_rows":1,"where_conditions":["id"]}
[2025-09-22 16:59:43] DEBUG: Records updated {"table":"tags","affected_rows":1,"where_conditions":["id"]}
[2025-09-22 16:59:43] DEBUG: Records updated {"table":"tags","affected_rows":1,"where_conditions":["id"]}
[2025-09-22 16:59:43] DEBUG: Record inserted {"table":"tags","insert_id":225,"data_keys":["name","slug","usage_count","created_at","updated_at"]}
[2025-09-22 16:59:43] DEBUG: Record inserted {"table":"page_tags","insert_id":225,"data_keys":["page_id","tag_id","created_at","updated_at"]}
[2025-09-22 16:59:43] DEBUG: Record inserted {"table":"tags","insert_id":226,"data_keys":["name","slug","usage_count","created_at","updated_at"]}
[2025-09-22 16:59:43] DEBUG: Record inserted {"table":"page_tags","insert_id":226,"data_keys":["page_id","tag_id","created_at","updated_at"]}
[2025-09-22 16:59:43] DEBUG: Record inserted {"table":"tags","insert_id":227,"data_keys":["name","slug","usage_count","created_at","updated_at"]}
[2025-09-22 16:59:43] DEBUG: Record inserted {"table":"page_tags","insert_id":227,"data_keys":["page_id","tag_id","created_at","updated_at"]}
[2025-09-22 16:59:43] DEBUG: Database savepoint created {"level":1}
[2025-09-22 16:59:43] DEBUG: Records deleted {"table":"blocks","affected_rows":21,"where_conditions":["page_id"]}
[2025-09-22 16:59:43] DEBUG: Database savepoint created {"level":2}
[2025-09-22 16:59:43] ERROR: Invalid block data structure {"block_type":"image","page_id":2}
[2025-09-22 16:59:43] DEBUG: Record inserted {"table":"blocks","insert_id":286,"data_keys":["page_id","type","data","order","created_at","updated_at"]}
[2025-09-22 16:59:43] DEBUG: Record inserted {"table":"blocks","insert_id":287,"data_keys":["page_id","type","data","order","created_at","updated_at"]}
[2025-09-22 16:59:43] ERROR: Invalid block data structure {"block_type":"text","page_id":2}
[2025-09-22 16:59:43] DEBUG: Record inserted {"table":"blocks","insert_id":288,"data_keys":["page_id","type","data","order","created_at","updated_at"]}
[2025-09-22 16:59:43] DEBUG: Record inserted {"table":"blocks","insert_id":289,"data_keys":["page_id","type","data","order","created_at","updated_at"]}
[2025-09-22 16:59:43] ERROR: Invalid block data structure {"block_type":"image","page_id":2}
[2025-09-22 16:59:43] DEBUG: Record inserted {"table":"blocks","insert_id":290,"data_keys":["page_id","type","data","order","created_at","updated_at"]}
[2025-09-22 16:59:43] DEBUG: Record inserted {"table":"blocks","insert_id":291,"data_keys":["page_id","type","data","order","created_at","updated_at"]}
[2025-09-22 16:59:43] DEBUG: Record inserted {"table":"blocks","insert_id":292,"data_keys":["page_id","type","data","order","created_at","updated_at"]}
[2025-09-22 16:59:43] DEBUG: Record inserted {"table":"blocks","insert_id":293,"data_keys":["page_id","type","data","order","created_at","updated_at"]}
[2025-09-22 16:59:43] DEBUG: Record inserted {"table":"blocks","insert_id":294,"data_keys":["page_id","type","data","order","created_at","updated_at"]}
[2025-09-22 16:59:43] DEBUG: Record inserted {"table":"blocks","insert_id":295,"data_keys":["page_id","type","data","order","created_at","updated_at"]}
[2025-09-22 16:59:43] DEBUG: Record inserted {"table":"blocks","insert_id":296,"data_keys":["page_id","type","data","order","created_at","updated_at"]}
[2025-09-22 16:59:43] DEBUG: Record inserted {"table":"blocks","insert_id":297,"data_keys":["page_id","type","data","order","created_at","updated_at"]}
[2025-09-22 16:59:43] DEBUG: Record inserted {"table":"blocks","insert_id":298,"data_keys":["page_id","type","data","order","created_at","updated_at"]}
[2025-09-22 16:59:43] DEBUG: Record inserted {"table":"blocks","insert_id":299,"data_keys":["page_id","type","data","order","created_at","updated_at"]}
[2025-09-22 16:59:43] DEBUG: Record inserted {"table":"blocks","insert_id":300,"data_keys":["page_id","type","data","order","created_at","updated_at"]}
[2025-09-22 16:59:43] DEBUG: Record inserted {"table":"blocks","insert_id":301,"data_keys":["page_id","type","data","order","created_at","updated_at"]}
[2025-09-22 16:59:43] DEBUG: Record inserted {"table":"blocks","insert_id":302,"data_keys":["page_id","type","data","order","created_at","updated_at"]}
[2025-09-22 16:59:43] DEBUG: Record inserted {"table":"blocks","insert_id":303,"data_keys":["page_id","type","data","order","created_at","updated_at"]}
[2025-09-22 16:59:43] DEBUG: Record inserted {"table":"blocks","insert_id":304,"data_keys":["page_id","type","data","order","created_at","updated_at"]}
[2025-09-22 16:59:43] DEBUG: Record inserted {"table":"blocks","insert_id":305,"data_keys":["page_id","type","data","order","created_at","updated_at"]}
[2025-09-22 16:59:43] DEBUG: Record inserted {"table":"blocks","insert_id":306,"data_keys":["page_id","type","data","order","created_at","updated_at"]}
[2025-09-22 16:59:43] DEBUG: Database savepoint released {"level":2}
[2025-09-22 16:59:43] DEBUG: Database savepoint released {"level":1}
[2025-09-22 16:59:43] DEBUG: Database transaction committed
